hub_return_id,return_code,order_id,order_item_id,shipment_id,hub_id,customer_user_id,vendor_user_id,status,quantity,reason,qc_notes,credit_note_id,debit_note_id,exchange_requested,metadata,received_at,qc_decided_at,rtv_status,created_on,updated_on,exchange_mode,evidence_urls,cost_bearer,cost_split,return_request_id,disposition,disposition_at,disposition_by,disposition_reason
1,RET-2026-000001,1,1,2,1,6,7,RTV_LOCKED,1,Defective Product - One of tube is defective,,,,0,"{""receivedBy"": 0, ""vendorAckAt"": ""2026-08-04T09:37:07.519Z"", ""vendorAckBy"": ""VENDOR"", ""initiatedVia"": ""RETURN_REQUEST_SYNC"", ""returnNumber"": ""RR-2026-00001"", ""sourceScenario"": ""RETURN"", ""vendorAckNotes"": null, ""returnRequestId"": 1, ""vendorAckUserId"": 7}",2026-08-04 09:29:50,2026-08-04 09:31:45,RECEIVED_BY_VENDOR,2026-08-04 07:35:23.386566,2026-08-04 09:37:07,HUB_STOCK,"[""/uploads/returns/1785828778441-84349442.png""]",,,1.0,,,,
2,RET-2026-000002,3,3,7,1,6,7,EXPECTING_INBOUND,1,Product Not Matching Description - Given product is not matching.,,,,1,"{""initiatedVia"": ""RETURN_REQUEST_SYNC"", ""returnNumber"": ""EX-2026-00003"", ""sourceScenario"": ""EXCHANGE"", ""returnRequestId"": 3}",,,RTV_INITIATED,2026-08-04 08:31:02.655884,2026-08-04 08:31:02.655884,VENDOR_REPLACEMENT,"[""/uploads/returns/1785831957776-346878492.png""]",,,3.0,,,,
3,RET-2026-000003,4,4,10,1,6,7,EXPECTING_INBOUND,1,Product Not Matching Description - Given product is not matching.,,,,1,"{""initiatedVia"": ""RETURN_REQUEST_SYNC"", ""returnNumber"": ""EX-2026-00004"", ""sourceScenario"": ""EXCHANGE"", ""returnRequestId"": 4}",,,RTV_INITIATED,2026-08-04 08:42:24.649545,2026-08-04 08:42:24.649545,VENDOR_REPLACEMENT,"[""/uploads/returns/1785832896565-27045581.png""]",,,4.0,,,,
4,RET-2026-000004,2,2,5,1,6,7,RTV_LOCKED,1,Defective Product - One of tube is defective.,,,,0,"{""receivedBy"": 0, ""initiatedVia"": ""RETURN_REQUEST_SYNC"", ""returnNumber"": ""RR-2026-00002"", ""sourceScenario"": ""RETURN"", ""returnRequestId"": 2}",2026-08-04 09:04:01,2026-08-04 09:05:03,DISPATCHED,2026-08-04 08:58:20.123019,2026-08-04 09:05:22,HUB_STOCK,"[""/uploads/returns/1785830253790-383787171.png""]",,,2.0,,,,
5,RET-2026-000005,6,6,16,1,6,7,RTV_LOCKED,1,Defective Product - Given product is defective,,,,0,"{""receivedBy"": 0, ""vendorAckAt"": ""2026-08-04T09:45:34.578Z"", ""vendorAckBy"": ""VENDOR"", ""initiatedVia"": ""RETURN_REQUEST_SYNC"", ""returnNumber"": ""RR-2026-00005"", ""sourceScenario"": ""RETURN"", ""vendorAckNotes"": null, ""returnRequestId"": 5, ""vendorAckUserId"": 7}",2026-08-04 09:43:01,2026-08-04 09:43:18,RECEIVED_BY_VENDOR,2026-08-04 09:42:00.134631,2026-08-04 09:45:34,HUB_STOCK,"[""/uploads/returns/1785836497691-41313799.png""]",,,5.0,,,,
6,RET-2026-000006,7,7,19,1,6,7,RTV_LOCKED,3,Defective Product - Given product is defective,,,,0,"{""receivedBy"": 0, ""initiatedVia"": ""RETURN_REQUEST_SYNC"", ""returnNumber"": ""RR-2026-00006"", ""sourceScenario"": ""RETURN"", ""returnRequestId"": 6}",2026-08-04 10:14:05,2026-08-04 10:14:34,RTV_INITIATED,2026-08-04 10:13:24.011903,2026-08-04 10:14:34,HUB_STOCK,"[""/uploads/returns/1785838380678-248031777.png""]",,,6.0,,,,
7,RET-2026-000007,8,8,22,1,6,7,RTV_LOCKED,1,Defective Product - Given product is defective.,,,,0,"{""receivedBy"": 0, ""initiatedVia"": ""RETURN_REQUEST_SYNC"", ""returnNumber"": ""RR-2026-00007"", ""sourceScenario"": ""RETURN"", ""returnRequestId"": 7}",2026-08-04 10:30:03,2026-08-04 10:34:04,RTV_INITIATED,2026-08-04 10:29:29.369629,2026-08-04 10:34:04,HUB_STOCK,"[""/uploads/returns/1785839349898-337248007.png""]",,,7.0,,,,
8,RET-2026-000008,9,9,25,1,4,3,RTV_LOCKED,1,Size/Fit Issue - Not required,,,,0,"{""receivedBy"": 0, ""initiatedVia"": ""RETURN_REQUEST_SYNC"", ""returnNumber"": ""RR-2026-00008"", ""sourceScenario"": ""RETURN"", ""returnRequestId"": 8}",2026-08-04 10:55:53,2026-08-04 10:56:30,RTV_INITIATED,2026-08-04 10:55:00.188078,2026-08-04 10:56:29,HUB_STOCK,"[""/uploads/returns/1785840872937-156492460.jpg""]",,,8.0,,,,
9,RET-2026-000009,11,11,28,1,6,7,RTV_LOCKED,1,Defective Product - Given product is defective.,,,,0,"{""receivedBy"": 0, ""initiatedVia"": ""RETURN_REQUEST_SYNC"", ""returnNumber"": ""RR-2026-00009"", ""sourceScenario"": ""RETURN"", ""returnRequestId"": 9}",2026-08-04 11:27:29,2026-08-04 11:27:55,DISPATCHED,2026-08-04 11:27:01.789597,2026-08-04 11:29:02,HUB_STOCK,"[""/uploads/returns/1785842804923-924813232.png""]",,,9.0,,,,
10,RET-2026-000010,12,12,31,1,6,7,RTV_LOCKED,1,Defective Product - Given product is defective,,,,0,"{""receivedBy"": 0, ""initiatedVia"": ""RETURN_REQUEST_SYNC"", ""returnNumber"": ""RR-2026-00010"", ""sourceScenario"": ""RETURN"", ""returnRequestId"": 10}",2026-08-04 11:58:58,2026-08-04 11:59:26,RTV_INITIATED,2026-08-04 11:55:44.450226,2026-08-04 11:59:26,HUB_STOCK,"[""/uploads/returns/1785844356417-440264527.png""]",,,10.0,,,,
11,RET-2026-000011,13,13,34,1,6,7,EXPECTING_INBOUND,1,Product Not Matching Description - Given product is not matching,,,,1,"{""initiatedVia"": ""RETURN_REQUEST_SYNC"", ""returnNumber"": ""EX-2026-00011"", ""sourceScenario"": ""EXCHANGE"", ""returnRequestId"": 11}",,,RTV_INITIATED,2026-08-04 12:21:59.070384,2026-08-04 12:21:59.070384,VENDOR_REPLACEMENT,"[""/uploads/returns/1785846095126-756441097.png""]",,,11.0,,,,
12,RET-2026-000012,15,15,39,1,6,3,RTV_LOCKED,1,Wrong Product Received - wedqwf weqw rew rew rew rew r,,,,0,"{""receivedBy"": 0, ""initiatedVia"": ""RETURN_REQUEST_SYNC"", ""returnNumber"": ""RR-2026-00012"", ""sourceScenario"": ""RETURN"", ""returnRequestId"": 12}",2026-08-05 09:10:31,2026-08-05 09:11:00,RTV_INITIATED,2026-08-05 09:10:08.919739,2026-08-05 09:11:00,HUB_STOCK,"[""/uploads/returns/1785920989783-999845310.png""]",,,12.0,,,,
13,RET-2026-000013,22,22,52,1,6,7,RTV_LOCKED,1,Defective Product - Given product is defective.,,,,0,"{""receivedBy"": 0, ""vendorAckAt"": ""2026-08-06T16:40:07.101Z"", ""vendorAckBy"": ""VENDOR"", ""initiatedVia"": ""RETURN_REQUEST_SYNC"", ""returnNumber"": ""RR-2026-00013"", ""sourceScenario"": ""RETURN"", ""vendorAckNotes"": null, ""returnRequestId"": 13, ""vendorAckUserId"": 7}",2026-08-06 16:34:17,2026-08-06 16:35:21,RECEIVED_BY_VENDOR,2026-08-06 16:29:19.210895,2026-08-06 16:40:07,HUB_STOCK,"[""/uploads/returns/1786033721618-601784709.png""]",,,13.0,,,,
14,RET-2026-000014,17,17,44,1,6,7,EXPECTING_INBOUND,1,Wrong Item Received - qjwekqjjwe iwjeihjejherjwq,,,,1,"{""initiatedVia"": ""RETURN_REQUEST_SYNC"", ""returnNumber"": ""EX-2026-00014"", ""sourceScenario"": ""EXCHANGE"", ""returnRequestId"": 14}",,,RTV_INITIATED,2026-08-07 04:33:49.053552,2026-08-07 04:33:49.053552,VENDOR_REPLACEMENT,"[""/uploads/returns/1786077201826-347580288.jpeg""]",,,14.0,,,,
15,RET-2026-000015,16,16,42,1,6,7,EXPECTING_INBOUND,1,Defective Product - mnmxkj kjhskq,,,,1,"{""initiatedVia"": ""RETURN_REQUEST_SYNC"", ""returnNumber"": ""EX-2026-00015"", ""sourceScenario"": ""EXCHANGE"", ""returnRequestId"": 15}",,,RTV_INITIATED,2026-08-07 04:36:01.412981,2026-08-07 04:36:01.412981,VENDOR_REPLACEMENT,"[""/uploads/returns/1786077348475-783040981.jpeg""]",,,15.0,,,,
16,RET-2026-000016,27,27,60,1,6,3,EXPECTING_INBOUND,1,Wrong Color - jhwssj udyhqdg udgidg,,,,1,"{""initiatedVia"": ""RETURN_REQUEST_SYNC"", ""returnNumber"": ""EX-2026-00016"", ""sourceScenario"": ""EXCHANGE"", ""returnRequestId"": 16}",,,RTV_INITIATED,2026-08-07 04:54:34.302016,2026-08-07 04:54:34.302016,VENDOR_REPLACEMENT,"[""/uploads/returns/1786078459932-139520344.jpeg""]",,,16.0,,,,
17,RET-2026-000017,30,30,65,1,6,7,RTV_LOCKED,1,Defective Product - Given product is defective.,,,,0,"{""receivedBy"": 0, ""vendorAckAt"": ""2026-08-07T05:41:51.533Z"", ""vendorAckBy"": ""VENDOR"", ""initiatedVia"": ""RETURN_REQUEST_SYNC"", ""returnNumber"": ""RR-2026-00017"", ""sourceScenario"": ""RETURN"", ""vendorAckNotes"": null, ""returnRequestId"": 17, ""vendorAckUserId"": 7}",2026-08-07 05:38:02,2026-08-07 05:40:20,RECEIVED_BY_VENDOR,2026-08-07 05:35:58.382524,2026-08-07 05:41:51,HUB_STOCK,"[""/uploads/returns/1786080932604-580481217.png""]",,,17.0,,,,
18,RET-2026-000018,31,31,70,1,6,7,EXPECTING_INBOUND,1,Wrong Item Received - Received wrong product,,,,1,"{""initiatedVia"": ""RETURN_REQUEST_SYNC"", ""returnNumber"": ""EX-2026-00018"", ""sourceScenario"": ""EXCHANGE"", ""returnRequestId"": 18}",,,RTV_INITIATED,2026-08-07 06:09:11.012151,2026-08-07 06:09:11.012151,VENDOR_REPLACEMENT,"[""/uploads/returns/1786082544764-353167547.png""]",,,18.0,,,,
19,RET-2026-000019,33,33,74,1,6,3,EXPECTING_INBOUND,1,Defective Product - dfdfdsfsdf f  wfgsf,,,,1,"{""initiatedVia"": ""RETURN_REQUEST_SYNC"", ""returnNumber"": ""EX-2026-00019"", ""sourceScenario"": ""EXCHANGE"", ""returnRequestId"": 19}",,,RTV_INITIATED,2026-08-07 08:46:18.395219,2026-08-07 08:46:18.395219,VENDOR_REPLACEMENT,"[""/uploads/returns/1786092366505-371485601.jpeg""]",,,19.0,,,,
20,RET-2026-000020,35,35,79,1,6,7,EXPECTING_INBOUND,1,Wrong Item Received - Wrong product received,,,,1,"{""initiatedVia"": ""RETURN_REQUEST_SYNC"", ""returnNumber"": ""EX-2026-00020"", ""sourceScenario"": ""EXCHANGE"", ""returnRequestId"": 20}",,,RTV_INITIATED,2026-08-07 09:02:03.729652,2026-08-07 09:02:03.729652,VENDOR_REPLACEMENT,"[""/uploads/returns/1786093268257-41803054.png""]",,,20.0,,,,
21,RET-2026-000021,41,41,87,1,6,3,EXPECTING_INBOUND,1,Wrong Item Received - najsd jdhidhi udg qid dgi d,,,,1,"{""initiatedVia"": ""RETURN_REQUEST_SYNC"", ""returnNumber"": ""EX-2026-00021"", ""sourceScenario"": ""EXCHANGE"", ""returnRequestId"": 21}",,,RTV_INITIATED,2026-08-08 04:08:08.523650,2026-08-08 04:08:08.523650,VENDOR_REPLACEMENT,"[""/uploads/returns/1786162040634-900866963.jpeg""]",,,21.0,,,,
22,RET-2026-000022,43,43,93,1,6,3,EXPECTING_INBOUND,1,Defective Product - qnbxjnsxbjxhbjqhxbj,,,,1,"{""initiatedVia"": ""RETURN_REQUEST_SYNC"", ""returnNumber"": ""EX-2026-00022"", ""sourceScenario"": ""EXCHANGE"", ""returnRequestId"": 22}",,,RTV_INITIATED,2026-08-08 04:15:43.242562,2026-08-08 04:15:43.242562,VENDOR_REPLACEMENT,"[""/uploads/returns/1786162510655-12962322.jpeg""]",,,22.0,,,,
23,RET-2026-000023,53,53,108,1,6,7,EXPECTING_INBOUND,1,Wrong Item Received - Wrong product received,,,,1,"{""initiatedVia"": ""RETURN_REQUEST_SYNC"", ""returnNumber"": ""EX-2026-00023"", ""sourceScenario"": ""EXCHANGE"", ""returnRequestId"": 23}",,,RTV_INITIATED,2026-08-08 10:32:10.595680,2026-08-08 10:32:10.595680,VENDOR_REPLACEMENT,"[""/uploads/returns/1786185111069-502538963.png""]",,,23.0,,,,
24,RET-2026-000024,28,28,68,1,4,3,RTV_LOCKED,1,Defective Product - Not Required,,,,0,"{""receivedBy"": 0, ""vendorAckAt"": ""2026-08-26T17:46:51.728Z"", ""vendorAckBy"": ""ADMIN"", ""initiatedVia"": ""RETURN_REQUEST_SYNC"", ""returnNumber"": ""RR-2026-00024"", ""sourceScenario"": ""RETURN"", ""vendorAckNotes"": null, ""returnRequestId"": 24, ""vendorAckUserId"": 0}",2026-08-08 12:50:11,2026-08-08 12:50:28,RECEIVED_BY_VENDOR,2026-08-08 12:49:35.319222,2026-08-26 17:46:51,HUB_STOCK,"[""/uploads/returns/1786193331418-401488809.jpg""]",,,24.0,,,,
25,RET-2026-000025,56,56,116,1,4,3,RTV_LOCKED,1,Quality Not as Expected - not required this product,,,,0,"{""receivedBy"": 0, ""vendorAckAt"": ""2026-08-26T17:46:51.728Z"", ""vendorAckBy"": ""ADMIN"", ""initiatedVia"": ""RETURN_REQUEST_SYNC"", ""returnNumber"": ""RR-2026-00025"", ""sourceScenario"": ""RETURN"", ""vendorAckNotes"": null, ""returnRequestId"": 25, ""vendorAckUserId"": 0}",2026-08-10 06:20:52,2026-08-10 06:21:02,RECEIVED_BY_VENDOR,2026-08-10 06:20:18.906242,2026-08-26 17:46:51,HUB_STOCK,"[""/uploads/returns/1786342801985-192511635.jpg""]",,,25.0,,,,
26,RET-2026-000026,71,71,138,1,9,10,RTV_LOCKED,1,Size/Fit Issue - return this product because size issue,,,,0,"{""receivedBy"": 0, ""vendorAckAt"": ""2026-08-26T17:46:59.690Z"", ""vendorAckBy"": ""ADMIN"", ""initiatedVia"": ""RETURN_REQUEST_SYNC"", ""returnNumber"": ""RR-2026-00026"", ""sourceScenario"": ""RETURN"", ""vendorAckNotes"": null, ""returnRequestId"": 26, ""vendorAckUserId"": 0}",2026-08-11 15:01:08,2026-08-11 15:02:06,RECEIVED_BY_VENDOR,2026-08-11 15:00:24.571934,2026-08-26 17:46:59,HUB_STOCK,"[""/uploads/returns/1786460379173-358139621.jpg""]",,,26.0,,,,
27,CAN-2026-000027,79,79,147,1,6,7,RTV_LOCKED,1,Not required.,,,,0,"{""orderId"": 79, ""productName"": ""Stainless Spring Clamp"", ""vendorAckAt"": ""2026-08-13T11:58:26.808Z"", ""vendorAckBy"": ""ADMIN"", ""cancelSource"": ""ADMIN"", ""initiatedVia"": ""ORDER_CANCELLATION"", ""sourceScenario"": ""CANCEL"", ""vendorAckNotes"": null, ""vendorAckUserId"": 0, ""cancelledByUserId"": 1}",2026-08-13 11:48:04,,RECEIVED_BY_VENDOR,2026-08-13 11:53:09.907595,2026-08-13 11:58:26,HUB_STOCK,,,,,,,,
28,RET-2026-000028,105,105,154,1,6,7,RTV_LOCKED,1,Wrong Product Received - Wrong product received.,Decision: PASS,,,0,"{""receivedBy"": 0, ""vendorAckAt"": ""2026-08-19T10:15:57.188Z"", ""vendorAckBy"": ""VENDOR"", ""initiatedVia"": ""RETURN_REQUEST_SYNC"", ""returnNumber"": ""RR-2026-00027"", ""sourceScenario"": ""RETURN"", ""vendorAckNotes"": null, ""returnRequestId"": 27, ""vendorAckUserId"": 7}",2026-08-19 10:08:17,2026-08-19 10:08:54,RECEIVED_BY_VENDOR,2026-08-19 10:07:35.728727,2026-08-19 10:15:57,HUB_STOCK,"[""/uploads/returns/1787133886274-110782598.png""]",,,27.0,,,,
29,RET-2026-000029,97,97,150,1,4,3,EXPECTING_INBOUND,1,"Quality Not as Expected - jjhbk,fdrtyguhijokjhgvcbnm",,,,0,"{""initiatedVia"": ""RETURN_REQUEST_SYNC"", ""returnNumber"": ""RR-2026-00028"", ""sourceScenario"": ""RETURN"", ""returnRequestId"": 28}",,,RTV_INITIATED,2026-08-20 05:40:55.815179,2026-08-20 05:40:55.815179,HUB_STOCK,"[""/uploads/returns/1787204434777-213501592.jpg""]",,,28.0,,,,
30,RET-2026-000030,110,110,158,1,4,3,PENDING_QC,1,Size/Fit Issue - Good Morning,,,,0,"{""receivedBy"": 0, ""initiatedVia"": ""RETURN_REQUEST_SYNC"", ""returnNumber"": ""RR-2026-00029"", ""sourceScenario"": ""RETURN"", ""returnRequestId"": 29}",2026-08-20 13:20:26,,RTV_INITIATED,2026-08-20 13:20:00.765468,2026-08-20 13:20:26,HUB_STOCK,"[""/uploads/returns/1787231983489-351192428.jpg""]",,,29.0,,,,
31,RET-2026-000031,116,116,164,1,6,5,RTV_LOCKED,1,Quality Not as Expected - airu qwjhr oqiwr,,,,0,"{""receivedBy"": 0, ""initiatedVia"": ""RETURN_REQUEST_SYNC"", ""returnNumber"": ""RR-2026-00030"", ""sourceScenario"": ""RETURN"", ""returnRequestId"": 30}",2026-08-21 15:35:41,2026-08-21 15:36:12,RTV_INITIATED,2026-08-21 15:35:05.220163,2026-08-21 15:36:12,HUB_STOCK,"[""/uploads/returns/1787326489672-673534369.jpeg""]",,,30.0,,,,
32,RET-2026-000032,117,117,166,1,6,5,RTV_LOCKED,1,Wrong Color - i dont want this color,Decision: PASS,,,1,"{""receivedBy"": 0, ""initiatedVia"": ""RETURN_REQUEST_SYNC"", ""returnNumber"": ""EX-2026-00031"", ""sourceScenario"": ""EXCHANGE"", ""returnRequestId"": 31}",2026-08-22 06:40:05,2026-08-22 06:40:18,RTV_INITIATED,2026-08-22 06:34:54.792411,2026-08-22 06:40:18,VENDOR_REPLACEMENT,"[""/uploads/returns/1787380475723-159989584.jpeg""]",,,31.0,,,,
33,RET-2026-000033,119,119,171,1,6,5,PENDING_QC,1,Wrong Size - 746846446464,,,,1,"{""receivedBy"": 0, ""initiatedVia"": ""RETURN_REQUEST_SYNC"", ""returnNumber"": ""EX-2026-00032"", ""sourceScenario"": ""EXCHANGE"", ""returnRequestId"": 32}",2026-08-22 06:51:55,,RTV_INITIATED,2026-08-22 06:44:59.225964,2026-08-22 06:51:55,VENDOR_REPLACEMENT,"[""/uploads/returns/1787381084544-274370703.jpeg""]",,,32.0,,,,
34,RET-2026-000034,120,120,175,1,6,5,EXPECTING_INBOUND,1,Defective Product - give me echange,,,,1,"{""initiatedVia"": ""RETURN_REQUEST_SYNC"", ""returnNumber"": ""EX-2026-00033"", ""sourceScenario"": ""EXCHANGE"", ""returnRequestId"": 33}",,,RTV_INITIATED,2026-08-22 06:49:28.994846,2026-08-22 06:49:28.994846,VENDOR_REPLACEMENT,"[""/uploads/returns/1787381354775-710535217.jpeg""]",,,33.0,,,,
35,RET-2026-000035,147,147,186,1,6,5,EXPECTING_INBOUND,1,Wrong Color - Send me xl size,,,,1,"{""initiatedVia"": ""RETURN_REQUEST_SYNC"", ""returnNumber"": ""EX-2026-00034"", ""sourceScenario"": ""EXCHANGE"", ""returnRequestId"": 34}",,,RTV_INITIATED,2026-08-25 13:33:27.055676,2026-08-25 13:33:27.055676,VENDOR_REPLACEMENT,"[""/uploads/returns/1787664787512-532166834.jpeg""]",,,34.0,,,,
36,RET-2026-000036,163,163,193,1,8,5,RTV_LOCKED,1,Wrong Product Received - fsdfsfsfsfsfs,,,,0,"{""receivedBy"": 0, ""vendorAckAt"": ""2026-08-26T17:45:41.187Z"", ""vendorAckBy"": ""VENDOR"", ""initiatedVia"": ""RETURN_REQUEST_SYNC"", ""returnNumber"": ""RR-2026-00036"", ""sourceScenario"": ""RETURN"", ""vendorAckNotes"": null, ""returnRequestId"": 36, ""vendorAckUserId"": 5}",2026-08-26 17:34:51,2026-08-26 17:36:34,RECEIVED_BY_VENDOR,2026-08-26 17:28:43.657455,2026-08-26 17:45:41,HUB_STOCK,"[""/uploads/returns/1787765169120-549363164.jpg""]",,,36.0,,,,
37,RET-2026-000037,164,164,196,1,8,5,DEBIT_NOTE_ISSUED,1,Defective Product - jkkjkljkjkljlkjk,,,,0,"{""receivedBy"": 0, ""initiatedVia"": ""RETURN_REQUEST_SYNC"", ""returnNumber"": ""RR-2026-00037"", ""sourceScenario"": ""RETURN"", ""returnRequestId"": 37}",2026-08-26 18:05:00,2026-08-26 18:07:16,RTV_INITIATED,2026-08-26 18:03:35.618982,2026-08-26 18:07:16,HUB_STOCK,"[""/uploads/returns/1787767388402-838599313.jpg""]",,,37.0,,,,
38,RET-2026-000038,165,165,199,1,8,5,PENDING_QC,1,Wrong Size - dffdsfsfsasdsdsad,,,,1,"{""receivedBy"": 0, ""initiatedVia"": ""RETURN_REQUEST_SYNC"", ""returnNumber"": ""EX-2026-00038"", ""sourceScenario"": ""EXCHANGE"", ""returnRequestId"": 38}",2026-08-26 18:33:44,,RTV_INITIATED,2026-08-26 18:20:07.482094,2026-08-26 18:33:44,VENDOR_REPLACEMENT,"[""/uploads/returns/1787768390069-962652855.jpg""]",,,38.0,,,,
39,RET-2026-000039,204,204,209,1,6,3,RTV_LOCKED,1,Size/Fit Issue - fsdfsdfsdgsdhdfgdfg,,,,0,"{""receivedBy"": 0, ""initiatedVia"": ""RETURN_REQUEST_SYNC"", ""returnNumber"": ""RR-2026-00039"", ""sourceScenario"": ""RETURN"", ""returnRequestId"": 39}",2026-08-29 08:09:00,2026-08-29 08:09:24,RTV_INITIATED,2026-08-29 08:08:03.054516,2026-08-29 08:09:24,HUB_STOCK,"[""/uploads/returns/1787990867716-287324219.jpg""]",,,39.0,,,,
40,CAN-2026-000040,239,239,216,1,6,7,RTV_LOCKED,1,"Now, I don't want this product.",,,,0,"{""orderId"": 239, ""productName"": ""Stainless Spring Clamp"", ""cancelSource"": ""ADMIN"", ""initiatedVia"": ""ORDER_CANCELLATION"", ""sourceScenario"": ""CANCEL"", ""cancelledByUserId"": 1}",2026-09-03 06:02:17,,DISPATCHED,2026-09-03 06:06:31.836945,2026-09-03 06:06:32,HUB_STOCK,,,,,,,,
41,CAN-2026-000041,254,254,225,1,4,3,RTV_LOCKED,1,I Dont want this product,,,,0,"{""orderId"": 254, ""productName"": ""GI Angle_677"", ""cancelSource"": ""ADMIN"", ""initiatedVia"": ""ORDER_CANCELLATION"", ""sourceScenario"": ""CANCEL"", ""cancelledByUserId"": 1}",2026-09-03 10:56:23,,DISPATCHED,2026-09-03 11:01:50.119031,2026-09-03 11:01:50,HUB_STOCK,,,,,,,,
42,RET-2026-000042,268,268,237,1,6,7,RTV_LOCKED,1,Quantity Issue - Quantity mismatch.,"Rule_1: abc; Test 1: abc; Test 2: abc; quantity: abc; quality: abc

Decision: PASS",,,0,"{""receivedBy"": 0, ""vendorAckAt"": ""2026-09-04T09:13:48.668Z"", ""vendorAckBy"": ""VENDOR"", ""initiatedVia"": ""RETURN_REQUEST_SYNC"", ""returnNumber"": ""RR-2026-00040"", ""sourceScenario"": ""RETURN"", ""vendorAckNotes"": null, ""returnRequestId"": 40, ""vendorAckUserId"": 7}",2026-09-04 09:06:29,2026-09-04 09:07:34,RECEIVED_BY_VENDOR,2026-09-04 09:02:12.359589,2026-09-04 09:13:48,HUB_STOCK,"[""/uploads/returns/04f4ba17-5e1a-4ce3-9b60-a82b73c8260e.png""]",,,40.0,,,,
43,RET-2026-000043,273,273,248,1,6,7,EXPECTING_INBOUND,1,Damaged Product - Given product is damaged.,,,,1,"{""initiatedVia"": ""RETURN_REQUEST_SYNC"", ""returnNumber"": ""EX-2026-00041"", ""sourceScenario"": ""EXCHANGE"", ""returnRequestId"": 41}",,,RTV_INITIATED,2026-09-05 09:58:14.764065,2026-09-05 09:58:14.764065,VENDOR_REPLACEMENT,"[""/uploads/returns/a5ebc622-3e0a-4b12-9ae0-dfe1da4f2998.jpg"", ""/uploads/returns/48173f17-c37e-44d2-a406-2172818f29d4.jpg"", ""/uploads/returns/f2fbe167-0bba-4bb6-8b0d-d49b022f41a0.jpg"", ""/uploads/returns/7295256e-5818-40ae-bb0f-5f87edb88e91.jpg""]",,,41.0,,,,
44,RET-2026-000044,283,283,252,1,6,7,PENDING_QC,1,Damaged Product - Given product is damaged.,,,,1,"{""receivedBy"": 0, ""initiatedVia"": ""RETURN_REQUEST_SYNC"", ""returnNumber"": ""EX-2026-00042"", ""sourceScenario"": ""EXCHANGE"", ""returnRequestId"": 42}",2026-09-07 10:44:53,,RTV_INITIATED,2026-09-05 10:51:29.828407,2026-09-07 10:44:52,VENDOR_REPLACEMENT,"[""/uploads/returns/6b50ff74-8774-4e48-8b3b-46a2c25539a0.png""]",,,42.0,,,,
45,RET-2026-000045,288,288,258,1,6,7,RTV_LOCKED,1,Change of Mind - Given product is not required now.,"quantity: abc; quality: abc; Specification: abc

Decision: PASS",,,0,"{""receivedBy"": 0, ""vendorAckAt"": ""2026-09-07T10:46:53.301Z"", ""vendorAckBy"": ""VENDOR"", ""initiatedVia"": ""RETURN_REQUEST_SYNC"", ""returnNumber"": ""RR-2026-00043"", ""sourceScenario"": ""RETURN"", ""vendorAckNotes"": null, ""returnRequestId"": 43, ""vendorAckUserId"": 7}",2026-09-07 10:31:54,2026-09-07 10:45:18,RECEIVED_BY_VENDOR,2026-09-07 10:30:31.657132,2026-09-07 10:46:53,HUB_STOCK,"[""/uploads/returns/41286fa2-b79d-4803-bece-0474024c05fe.png""]",,,43.0,,,,
46,RET-2026-000046,308,308,269,1,6,7,EXPECTING_INBOUND,1,Quality Issue - aaaaaaaaaaaaaaaaaaaaaaaaaaaaaaaaaaaaaaaaaaaaaaa,,,,0,"{""initiatedVia"": ""RETURN_REQUEST_SYNC"", ""returnNumber"": ""RR-2026-00046"", ""sourceScenario"": ""RETURN"", ""returnRequestId"": 46}",,,RTV_INITIATED,2026-09-09 04:39:49.057867,2026-09-09 04:39:49.057867,HUB_STOCK,"[""/uploads/returns/113d99e9-53fa-4dfd-8d15-d714eb167280.png""]",,,46.0,,,,
47,RET-2026-000047,306,306,266,1,6,7,EXPECTING_INBOUND,1,Damaged Product - abcmmmmmmmmmmmmmmmmmmmmmmmmmmmmmmmmmmmm,,,,1,"{""initiatedVia"": ""RETURN_REQUEST_SYNC"", ""returnNumber"": ""EX-2026-00045"", ""sourceScenario"": ""EXCHANGE"", ""returnRequestId"": 45}",,,RTV_INITIATED,2026-09-09 04:40:03.989956,2026-09-09 04:40:03.989956,VENDOR_REPLACEMENT,"[""/uploads/returns/e382774e-3d07-4c2b-9abb-721803b089bb.png""]",,,45.0,,,,
48,RET-2026-000048,310,310,276,1,6,7,EXPECTING_INBOUND,1,Damaged Product - aaaaaaaaaaaaaaaaaaaaaaaaaaaaaaaaaaaaaaaaaaaaaaaaaa,,,,1,"{""initiatedVia"": ""RETURN_REQUEST_SYNC"", ""returnNumber"": ""EX-2026-00047"", ""sourceScenario"": ""EXCHANGE"", ""returnRequestId"": 47}",,,RTV_INITIATED,2026-09-09 06:25:46.269420,2026-09-09 06:25:46.269420,VENDOR_REPLACEMENT,"[""/uploads/returns/c7b15581-ce35-42ed-9054-470fcc9bfee8.png""]",,,47.0,,,,
49,RET-2026-000049,314,314,282,1,6,7,EXPECTING_INBOUND,1,Missing Parts - aaaaaaaaaaaaaaaaaaaaaaaaaaaaaaaaaaaaaaaaaaaaaaaa,,,,1,"{""initiatedVia"": ""RETURN_REQUEST_SYNC"", ""returnNumber"": ""EX-2026-00048"", ""sourceScenario"": ""EXCHANGE"", ""returnRequestId"": 48}",,,RTV_INITIATED,2026-09-09 07:34:41.577795,2026-09-09 07:34:41.577795,VENDOR_REPLACEMENT,"[""/uploads/returns/91d1cc5d-64b6-42c1-a7f0-832884ba15b4.png""]",,,48.0,,,,
50,RET-2026-000050,315,315,285,1,6,7,EXPECTING_INBOUND,1,Change of Mind - aaaaaaaaaaaaaaaaaaaaaaaaaaaaaaaaaaaaaaaaaaaaaaaaaaaaaaaaa,,,,0,"{""initiatedVia"": ""RETURN_REQUEST_SYNC"", ""returnNumber"": ""RR-2026-00049"", ""sourceScenario"": ""RETURN"", ""returnRequestId"": 49}",,,RTV_INITIATED,2026-09-09 08:01:51.835484,2026-09-09 08:01:51.835484,HUB_STOCK,"[""/uploads/returns/460cbcf6-f647-4e01-93ba-29d01acb4e2e.png""]",,,49.0,,,,
51,RET-2026-000051,316,316,288,1,6,7,EXPECTING_INBOUND,1,Damaged Product - aaaaaaaaaaaaaaaaaaaaaaaaaaaaaaaaaaaaaaaaaaaaaa,,,,1,"{""initiatedVia"": ""RETURN_REQUEST_SYNC"", ""returnNumber"": ""EX-2026-00050"", ""sourceScenario"": ""EXCHANGE"", ""returnRequestId"": 50}",,,RTV_INITIATED,2026-09-09 09:07:25.360359,2026-09-09 09:07:25.360359,VENDOR_REPLACEMENT,"[""/uploads/returns/c652f0fe-5676-48c9-a363-fc9471da04b8.png""]",,,50.0,,,,
52,RET-2026-000052,319,319,296,1,6,7,QC_PASSED,1,Change of Mind - MMMMMMMMMMMMMMMMMMMMMMMMMMMMMMMMMMMMMMMMMMMMMM,"quantity: cccccccccccccccccccccc; quality: cccccccccccccccccccccc; Specification: cccccccccccccccccccccc

Decision: PASS",,,0,"{""receivedBy"": 0, ""initiatedVia"": ""RETURN_REQUEST_SYNC"", ""returnNumber"": ""RR-2026-00051"", ""sourceScenario"": ""RETURN"", ""returnRequestId"": 51}",2026-09-09 10:27:53,2026-09-09 10:29:34,RTV_INITIATED,2026-09-09 10:23:25.764169,2026-09-09 10:29:33,HUB_STOCK,"[""/uploads/returns/89e5ea0c-bb76-47ac-812a-3ef83cadfb54.png""]",,,51.0,,,,
53,RET-2026-000053,320,320,301,1,6,7,RTV_LOCKED,1,Missing Parts - cccccccccccccccccccccccccccccccccccccccc,"quantity: xxxxxxxxxxxxxxxxxxxxxxxxxxxx; quality: xxxxxxxxxxxxxxxxxxxxxxxxxxxx; Specification: xxxxxxxxxxxxxxxxxxxxxxxxxxxx

Decision: PASS",,,1,"{""receivedBy"": 0, ""initiatedVia"": ""RETURN_REQUEST_SYNC"", ""returnNumber"": ""EX-2026-00052"", ""sourceScenario"": ""EXCHANGE"", ""returnRequestId"": 52}",2026-09-09 11:25:59,2026-09-09 11:27:05,RTV_INITIATED,2026-09-09 11:01:26.280959,2026-09-09 11:27:05,VENDOR_REPLACEMENT,"[""/uploads/returns/db78430b-0a74-4d42-818d-14b98c6da299.png""]",,,52.0,,,,
54,RET-2026-000054,333,333,311,1,6,7,RTV_LOCKED,1,Damaged Product - aaaaaaaaaaaaaaaaaaaaaaa,"quantity: aaaaaaaaaaaaaaaaaaaaaaaaaaaaaaaaaa; quality: aaaaaaaaaaaaaaaaaaaaaaaaaaaaaaaaaa; Specification: aaaaaaaaaaaaaaaaaaaaaaaaaaaaaaaaaa

Decision: PASS",,,1,"{""receivedBy"": 0, ""initiatedVia"": ""RETURN_REQUEST_SYNC"", ""returnNumber"": ""EX-2026-00054"", ""sourceScenario"": ""EXCHANGE"", ""returnRequestId"": 54}",2026-09-10 06:08:25,2026-09-10 06:08:41,RTV_INITIATED,2026-09-10 05:55:24.275579,2026-09-10 06:08:40,VENDOR_REPLACEMENT,"[""/uploads/returns/c97f8b90-3527-4f90-81b7-e7dbedd7deba.png""]",,,54.0,,,,
55,RET-2026-000055,335,335,317,1,6,7,RTV_LOCKED,1,Damaged Product - aaaaaaaaaaaaaaaaaaaaaaaaaaa,"quantity: aaaaaaaaaaaaaaaaaaaaaaaaaaaaaaa; quality: aaaaaaaaaaaaaaaaaaaaaaaaaaaaaaa; Specification: aaaaaaaaaaaaaaaaaaaaaaaaaaaaaaa

Decision: PASS",,,1,"{""receivedBy"": 0, ""initiatedVia"": ""RETURN_REQUEST_SYNC"", ""returnNumber"": ""EX-2026-00055"", ""sourceScenario"": ""EXCHANGE"", ""returnRequestId"": 55}",2026-09-10 06:32:56,2026-09-10 06:33:25,DISPATCHED,2026-09-10 06:22:50.894056,2026-09-10 09:51:11,VENDOR_REPLACEMENT,"[""/uploads/returns/604b05bd-a2d2-4670-bf98-2eef99dfc0fa.png""]",,,55.0,,,,
56,RET-2026-000056,339,339,323,1,6,7,EXPECTING_INBOUND,1,Missing Parts - aaaaaaaaaaaaaaaaaaaaaaaaaaaaaaaaaaa,,,,1,"{""initiatedVia"": ""RETURN_REQUEST_SYNC"", ""returnNumber"": ""EX-2026-00056"", ""sourceScenario"": ""EXCHANGE"", ""returnRequestId"": 56}",,,RTV_INITIATED,2026-09-10 09:23:39.436958,2026-09-10 09:23:39.436958,VENDOR_REPLACEMENT,"[""/uploads/returns/e379d368-e4b6-47d5-96d9-b6f428fddcb2.png""]",,,56.0,,,,
57,RET-2026-000057,341,341,326,1,6,7,EXPECTING_INBOUND,1,Missing Parts - aaaaaaaaaaaaaaaaaaaaaaaaaaaaaaaaaaaaa,,,,1,"{""initiatedVia"": ""RETURN_REQUEST_SYNC"", ""returnNumber"": ""EX-2026-00057"", ""sourceScenario"": ""EXCHANGE"", ""returnRequestId"": 57}",,,RTV_INITIATED,2026-09-10 09:29:42.949582,2026-09-10 09:29:42.949582,VENDOR_REPLACEMENT,"[""/uploads/returns/4115070c-7570-4fee-a7d7-c49f7045f0a4.png""]",,,57.0,,,,
58,RET-2026-000058,345,345,333,1,6,7,EXPECTING_INBOUND,1,Change of Mind - aaaaaaaaaaaaaaaaaaaaaaaaaaaaaaaaaaaaa,,,,0,"{""initiatedVia"": ""RETURN_REQUEST_SYNC"", ""returnNumber"": ""RR-2026-00058"", ""sourceScenario"": ""RETURN"", ""returnRequestId"": 58}",,,RTV_INITIATED,2026-09-10 12:26:43.579025,2026-09-10 12:26:43.579025,HUB_STOCK,"[""/uploads/returns/b9c96857-c411-41df-a437-d45068b58342.png""]",,,58.0,,,,
59,RET-2026-000059,346,346,336,1,6,7,PENDING_QC,1,Change of Mind - aaaaaaaaaaaaaaaaaaaaaaaaaaaaaaaaaaaa,,,,0,"{""receivedBy"": 0, ""initiatedVia"": ""RETURN_REQUEST_SYNC"", ""returnNumber"": ""RR-2026-00059"", ""sourceScenario"": ""RETURN"", ""returnRequestId"": 59}",2026-09-11 05:33:26,,RTV_INITIATED,2026-09-11 05:31:25.269490,2026-09-11 05:33:26,HUB_STOCK,"[""/uploads/returns/773d30b7-7909-46a2-a17f-88bc6a18ed15.png""]",,,59.0,,,,
60,RET-2026-000060,347,347,339,1,6,7,QC_PASSED,1,Change of Mind - aaaaaaaaaaaaaaaaaaaaaaaaaaaaaa,,,,0,"{""receivedBy"": 0, ""initiatedVia"": ""RETURN_REQUEST_SYNC"", ""returnNumber"": ""RR-2026-00060"", ""sourceScenario"": ""RETURN"", ""returnRequestId"": 60}",2026-09-11 08:46:49,2026-09-11 08:47:28,RTV_INITIATED,2026-09-11 05:38:38.234512,2026-09-11 08:47:28,HUB_STOCK,"[""/uploads/returns/f66d402f-636a-4383-8b34-ae2e45ba8f24.png""]",,,60.0,,,,
61,RET-2026-000061,348,348,342,1,6,7,QC_PASSED,1,Change of Mind - aaaaaaaaaaaaaaaaaaaaaaaaaaaaa,,,,0,"{""receivedBy"": 0, ""initiatedVia"": ""RETURN_REQUEST_SYNC"", ""returnNumber"": ""RR-2026-00061"", ""sourceScenario"": ""RETURN"", ""returnRequestId"": 61}",2026-09-11 09:07:15,2026-09-11 09:07:43,RTV_INITIATED,2026-09-11 09:05:23.937423,2026-09-11 09:07:42,HUB_STOCK,"[""/uploads/returns/6a7c566d-847b-4d73-b5c8-651e53d00177.png""]",,,61.0,,,,
62,RET-2026-000062,349,349,345,1,6,7,EXPECTING_INBOUND,1,Damaged Product - aaaaaaaaaaaaaaaaaaaaaaaaaaaaaaaaaaaaa,,,,1,"{""initiatedVia"": ""RETURN_REQUEST_SYNC"", ""returnNumber"": ""EX-2026-00062"", ""sourceScenario"": ""EXCHANGE"", ""returnRequestId"": 62}",,,RTV_INITIATED,2026-09-11 09:46:06.912049,2026-09-11 09:46:06.912049,VENDOR_REPLACEMENT,"[""/uploads/returns/46d950b4-ca3f-47de-99e6-6a5d905b0e1e.png""]",,,62.0,,,,
63,RET-2026-000063,359,359,351,1,6,7,PENDING_QC,1,Quality Issue - aaaaaaaaaaaaaaaaaaaaaaaaaaaaaaa,,,,1,"{""receivedBy"": 0, ""initiatedVia"": ""RETURN_REQUEST_SYNC"", ""returnNumber"": ""EX-2026-00063"", ""sourceScenario"": ""EXCHANGE"", ""returnRequestId"": 63}",2026-09-11 11:42:18,,RTV_INITIATED,2026-09-11 11:36:55.547172,2026-09-11 11:42:17,VENDOR_REPLACEMENT,"[""/uploads/returns/d69221c2-7d6a-44a7-9394-2e6bb0cb561c.png""]",,,63.0,,,,
64,CAN-2026-000064,311,311,278,1,6,7,RTV_LOCKED,1,Vendor did not accept within 72 hours.,,,,0,"{""orderId"": 311, ""productName"": ""Hydraulic Gear Pump"", ""cancelSource"": ""ADMIN"", ""initiatedVia"": ""ORDER_CANCELLATION"", ""sourceScenario"": ""CANCEL"", ""cancelledByUserId"": 0}",2026-09-09 06:35:04,,DISPATCHED,2026-09-12 07:02:02.921359,2026-09-12 07:02:03,HUB_STOCK,,,,,,,,
65,CAN-2026-000065,340,340,328,1,6,7,RTV_LOCKED,1,Vendor did not accept within 72 hours.,,,,0,"{""orderId"": 340, ""productName"": ""Hydraulic Gear Pump"", ""cancelSource"": ""ADMIN"", ""initiatedVia"": ""ORDER_CANCELLATION"", ""sourceScenario"": ""CANCEL"", ""cancelledByUserId"": 0}",2026-09-10 09:54:50,,DISPATCHED,2026-09-13 10:02:01.549906,2026-09-13 10:02:01,HUB_STOCK,,,,,,,,
66,CAN-2026-000066,350,350,347,1,6,7,RTV_LOCKED,1,Vendor did not accept within 72 hours.,,,,0,"{""orderId"": 350, ""productName"": ""Hydraulic Gear Pump"", ""cancelSource"": ""ADMIN"", ""initiatedVia"": ""ORDER_CANCELLATION"", ""sourceScenario"": ""CANCEL"", ""cancelledByUserId"": 0}",2026-09-11 09:52:18,,DISPATCHED,2026-09-14 10:00:01.470790,2026-09-14 10:00:02,HUB_STOCK,,,,,,,,
67,CAN-2026-000067,362,362,353,1,6,7,RTV_LOCKED,1,Vendor did not accept within 72 hours.,,,,0,"{""orderId"": 362, ""productName"": ""Hydraulic Gear Pump"", ""cancelSource"": ""ADMIN"", ""initiatedVia"": ""ORDER_CANCELLATION"", ""sourceScenario"": ""CANCEL"", ""cancelledByUserId"": 0}",2026-09-11 11:40:06,,DISPATCHED,2026-09-14 12:00:03.712004,2026-09-14 12:00:04,HUB_STOCK,,,,,,,,
