hub_inventory_unit_id,unit_code,serial_number,batch_id,status,ownership,hub_id,product_id,variant_id,vendor_id,current_owner_user_id,order_id,order_item_id,inbound_shipment_id,outbound_shipment_id,return_id,notes,last_status_reason,received_at,reserved_at,sold_at,qc_decided_at,last_transition_at,created_on,updated_on
1,HU-1-3-1785827495770-1,,,RESERVED,VENDOR,1,3,3,7,7,1.0,1,1,,,Inbound stock received at hub,Outbound reservation created,2026-08-04 07:11:36,2026-08-04 07:15:44,,,2026-08-04 07:15:44,2026-08-04 07:11:35.798537,2026-08-04 07:15:44
2,HU-1-3-1785829799965-1,,,RESERVED,VENDOR,1,3,3,7,7,2.0,2,4,,,Inbound stock received at hub,Outbound reservation created,2026-08-04 07:50:00,2026-08-04 07:50:48,,,2026-08-04 07:50:48,2026-08-04 07:49:59.970150,2026-08-04 07:50:47
3,HU-1-3-1785831551161-1,,,RESERVED,VENDOR,1,3,3,7,7,3.0,3,6,,,Inbound stock received at hub,Outbound reservation created,2026-08-04 08:19:11,2026-08-04 08:20:56,,,2026-08-04 08:20:56,2026-08-04 08:19:11.160307,2026-08-04 08:20:55
4,HU-1-3-1785832786243-1,,,RESERVED,VENDOR,1,3,3,7,7,4.0,4,9,,,Inbound stock received at hub,Outbound reservation created,2026-08-04 08:39:46,2026-08-04 08:40:37,,,2026-08-04 08:40:37,2026-08-04 08:39:46.246058,2026-08-04 08:40:36
5,HU-1-3-1785834240313-1,,,RESERVED,VENDOR,1,3,3,7,7,5.0,2,12,,,Inbound stock received at hub,Outbound reservation created,2026-08-04 09:04:00,2026-08-04 09:12:05,,,2026-08-04 09:12:05,2026-08-04 09:04:00.309946,2026-08-04 09:12:04
6,HU-1-3-1785834240880-1,,,RTV_LOCKED,VENDOR,1,3,3,6,6,2.0,2,5,,4.0,Customer return received at hub | actor:1 | Return QC pass — pending RTV batch,Return QC pass — pending RTV batch,2026-08-04 09:04:01,,,2026-08-04 09:05:03,2026-08-04 09:05:03,2026-08-04 09:04:00.878856,2026-08-04 09:05:03
7,HU-1-3-1785834687114-1,,,RESERVED,VENDOR,1,3,3,7,7,6.0,5,13,,,Inbound stock received at hub,Outbound reservation created,2026-08-04 09:11:27,2026-08-04 09:40:38,,,2026-08-04 09:40:38,2026-08-04 09:11:27.108442,2026-08-04 09:40:38
8,HU-1-3-1785835788922-1,,,RESERVED,VENDOR,1,3,3,7,7,7.0,1,3,,,Inbound stock received at hub,Outbound reservation created,2026-08-04 09:29:49,2026-08-04 09:56:52,,,2026-08-04 09:56:52,2026-08-04 09:29:48.923400,2026-08-04 09:56:52
9,HU-1-3-1785835789590-1,,,RTV_LOCKED,VENDOR,1,3,3,6,6,1.0,1,2,,1.0,"Customer return received at hub | actor:1 | QC fail, move to vendor claim / RTV zone","QC fail, move to vendor claim / RTV zone",2026-08-04 09:29:50,,,2026-08-04 09:31:45,2026-08-04 09:31:45,2026-08-04 09:29:49.600672,2026-08-04 09:31:44
10,HU-1-3-1785836388151-1,,,RESERVED,VENDOR,1,3,3,7,7,7.0,6,15,,,Inbound stock received at hub,Outbound reservation created,2026-08-04 09:39:48,2026-08-04 09:56:52,,,2026-08-04 09:56:52,2026-08-04 09:39:48.172021,2026-08-04 09:56:52
11,HU-1-3-1785836580377-1,,,RESERVED,VENDOR,1,3,3,7,7,7.0,6,17,,,Inbound stock received at hub,Outbound reservation created,2026-08-04 09:43:00,2026-08-04 09:56:52,,,2026-08-04 09:56:52,2026-08-04 09:43:00.394988,2026-08-04 09:56:52
12,HU-1-3-1785836581176-1,,,RTV_LOCKED,VENDOR,1,3,3,6,6,6.0,6,16,,5.0,Customer return received at hub | actor:1 | Return QC pass — pending RTV batch,Return QC pass — pending RTV batch,2026-08-04 09:43:01,,,2026-08-04 09:43:18,2026-08-04 09:43:18,2026-08-04 09:43:01.202936,2026-08-04 09:43:17
13,HU-1-3-1785837370629-1,,,RESERVED,VENDOR,1,3,3,7,7,8.0,7,18,,,Inbound stock received at hub,Outbound reservation created,2026-08-04 09:56:11,2026-08-04 10:27:41,,,2026-08-04 10:27:41,2026-08-04 09:56:10.650546,2026-08-04 10:27:41
14,HU-1-3-1785837370643-2,,,RESERVED,VENDOR,1,3,3,7,7,11.0,7,18,,,Inbound stock received at hub,Outbound reservation created,2026-08-04 09:56:11,2026-08-04 11:24:49,,,2026-08-04 11:24:49,2026-08-04 09:56:10.663446,2026-08-04 11:24:49
15,HU-1-3-1785837370652-3,,,RESERVED,VENDOR,1,3,3,7,7,12.0,7,18,,,Inbound stock received at hub,Outbound reservation created,2026-08-04 09:56:11,2026-08-04 11:51:12,,,2026-08-04 11:51:12,2026-08-04 09:56:10.673818,2026-08-04 11:51:11
16,HU-1-3-1785838444475-1,,,RESERVED,VENDOR,1,3,3,7,7,13.0,7,20,,,Inbound stock received at hub,Outbound reservation created,2026-08-04 10:14:04,2026-08-04 12:20:29,,,2026-08-04 12:20:29,2026-08-04 10:14:04.482133,2026-08-04 12:20:29
17,HU-1-3-1785838444491-2,,,RESERVED,VENDOR,1,3,3,7,7,14.0,7,20,,,Inbound stock received at hub,Outbound reservation created,2026-08-04 10:14:04,2026-08-05 07:39:03,,,2026-08-05 07:39:03,2026-08-04 10:14:04.497821,2026-08-05 07:39:02
18,HU-1-3-1785838444503-3,,,RESERVED,VENDOR,1,3,3,7,7,16.0,7,20,,,Inbound stock received at hub,Outbound reservation created,2026-08-04 10:14:05,2026-08-05 11:40:54,,,2026-08-05 11:40:54,2026-08-04 10:14:04.507651,2026-08-05 11:40:54
19,HU-1-3-1785838445303-1,,,RTV_LOCKED,VENDOR,1,3,3,6,6,7.0,7,19,,6.0,Customer return received at hub | actor:1 | Return QC pass — pending RTV batch,Return QC pass — pending RTV batch,2026-08-04 10:14:05,,,2026-08-04 10:14:34,2026-08-04 10:14:34,2026-08-04 10:14:05.319481,2026-08-04 10:14:34
20,HU-1-3-1785838445336-2,,,RTV_LOCKED,VENDOR,1,3,3,6,6,7.0,7,19,,6.0,Customer return received at hub | actor:1 | Return QC pass — pending RTV batch,Return QC pass — pending RTV batch,2026-08-04 10:14:05,,,2026-08-04 10:14:34,2026-08-04 10:14:34,2026-08-04 10:14:05.342799,2026-08-04 10:14:34
21,HU-1-3-1785838445352-3,,,RTV_LOCKED,VENDOR,1,3,3,6,6,7.0,7,19,,6.0,Customer return received at hub | actor:1 | Return QC pass — pending RTV batch,Return QC pass — pending RTV batch,2026-08-04 10:14:05,,,2026-08-04 10:14:34,2026-08-04 10:14:34,2026-08-04 10:14:05.359620,2026-08-04 10:14:34
22,HU-1-3-1785839219870-1,,,RESERVED,VENDOR,1,3,3,7,7,17.0,8,21,,,Inbound stock received at hub,Outbound reservation created,2026-08-04 10:27:00,2026-08-05 12:34:25,,,2026-08-05 12:34:25,2026-08-04 10:26:59.871006,2026-08-05 12:34:25
23,HU-1-3-1785839402496-1,,,RESERVED,VENDOR,1,3,3,7,7,19.0,8,23,,,Inbound stock received at hub,Outbound reservation created,2026-08-04 10:30:02,2026-08-06 08:15:47,,,2026-08-06 08:15:47,2026-08-04 10:30:02.499436,2026-08-06 08:15:47
24,HU-1-3-1785839403064-1,,,RTV_LOCKED,VENDOR,1,3,3,6,6,8.0,8,22,,7.0,Customer return received at hub | actor:1 | Return QC pass — pending RTV batch,Return QC pass — pending RTV batch,2026-08-04 10:30:03,,,2026-08-04 10:34:04,2026-08-04 10:34:04,2026-08-04 10:30:03.064508,2026-08-04 10:34:04
25,HU-1-4-1785840539205-1,,,RESERVED,VENDOR,1,4,4,3,3,9.0,9,24,,,Inbound stock received at hub,Outbound reservation created,2026-08-04 10:48:59,2026-08-04 10:50:22,,,2026-08-04 10:50:22,2026-08-04 10:48:59.212473,2026-08-04 10:50:21
26,HU-1-4-1785840952351-1,,,RESERVED,VENDOR,1,4,4,3,3,15.0,9,26,,,Inbound stock received at hub,Outbound reservation created,2026-08-04 10:55:52,2026-08-05 08:55:52,,,2026-08-05 08:55:52,2026-08-04 10:55:52.367553,2026-08-05 08:55:52
27,HU-1-4-1785840953237-1,,,RTV_LOCKED,VENDOR,1,4,4,4,4,9.0,9,25,,8.0,Customer return received at hub | actor:1 | Return QC pass — pending RTV batch,Return QC pass — pending RTV batch,2026-08-04 10:55:53,,,2026-08-04 10:56:30,2026-08-04 10:56:30,2026-08-04 10:55:53.251633,2026-08-04 10:56:29
28,HU-1-3-1785842568255-1,,,RESERVED,VENDOR,1,3,3,7,7,22.0,11,27,,,Inbound stock received at hub,Outbound reservation created,2026-08-04 11:22:48,2026-08-06 16:26:35,,,2026-08-06 16:26:35,2026-08-04 11:22:48.290659,2026-08-06 16:26:35
29,HU-1-3-1785842848851-1,,,RESERVED,VENDOR,1,3,3,7,7,25.0,11,29,,,Inbound stock received at hub,Outbound reservation created,2026-08-04 11:27:29,2026-08-07 04:34:01,,,2026-08-07 04:34:01,2026-08-04 11:27:28.853447,2026-08-07 04:34:00
30,HU-1-3-1785842849246-1,,,RTV_LOCKED,VENDOR,1,3,3,6,6,11.0,11,28,,9.0,Customer return received at hub | actor:1 | Return QC pass — pending RTV batch,Return QC pass — pending RTV batch,2026-08-04 11:27:29,,,2026-08-04 11:27:55,2026-08-04 11:27:55,2026-08-04 11:27:29.250402,2026-08-04 11:27:55
31,HU-1-3-1785844224538-1,,,RESERVED,VENDOR,1,3,3,7,7,30.0,12,30,,,Inbound stock received at hub,Outbound reservation created,2026-08-04 11:50:25,2026-08-07 05:30:52,,,2026-08-07 05:30:52,2026-08-04 11:50:24.547217,2026-08-07 05:30:51
32,HU-1-3-1785844736906-1,,,RESERVED,VENDOR,1,3,3,7,7,31.0,12,32,,,Inbound stock received at hub,Outbound reservation created,2026-08-04 11:58:57,2026-08-07 06:00:44,,,2026-08-07 06:00:44,2026-08-04 11:58:56.924006,2026-08-07 06:00:44
33,HU-1-3-1785844737654-1,,,RTV_LOCKED,VENDOR,1,3,3,6,6,12.0,12,31,,10.0,Customer return received at hub | actor:1 | Return QC pass — pending RTV batch,Return QC pass — pending RTV batch,2026-08-04 11:58:58,,,2026-08-04 11:59:26,2026-08-04 11:59:26,2026-08-04 11:58:57.668586,2026-08-04 11:59:26
34,HU-1-3-1785845970985-1,,,RESERVED,VENDOR,1,3,3,7,7,35.0,13,33,,,Inbound stock received at hub,Outbound reservation created,2026-08-04 12:19:31,2026-08-07 08:54:41,,,2026-08-07 08:54:41,2026-08-04 12:19:30.999043,2026-08-07 08:54:41
35,HU-1-3-1785846436841-1,,,RESERVED,VENDOR,1,3,3,7,7,36.0,14,36,,,Inbound stock received at hub,Outbound reservation created,2026-08-04 12:27:17,2026-08-07 09:03:50,,,2026-08-07 09:03:50,2026-08-04 12:27:16.854009,2026-08-07 09:03:49
36,HU-1-3-1785915165821-1,,,RESERVED,VENDOR,1,3,3,7,7,46.0,13,35,,,Inbound stock received at hub,Outbound reservation created,2026-08-05 07:32:46,2026-08-08 08:00:37,,,2026-08-08 08:00:37,2026-08-05 07:32:45.816477,2026-08-08 08:00:36
37,HU-1-3-1785915193307-1,,,RESERVED,VENDOR,1,3,3,7,7,268.0,13,35,,,Inbound stock received at hub,Outbound reservation created,2026-08-05 07:33:13,2026-09-04 08:37:05,,,2026-09-04 08:37:05,2026-08-05 07:33:13.306488,2026-09-04 08:37:04
38,HU-1-3-1785915210892-1,,,RESERVED,VENDOR,1,3,3,7,7,270.0,13,35,,,Inbound stock received at hub,Outbound reservation created,2026-08-05 07:33:31,2026-09-04 10:48:08,,,2026-09-04 10:48:08,2026-08-05 07:33:30.886511,2026-09-04 10:48:07
39,HU-1-3-1785915405938-1,,,AVAILABLE,VENDOR,1,3,3,7,7,13.0,13,35,,,Inbound stock received at hub,Inbound stock received at hub,2026-08-05 07:36:46,,,,2026-08-05 07:36:46,2026-08-05 07:36:45.930637,2026-08-05 07:36:45.930637
40,HU-1-3-1785915435228-1,,,AVAILABLE,VENDOR,1,3,3,7,7,13.0,13,35,,,Inbound stock received at hub,Inbound stock received at hub,2026-08-05 07:37:15,,,,2026-08-05 07:37:15,2026-08-05 07:37:15.222997,2026-08-05 07:37:15.222997
41,HU-1-4-1785920103969-1,,,RESERVED,VENDOR,1,4,4,3,3,20.0,15,38,,,Inbound stock received at hub,Outbound reservation created,2026-08-05 08:55:04,2026-08-06 07:53:45,,,2026-08-06 07:53:45,2026-08-05 08:55:03.975450,2026-08-06 07:53:45
42,HU-1-4-1785921029852-1,,,RESERVED,VENDOR,1,4,4,3,3,21.0,15,40,,,Inbound stock received at hub,Outbound reservation created,2026-08-05 09:10:30,2026-08-06 08:28:08,,,2026-08-06 08:28:08,2026-08-05 09:10:29.856471,2026-08-06 08:28:08
43,HU-1-4-1785921030790-1,,,RTV_LOCKED,VENDOR,1,4,4,6,6,15.0,15,39,,12.0,Customer return received at hub | actor:1 | Return QC pass — pending RTV batch,Return QC pass — pending RTV batch,2026-08-05 09:10:31,,,2026-08-05 09:11:00,2026-08-05 09:11:00,2026-08-05 09:10:30.794882,2026-08-05 09:11:00
44,HU-1-3-1785929985092-1,,,AVAILABLE,VENDOR,1,3,3,7,7,16.0,16,41,,,Inbound stock received at hub,Inbound stock received at hub,2026-08-05 11:39:45,,,,2026-08-05 11:39:45,2026-08-05 11:39:45.103427,2026-08-05 11:39:45.103427
45,HU-1-3-1785933212356-1,,,AVAILABLE,VENDOR,1,3,3,7,7,17.0,17,43,,,Inbound stock received at hub,Inbound stock received at hub,2026-08-05 12:33:32,,,,2026-08-05 12:33:32,2026-08-05 12:33:32.367113,2026-08-05 12:33:32.367113
46,HU-1-3-1785939912715-1,,,AVAILABLE,VENDOR,1,3,3,7,7,13.0,13,35,,,Inbound stock received at hub,Inbound stock received at hub,2026-08-05 14:25:13,,,,2026-08-05 14:25:13,2026-08-05 14:25:12.744351,2026-08-05 14:25:12.744351
47,HU-1-3-1785941128840-1,,,AVAILABLE,VENDOR,1,3,3,7,7,13.0,13,35,,,Inbound stock received at hub,Inbound stock received at hub,2026-08-05 14:45:29,,,,2026-08-05 14:45:29,2026-08-05 14:45:28.869756,2026-08-05 14:45:28.869756
48,HU-1-4-1786002794019-1,,,RESERVED,VENDOR,1,4,4,3,3,27.0,20,45,,,Inbound stock received at hub,Outbound reservation created,2026-08-06 07:53:14,2026-08-07 04:53:12,,,2026-08-07 04:53:12,2026-08-06 07:53:14.022761,2026-08-07 04:53:12
49,HU-1-3-1786004110466-1,,,AVAILABLE,VENDOR,1,3,3,7,7,19.0,19,47,,,Inbound stock received at hub,Inbound stock received at hub,2026-08-06 08:15:10,,,,2026-08-06 08:15:10,2026-08-06 08:15:10.469196,2026-08-06 08:15:10.469196
50,HU-1-4-1786004857921-1,,,RESERVED,VENDOR,1,4,4,3,3,29.0,21,49,,,Inbound stock received at hub,Outbound reservation created,2026-08-06 08:27:38,2026-08-07 05:12:23,,,2026-08-07 05:12:23,2026-08-06 08:27:37.921213,2026-08-07 05:12:23
51,HU-1-3-1786033479093-1,,,AVAILABLE,VENDOR,1,3,3,7,7,22.0,22,51,,,Inbound stock received at hub,Inbound stock received at hub,2026-08-06 16:24:39,,,,2026-08-06 16:24:39,2026-08-06 16:24:39.082756,2026-08-06 16:24:39.082756
52,HU-1-3-1786034056373-1,,,AVAILABLE,VENDOR,1,3,3,7,7,22.0,22,53,,,Inbound stock received at hub,Inbound stock received at hub,2026-08-06 16:34:16,,,,2026-08-06 16:34:16,2026-08-06 16:34:16.396498,2026-08-06 16:34:16.396498
53,HU-1-3-1786034057161-1,,,RTV_LOCKED,VENDOR,1,3,3,6,6,22.0,22,52,,13.0,Customer return received at hub | actor:1 | Return QC pass — pending RTV batch,Return QC pass — pending RTV batch,2026-08-06 16:34:17,,,2026-08-06 16:35:21,2026-08-06 16:35:21,2026-08-06 16:34:17.186911,2026-08-06 16:35:20
54,HU-1-3-1786034094311-1,,,AVAILABLE,VENDOR,1,3,3,7,7,13.0,13,35,,,Inbound stock received at hub,Inbound stock received at hub,2026-08-06 16:34:54,,,,2026-08-06 16:34:54,2026-08-06 16:34:54.336128,2026-08-06 16:34:54.336128
55,HU-1-3-1786077671598-1,,,AVAILABLE,VENDOR,1,3,3,7,7,16.0,16,56,,,Inbound stock received at hub,Inbound stock received at hub,2026-08-07 04:41:12,,,,2026-08-07 04:41:12,2026-08-07 04:41:11.604188,2026-08-07 04:41:11.604188
56,HU-1-4-1786078351080-1,,,RESERVED,VENDOR,1,4,4,3,3,28.0,27,59,,,Inbound stock received at hub,Outbound reservation created,2026-08-07 04:52:31,2026-08-07 05:51:37,,,2026-08-07 05:51:37,2026-08-07 04:52:31.084364,2026-08-07 05:51:36
57,HU-1-4-1786079529194-1,,,RESERVED,VENDOR,1,4,4,3,3,33.0,29,62,,,Inbound stock received at hub,Outbound reservation created,2026-08-07 05:12:09,2026-08-07 08:45:19,,,2026-08-07 08:45:19,2026-08-07 05:12:09.192106,2026-08-07 08:45:19
58,HU-1-3-1786080565604-1,,,AVAILABLE,VENDOR,1,3,3,7,7,30.0,30,64,,,Inbound stock received at hub,Inbound stock received at hub,2026-08-07 05:29:26,,,,2026-08-07 05:29:26,2026-08-07 05:29:25.594855,2026-08-07 05:29:25.594855
59,HU-1-3-1786081080997-1,,,AVAILABLE,VENDOR,1,3,3,7,7,30.0,30,66,,,Inbound stock received at hub,Inbound stock received at hub,2026-08-07 05:38:01,,,,2026-08-07 05:38:01,2026-08-07 05:38:00.987867,2026-08-07 05:38:00.987867
60,HU-1-3-1786081082036-1,,,RTV_LOCKED,VENDOR,1,3,3,6,6,30.0,30,65,,17.0,"Customer return received at hub | actor:1 | QC fail, move to vendor claim / RTV zone","QC fail, move to vendor claim / RTV zone",2026-08-07 05:38:02,,,2026-08-07 05:40:20,2026-08-07 05:40:20,2026-08-07 05:38:02.038329,2026-08-07 05:40:19
61,HU-1-4-1786081104566-1,,,RESERVED,VENDOR,1,4,4,3,3,34.0,27,61,,,Inbound stock received at hub,Outbound reservation created,2026-08-07 05:38:25,2026-08-07 08:49:50,,,2026-08-07 08:49:50,2026-08-07 05:38:24.566449,2026-08-07 08:49:50
62,HU-1-4-1786081840328-1,,,RESERVED,VENDOR,1,4,4,3,3,38.0,28,67,,,Inbound stock received at hub,Outbound reservation created,2026-08-07 05:50:40,2026-08-07 11:05:05,,,2026-08-07 11:05:05,2026-08-07 05:50:40.329409,2026-08-07 11:05:04
63,HU-1-3-1786082397672-1,,,AVAILABLE,VENDOR,1,3,3,7,7,31.0,31,69,,,Inbound stock received at hub,Inbound stock received at hub,2026-08-07 05:59:58,,,,2026-08-07 05:59:58,2026-08-07 05:59:57.682780,2026-08-07 05:59:57.682780
64,HU-1-3-1786083124496-1,,,AVAILABLE,VENDOR,1,3,3,7,7,32.0,32,72,,,Inbound stock received at hub,Inbound stock received at hub,2026-08-07 06:12:04,,,,2026-08-07 06:12:04,2026-08-07 06:12:04.510219,2026-08-07 06:12:04.510219
65,HU-1-3-1786091422651-1,,,AVAILABLE,VENDOR,1,3,3,7,7,31.0,31,71,,,Inbound stock received at hub,Inbound stock received at hub,2026-08-07 08:30:23,,,,2026-08-07 08:30:23,2026-08-07 08:30:22.672909,2026-08-07 08:30:22.672909
66,HU-1-4-1786092277476-1,,,RESERVED,VENDOR,1,4,4,3,3,41.0,33,73,,,Inbound stock received at hub,Outbound reservation created,2026-08-07 08:44:37,2026-08-08 04:06:10,,,2026-08-08 04:06:10,2026-08-07 08:44:37.487087,2026-08-08 04:06:09
67,HU-1-4-1786092439482-1,,,RESERVED,VENDOR,1,4,4,3,3,42.0,34,76,,,Inbound stock received at hub,Outbound reservation created,2026-08-07 08:47:19,2026-08-08 04:10:45,,,2026-08-08 04:10:45,2026-08-07 08:47:19.492086,2026-08-08 04:10:45
68,HU-1-4-1786092545378-1,,,RESERVED,VENDOR,1,4,4,3,3,42.0,33,75,,,Inbound stock received at hub,Outbound reservation created,2026-08-07 08:49:05,2026-08-08 04:10:45,,,2026-08-08 04:10:45,2026-08-07 08:49:05.390356,2026-08-08 04:10:45
69,HU-1-3-1786092822023-1,,,AVAILABLE,VENDOR,1,3,3,7,7,35.0,35,78,,,Inbound stock received at hub,Inbound stock received at hub,2026-08-07 08:53:42,,,,2026-08-07 08:53:42,2026-08-07 08:53:42.034534,2026-08-07 08:53:42.034534
70,HU-1-3-1786093407692-1,,,AVAILABLE,VENDOR,1,3,3,7,7,36.0,36,81,,,Inbound stock received at hub,Inbound stock received at hub,2026-08-07 09:03:28,,,,2026-08-07 09:03:28,2026-08-07 09:03:27.704473,2026-08-07 09:03:27.704473
71,HU-1-4-1786100637057-1,,,RESERVED,VENDOR,1,4,4,3,3,43.0,38,84,,,Inbound stock received at hub,Outbound reservation created,2026-08-07 11:03:57,2026-08-08 04:14:37,,,2026-08-08 04:14:37,2026-08-07 11:03:57.111782,2026-08-08 04:14:36
72,HU-1-4-1786102625657-1,,,RESERVED,VENDOR,1,4,4,3,3,44.0,37,83,,,Inbound stock received at hub,Outbound reservation created,2026-08-07 11:37:06,2026-08-08 04:17:32,,,2026-08-08 04:17:32,2026-08-07 11:37:05.665858,2026-08-08 04:17:31
73,HU-1-4-1786161892720-1,,,RESERVED,VENDOR,1,4,4,3,3,44.0,41,86,,,Inbound stock received at hub,Outbound reservation created,2026-08-08 04:04:53,2026-08-08 04:17:32,,,2026-08-08 04:17:32,2026-08-08 04:04:52.728195,2026-08-08 04:17:32
74,HU-1-4-1786162204001-1,,,RESERVED,VENDOR,1,4,4,3,3,45.0,42,89,,,Inbound stock received at hub,Outbound reservation created,2026-08-08 04:10:04,2026-08-08 05:35:26,,,2026-08-08 05:35:26,2026-08-08 04:10:04.011914,2026-08-08 05:35:25
75,HU-1-4-1786162444135-1,,,RESERVED,VENDOR,1,4,4,3,3,56.0,43,92,,,Inbound stock received at hub,Outbound reservation created,2026-08-08 04:14:04,2026-08-10 06:19:07,,,2026-08-10 06:19:07,2026-08-08 04:14:04.150664,2026-08-10 06:19:07
76,HU-1-4-1786162622981-1,,,RESERVED,VENDOR,1,4,4,3,3,37.0,44,95,,,Inbound stock received at hub,Outbound reservation created,2026-08-08 04:17:03,2026-08-22 10:33:11,,,2026-08-22 10:33:11,2026-08-08 04:17:02.992284,2026-08-22 10:33:11
77,HU-1-4-1786167291032-1,,,AVAILABLE,VENDOR,1,4,4,3,3,45.0,45,98,,,Inbound stock received at hub,Inbound stock received at hub,2026-08-08 05:34:51,,,,2026-08-08 05:34:51,2026-08-08 05:34:51.049730,2026-08-08 05:34:51.049730
78,HU-1-3-1786175778811-1,,,AVAILABLE,VENDOR,1,3,3,7,7,46.0,46,100,,,Inbound stock received at hub,Inbound stock received at hub,2026-08-08 07:56:19,,,,2026-08-08 07:56:19,2026-08-08 07:56:18.819705,2026-08-08 07:56:18.819705
79,HU-1-16-1786175792815-1,,,RESERVED,VENDOR,1,16,36,7,7,47.0,47,101,,,Inbound stock received at hub,Outbound reservation created,2026-08-08 07:56:33,2026-08-08 08:00:36,,,2026-08-08 08:00:36,2026-08-08 07:56:32.828380,2026-08-08 08:00:36
80,HU-1-17-1786175805763-1,,,RESERVED,VENDOR,1,17,37,7,7,48.0,48,102,,,Inbound stock received at hub,Outbound reservation created,2026-08-08 07:56:46,2026-08-08 08:00:36,,,2026-08-08 08:00:36,2026-08-08 07:56:45.771043,2026-08-08 08:00:36
81,HU-1-4-1786175865725-1,,,AVAILABLE,VENDOR,1,4,4,3,3,43.0,43,94,,,Inbound stock received at hub,Inbound stock received at hub,2026-08-08 07:57:46,,,,2026-08-08 07:57:46,2026-08-08 07:57:45.733238,2026-08-08 07:57:45.733238
82,HU-1-17-1786180596827-1,,,RESERVED,VENDOR,1,17,37,7,7,51.0,51,104,,,Inbound stock received at hub,Outbound reservation created,2026-08-08 09:16:37,2026-08-08 09:17:34,,,2026-08-08 09:17:34,2026-08-08 09:16:36.836475,2026-08-08 09:17:34
83,HU-1-16-1786182285638-1,,,RESERVED,VENDOR,1,16,36,7,7,59.0,52,106,,,Inbound stock received at hub,Outbound reservation created,2026-08-08 09:44:46,2026-08-10 09:02:01,,,2026-08-10 09:02:01,2026-08-08 09:44:45.648117,2026-08-10 09:02:00
84,HU-1-17-1786184977782-1,,,RESERVED,VENDOR,1,17,37,7,7,53.0,53,107,,,Inbound stock received at hub,Outbound reservation created,2026-08-08 10:29:38,2026-08-08 10:30:24,,,2026-08-08 10:30:24,2026-08-08 10:29:37.797848,2026-08-08 10:30:23
85,HU-1-17-1786185304179-1,,,RESERVED,VENDOR,1,17,37,7,7,54.0,54,110,,,Inbound stock received at hub,Outbound reservation created,2026-08-08 10:35:04,2026-08-08 10:35:43,,,2026-08-08 10:35:43,2026-08-08 10:35:04.218598,2026-08-08 10:35:43
86,HU-1-17-1786186984427-1,,,RESERVED,VENDOR,1,17,37,7,7,55.0,55,112,,,Inbound stock received at hub,Outbound reservation created,2026-08-08 11:03:04,2026-08-08 11:03:47,,,2026-08-08 11:03:47,2026-08-08 11:03:04.430411,2026-08-08 11:03:47
87,HU-1-4-1786193410335-1,,,AVAILABLE,VENDOR,1,4,4,3,3,28.0,28,114,,,Inbound stock received at hub,Inbound stock received at hub,2026-08-08 12:50:10,,,,2026-08-08 12:50:10,2026-08-08 12:50:10.345609,2026-08-08 12:50:10.345609
88,HU-1-4-1786193411384-1,,,RTV_LOCKED,VENDOR,1,4,4,4,4,28.0,28,68,,24.0,Customer return received at hub | actor:1 | Return QC pass — pending RTV batch,Return QC pass — pending RTV batch,2026-08-08 12:50:11,,,2026-08-08 12:50:28,2026-08-08 12:50:28,2026-08-08 12:50:11.415610,2026-08-08 12:50:28
89,HU-1-4-1786342713862-1,,,AVAILABLE,VENDOR,1,4,4,3,3,56.0,56,115,,,Inbound stock received at hub,Inbound stock received at hub,2026-08-10 06:18:34,,,,2026-08-10 06:18:34,2026-08-10 06:18:33.874724,2026-08-10 06:18:33.874724
90,HU-1-4-1786342851471-1,,,AVAILABLE,VENDOR,1,4,4,3,3,56.0,56,117,,,Inbound stock received at hub,Inbound stock received at hub,2026-08-10 06:20:51,,,,2026-08-10 06:20:51,2026-08-10 06:20:51.499352,2026-08-10 06:20:51.499352
91,HU-1-4-1786342852248-1,,,RTV_LOCKED,VENDOR,1,4,4,4,4,56.0,56,116,,25.0,Customer return received at hub | actor:1 | Return QC pass — pending RTV batch,Return QC pass — pending RTV batch,2026-08-10 06:20:52,,,2026-08-10 06:21:02,2026-08-10 06:21:02,2026-08-10 06:20:52.259910,2026-08-10 06:21:02
92,HU-1-3-1786350889939-1,,,AVAILABLE,VENDOR,1,3,3,7,7,57.0,57,118,,,Inbound stock received at hub,Inbound stock received at hub,2026-08-10 08:34:50,,,,2026-08-10 08:34:50,2026-08-10 08:34:49.947609,2026-08-10 08:34:49.947609
93,HU-1-17-1786352049460-1,,,RESERVED,VENDOR,1,17,37,7,7,58.0,58,120,,,Inbound stock received at hub,Outbound reservation created,2026-08-10 08:54:09,2026-08-10 08:54:59,,,2026-08-10 08:54:59,2026-08-10 08:54:09.468447,2026-08-10 08:54:59
94,HU-1-16-1786352475833-1,,,RESERVED,VENDOR,1,16,36,7,7,61.0,59,122,,,Inbound stock received at hub,Outbound reservation created,2026-08-10 09:01:16,2026-08-10 09:14:02,,,2026-08-10 09:14:02,2026-08-10 09:01:15.842086,2026-08-10 09:14:01
95,HU-1-16-1786353182590-1,,,RESERVED,VENDOR,1,16,36,7,7,74.0,61,125,,,Inbound stock received at hub,Outbound reservation created,2026-08-10 09:13:03,2026-08-13 09:25:39,,,2026-08-13 09:25:39,2026-08-10 09:13:02.599688,2026-08-13 09:25:38
96,HU-1-16-1786355350460-1,,,RESERVED,VENDOR,1,16,36,7,7,105.0,63,127,,,Inbound stock received at hub,Outbound reservation created,2026-08-10 09:49:10,2026-08-19 10:01:21,,,2026-08-19 10:01:21,2026-08-10 09:49:10.481835,2026-08-19 10:01:20
97,HU-1-3-1786355897056-1,,,AVAILABLE,VENDOR,1,3,3,7,7,60.0,60,124,,,Inbound stock received at hub,Inbound stock received at hub,2026-08-10 09:58:17,,,,2026-08-10 09:58:17,2026-08-10 09:58:17.083653,2026-08-10 09:58:17.083653
98,HU-1-16-1786357191411-1,,,RESERVED,VENDOR,1,16,36,7,7,75.0,64,128,,,Inbound stock received at hub,Outbound reservation created,2026-08-10 10:19:51,2026-09-03 08:13:46,,,2026-09-03 08:13:46,2026-08-10 10:19:51.425984,2026-09-03 08:13:46
99,HU-1-16-1786359459756-1,,,RESERVED,VENDOR,1,16,36,7,7,66.0,65,129,,,Inbound stock received at hub,Outbound reservation created,2026-08-10 10:57:40,2026-09-03 08:13:47,,,2026-09-03 08:13:47,2026-08-10 10:57:39.779641,2026-09-03 08:13:46
100,HU-1-16-1786376148132-1,,,RESERVED,VENDOR,1,16,36,7,7,251.0,66,130,,,Inbound stock received at hub,Outbound reservation created,2026-08-10 15:35:48,2026-09-03 09:18:47,,,2026-09-03 09:18:47,2026-08-10 15:35:48.131461,2026-09-03 09:18:47
101,HU-1-13-1786423209031-1,,,RESERVED,VENDOR,1,13,30,3,3,67.0,67,131,,,Inbound stock received at hub,Outbound reservation created,2026-08-11 04:40:09,2026-08-11 04:40:45,,,2026-08-11 04:40:45,2026-08-11 04:40:09.033765,2026-08-11 04:40:45
102,HU-1-13-1786424480729-1,,,RESERVED,VENDOR,1,13,30,3,3,68.0,68,133,,,Inbound stock received at hub,Outbound reservation created,2026-08-11 05:01:21,2026-08-11 05:01:49,,,2026-08-11 05:01:49,2026-08-11 05:01:20.736156,2026-08-11 05:01:49
103,HU-1-13-1786425000351-1,,,RESERVED,VENDOR,1,13,30,3,3,69.0,69,135,,,Inbound stock received at hub,Outbound reservation created,2026-08-11 05:10:00,2026-08-11 05:10:29,,,2026-08-11 05:10:29,2026-08-11 05:10:00.357346,2026-08-11 05:10:29
104,HU-1-10-1786459116691-1,,,RESERVED,VENDOR,1,10,25,10,10,71.0,71,137,,,Inbound stock received at hub,Outbound reservation created,2026-08-11 14:38:37,2026-08-11 14:41:37,,,2026-08-11 14:41:37,2026-08-11 14:38:36.704706,2026-08-11 14:41:36
105,HU-1-10-1786460466683-1,,,AVAILABLE,VENDOR,1,10,25,10,10,71.0,71,139,,,Inbound stock received at hub,Inbound stock received at hub,2026-08-11 15:01:07,,,,2026-08-11 15:01:07,2026-08-11 15:01:06.693017,2026-08-11 15:01:06.693017
106,HU-1-10-1786460467678-1,,,RTV_LOCKED,VENDOR,1,10,25,9,9,71.0,71,138,,26.0,Customer return received at hub | actor:1 | Return QC pass — pending RTV batch,Return QC pass — pending RTV batch,2026-08-11 15:01:08,,,2026-08-11 15:02:06,2026-08-11 15:02:06,2026-08-11 15:01:07.689230,2026-08-11 15:02:06
107,HU-1-16-1786613076330-1,,,SOLD,VENDOR,1,16,36,7,7,299.0,74,140,,,Inbound stock received at hub,Outbound delivered to customer,2026-08-13 09:24:36,2026-09-08 11:08:41,2026-09-08 11:08:52,,2026-09-08 11:08:52,2026-08-13 09:24:36.336717,2026-09-08 11:08:51
108,HU-1-16-1786613373818-1,,,SOLD,VENDOR,1,16,36,7,7,315.0,75,142,,,Inbound stock received at hub,Outbound delivered to customer,2026-08-13 09:29:34,2026-09-09 07:52:04,2026-09-09 07:52:16,,2026-09-09 07:52:16,2026-08-13 09:29:33.825005,2026-09-09 07:52:15
109,HU-1-27-1786617458655-1,,,RESERVED,VENDOR,1,27,49,7,7,77.0,76,143,,,Inbound stock received at hub,Outbound reservation created,2026-08-13 10:37:39,2026-08-13 10:50:53,,,2026-08-13 10:50:53,2026-08-13 10:37:38.671279,2026-08-13 10:50:53
110,HU-1-27-1786618187215-1,,,RESERVED,VENDOR,1,27,49,7,7,114.0,77,144,,,Inbound stock received at hub,Outbound reservation created,2026-08-13 10:49:47,2026-08-20 13:41:38,,,2026-08-20 13:41:38,2026-08-13 10:49:47.227502,2026-08-20 13:41:38
111,HU-1-27-1786621684274-1,,,RTV_LOCKED,VENDOR,1,27,49,7,7,79.0,79,147,,27.0,Inbound stock received at hub | actor:1 | Order cancelled — RTV to vendor (ADMIN),Order cancelled — RTV to vendor (ADMIN),2026-08-13 11:48:04,,,,2026-08-13 11:53:10,2026-08-13 11:48:04.295231,2026-08-13 11:53:09
112,HU-1-27-1786623977187-1,,,RESERVED,VENDOR,1,27,49,7,7,80.0,80,148,,,Inbound stock received at hub,Outbound reservation created,2026-08-13 12:26:17,2026-08-22 10:29:47,,,2026-08-22 10:29:47,2026-08-13 12:26:17.203634,2026-08-22 10:29:47
113,HU-1-19-1787027299146-1,,,RESERVED,VENDOR,1,19,41,3,3,97.0,97,149,,,Inbound stock received at hub,Outbound reservation created,2026-08-18 04:28:19,2026-08-18 04:28:57,,,2026-08-18 04:28:57,2026-08-18 04:28:19.165848,2026-08-18 04:28:57
114,HU-1-25-1787031033151-1,,,RESERVED,VENDOR,1,25,47,3,3,96.0,96,151,,,Inbound stock received at hub,Outbound reservation created,2026-08-18 05:30:33,2026-08-18 05:31:10,,,2026-08-18 05:31:10,2026-08-18 05:30:33.157422,2026-08-18 05:31:09
115,HU-1-16-1787133619596-1,,,SOLD,VENDOR,1,16,36,7,7,316.0,105,153,,,Inbound stock received at hub,Outbound delivered to customer,2026-08-19 10:00:20,2026-09-09 09:02:57,2026-09-09 09:03:10,,2026-09-09 09:03:10,2026-08-19 10:00:19.622156,2026-09-09 09:03:10
116,HU-1-16-1787134095775-1,,,SOLD,VENDOR,1,16,36,7,7,317.0,105,155,,,Inbound stock received at hub,Outbound delivered to customer,2026-08-19 10:08:16,2026-09-09 09:11:59,2026-09-09 09:18:06,,2026-09-09 09:18:06,2026-08-19 10:08:15.803714,2026-09-09 09:18:05
117,HU-1-16-1787134096747-1,,,RTV_LOCKED,VENDOR,1,16,36,6,6,105.0,105,154,,28.0,Customer return received at hub | actor:1 | Return QC pass — pending RTV batch,Return QC pass — pending RTV batch,2026-08-19 10:08:17,,,2026-08-19 10:08:54,2026-08-19 10:08:54,2026-08-19 10:08:16.771744,2026-08-19 10:08:54
118,HU-1-33-1787231617507-1,,,RESERVED,VENDOR,1,33,55,3,3,110.0,110,157,,,Inbound stock received at hub,Outbound reservation created,2026-08-20 13:13:38,2026-08-20 13:14:25,,,2026-08-20 13:14:25,2026-08-20 13:13:37.526586,2026-08-20 13:14:24
119,HU-1-33-1787232025309-1,,,AVAILABLE,VENDOR,1,33,55,3,3,110.0,110,159,,,Inbound stock received at hub,Inbound stock received at hub,2026-08-20 13:20:25,,,,2026-08-20 13:20:25,2026-08-20 13:20:25.326759,2026-08-20 13:20:25.326759
120,HU-1-33-1787232026066-1,,,PENDING_QC,CUSTOMER,1,33,55,4,4,110.0,110,158,,30.0,Customer return received at hub,Customer return received at hub,2026-08-20 13:20:26,,,,2026-08-20 13:20:26,2026-08-20 13:20:26.084640,2026-08-20 13:20:26.084640
121,HU-1-27-1787232870109-1,,,RESERVED,VENDOR,1,27,49,7,7,79.0,114,161,,,Inbound stock received at hub,Outbound reservation created,2026-08-20 13:34:30,2026-08-22 10:29:47,,,2026-08-22 10:29:47,2026-08-20 13:34:30.120562,2026-08-22 10:29:47
122,HU-1-51-1787326052824-1,,,RESERVED,VENDOR,1,51,76,5,5,116.0,116,163,,,Inbound stock received at hub,Outbound reservation created,2026-08-21 15:27:33,2026-08-21 15:28:20,,,2026-08-21 15:28:20,2026-08-21 15:27:32.834700,2026-08-21 15:28:20
123,HU-1-51-1787326388284-1,,,RESERVED,VENDOR,1,51,76,5,5,117.0,117,165,,,Inbound stock received at hub,Outbound reservation created,2026-08-21 15:33:08,2026-08-21 15:33:50,,,2026-08-21 15:33:50,2026-08-21 15:33:08.296896,2026-08-21 15:33:49
124,HU-1-51-1787326539951-1,,,RESERVED,VENDOR,1,51,76,5,5,119.0,116,167,,,Inbound stock received at hub,Outbound reservation created,2026-08-21 15:35:40,2026-08-22 06:36:44,,,2026-08-22 06:36:44,2026-08-21 15:35:39.984067,2026-08-22 06:36:44
125,HU-1-51-1787326540637-1,,,RTV_LOCKED,VENDOR,1,51,76,6,6,116.0,116,164,,31.0,Customer return received at hub | actor:1 | Return QC pass — pending RTV batch,Return QC pass — pending RTV batch,2026-08-21 15:35:41,,,2026-08-21 15:36:13,2026-08-21 15:36:13,2026-08-21 15:35:40.649253,2026-08-21 15:36:12
126,HU-1-51-1787380555875-1,,,RESERVED,VENDOR,1,51,76,5,5,119.0,119,169,,,Inbound stock received at hub,Outbound reservation created,2026-08-22 06:35:56,2026-08-22 06:36:45,,,2026-08-22 06:36:45,2026-08-22 06:35:55.892582,2026-08-22 06:36:44
127,HU-1-51-1787380804156-1,,,RESERVED,VENDOR,1,51,76,5,5,120.0,117,168,,,Inbound stock received at hub,Outbound reservation created,2026-08-22 06:40:04,2026-08-22 06:46:57,,,2026-08-22 06:46:57,2026-08-22 06:40:04.181090,2026-08-22 06:46:56
128,HU-1-51-1787380804921-1,,,RTV_LOCKED,VENDOR,1,51,76,6,6,117.0,117,166,,32.0,Customer return received at hub | actor:1 | Exchange old-item QC pass — pending RTV to vendor,Exchange old-item QC pass — pending RTV to vendor,2026-08-22 06:40:05,,,2026-08-22 06:40:19,2026-08-22 06:40:19,2026-08-22 06:40:04.940615,2026-08-22 06:40:18
129,HU-1-51-1787381156490-1,,,RESERVED,VENDOR,1,51,76,5,5,120.0,120,173,,,Inbound stock received at hub,Outbound reservation created,2026-08-22 06:45:56,2026-08-22 06:46:57,,,2026-08-22 06:46:57,2026-08-22 06:45:56.511366,2026-08-22 06:46:56
130,HU-1-51-1787381486160-1,,,RESERVED,VENDOR,1,51,76,5,5,125.0,121,177,,,Inbound stock received at hub,Outbound reservation created,2026-08-22 06:51:26,2026-08-25 13:27:45,,,2026-08-25 13:27:45,2026-08-22 06:51:26.176077,2026-08-25 13:27:44
131,HU-1-51-1787381503458-1,,,RESERVED,VENDOR,1,51,76,5,5,147.0,120,176,,,Inbound stock received at hub,Outbound reservation created,2026-08-22 06:51:43,2026-08-25 13:32:16,,,2026-08-25 13:32:16,2026-08-22 06:51:43.475088,2026-08-25 13:32:16
132,HU-1-51-1787381514523-1,,,RESERVED,VENDOR,1,51,76,5,5,149.0,119,172,,,Inbound stock received at hub,Outbound reservation created,2026-08-22 06:51:55,2026-08-25 13:37:58,,,2026-08-25 13:37:58,2026-08-22 06:51:54.541000,2026-08-25 13:37:57
133,HU-1-51-1787381515059-1,,,PENDING_QC,CUSTOMER,1,51,76,6,6,119.0,119,171,,33.0,Customer return received at hub,Customer return received at hub,2026-08-22 06:51:55,,,,2026-08-22 06:51:55,2026-08-22 06:51:55.074528,2026-08-22 06:51:55.074528
134,HU-1-51-1787381524746-1,,,RESERVED,VENDOR,1,51,76,5,5,163.0,120,176,,,Inbound stock received at hub,Outbound reservation created,2026-08-22 06:52:05,2026-08-26 17:16:32,,,2026-08-26 17:16:32,2026-08-22 06:52:04.760846,2026-08-26 17:16:31
135,HU-1-51-1787381535278-1,,,RESERVED,VENDOR,1,51,76,5,5,164.0,120,176,,,Inbound stock received at hub,Outbound reservation created,2026-08-22 06:52:15,2026-08-26 18:00:44,,,2026-08-26 18:00:44,2026-08-22 06:52:15.293924,2026-08-26 18:00:44
136,HU-1-53-1787393320806-1,,,RESERVED,VENDOR,1,53,78,3,3,122.0,122,178,,,Inbound stock received at hub,Outbound reservation created,2026-08-22 10:08:41,2026-08-22 10:19:07,,,2026-08-22 10:19:07,2026-08-22 10:08:40.816250,2026-08-22 10:19:06
137,HU-1-51-1787664399064-1,,,RESERVED,VENDOR,1,51,76,5,5,165.0,125,183,,,Inbound stock received at hub,Outbound reservation created,2026-08-25 13:26:39,2026-08-26 18:16:44,,,2026-08-26 18:16:44,2026-08-25 13:26:39.073573,2026-08-26 18:16:43
138,HU-1-51-1787664699230-1,,,RESERVED,VENDOR,1,51,76,5,5,205.0,147,185,,,Inbound stock received at hub,Outbound reservation created,2026-08-25 13:31:39,2026-08-31 09:00:18,,,2026-08-31 09:00:18,2026-08-25 13:31:39.238605,2026-08-31 09:00:18
139,HU-1-51-1787665044803-1,,,AVAILABLE,VENDOR,1,51,76,5,5,149.0,149,189,,,Inbound stock received at hub,Inbound stock received at hub,2026-08-25 13:37:25,,,,2026-08-25 13:37:25,2026-08-25 13:37:24.811056,2026-08-25 13:37:24.811056
140,HU-1-51-1787764553185-1,,,AVAILABLE,VENDOR,1,51,76,5,5,163.0,163,192,,,Inbound stock received at hub,Inbound stock received at hub,2026-08-26 17:15:53,,,,2026-08-26 17:15:53,2026-08-26 17:15:53.191721,2026-08-26 17:15:53.191721
141,HU-1-51-1787765656902-1,,,AVAILABLE,VENDOR,1,51,76,5,5,115.0,115,191,,,Inbound stock received at hub,Inbound stock received at hub,2026-08-26 17:34:17,,,,2026-08-26 17:34:17,2026-08-26 17:34:16.911552,2026-08-26 17:34:16.911552
142,HU-1-19-1787765679000-1,,,AVAILABLE,VENDOR,1,19,41,3,3,97.0,97,156,,,Inbound stock received at hub,Inbound stock received at hub,2026-08-26 17:34:39,,,,2026-08-26 17:34:39,2026-08-26 17:34:39.005849,2026-08-26 17:34:39.005849
143,HU-1-51-1787765690101-1,,,AVAILABLE,VENDOR,1,51,76,5,5,163.0,163,194,,,Inbound stock received at hub,Inbound stock received at hub,2026-08-26 17:34:50,,,,2026-08-26 17:34:50,2026-08-26 17:34:50.105916,2026-08-26 17:34:50.105916
144,HU-1-51-1787765690884-1,,,RTV_LOCKED,VENDOR,1,51,76,8,8,163.0,163,193,,36.0,Customer return received at hub | actor:1 | Return QC pass — pending RTV batch,Return QC pass — pending RTV batch,2026-08-26 17:34:51,,,2026-08-26 17:36:34,2026-08-26 17:36:34,2026-08-26 17:34:50.902049,2026-08-26 17:36:34
145,HU-1-51-1787767097844-1,,,AVAILABLE,VENDOR,1,51,76,5,5,164.0,164,195,,,Inbound stock received at hub,Inbound stock received at hub,2026-08-26 17:58:18,,,,2026-08-26 17:58:18,2026-08-26 17:58:17.857402,2026-08-26 17:58:17.857402
146,HU-1-51-1787767499611-1,,,AVAILABLE,VENDOR,1,51,76,5,5,164.0,164,197,,,Inbound stock received at hub,Inbound stock received at hub,2026-08-26 18:05:00,,,,2026-08-26 18:05:00,2026-08-26 18:04:59.626569,2026-08-26 18:04:59.626569
147,HU-1-51-1787767500140-1,,,RTV_LOCKED,VENDOR,1,51,76,8,8,164.0,164,196,,37.0,"Customer return received at hub | actor:1 | QC fail, move to vendor claim / RTV zone","QC fail, move to vendor claim / RTV zone",2026-08-26 18:05:00,,,2026-08-26 18:07:16,2026-08-26 18:07:16,2026-08-26 18:05:00.154803,2026-08-26 18:07:16
148,HU-1-51-1787768140604-1,,,AVAILABLE,VENDOR,1,51,76,5,5,165.0,165,198,,,Inbound stock received at hub,Inbound stock received at hub,2026-08-26 18:15:41,,,,2026-08-26 18:15:41,2026-08-26 18:15:40.616722,2026-08-26 18:15:40.616722
149,HU-1-51-1787769101411-1,,,AVAILABLE,VENDOR,1,51,76,5,5,165.0,165,200,,,Inbound stock received at hub,Inbound stock received at hub,2026-08-26 18:31:41,,,,2026-08-26 18:31:41,2026-08-26 18:31:41.422840,2026-08-26 18:31:41.422840
150,HU-1-51-1787769110718-1,,,AVAILABLE,VENDOR,1,51,76,5,5,166.0,166,201,,,Inbound stock received at hub,Inbound stock received at hub,2026-08-26 18:31:51,,,,2026-08-26 18:31:51,2026-08-26 18:31:50.726416,2026-08-26 18:31:50.726416
151,HU-1-51-1787769146416-1,,,AVAILABLE,VENDOR,1,51,76,5,5,166.0,166,201,,,Inbound stock received at hub,Inbound stock received at hub,2026-08-26 18:32:26,,,,2026-08-26 18:32:26,2026-08-26 18:32:26.422408,2026-08-26 18:32:26.422408
152,HU-1-51-1787769224124-1,,,AVAILABLE,VENDOR,1,51,76,5,5,165.0,165,200,,,Inbound stock received at hub,Inbound stock received at hub,2026-08-26 18:33:44,,,,2026-08-26 18:33:44,2026-08-26 18:33:44.131721,2026-08-26 18:33:44.131721
153,HU-1-51-1787769224508-1,,,PENDING_QC,CUSTOMER,1,51,76,8,8,165.0,165,199,,38.0,Customer return received at hub,Customer return received at hub,2026-08-26 18:33:45,,,,2026-08-26 18:33:45,2026-08-26 18:33:44.515034,2026-08-26 18:33:44.515034
154,HU-1-51-1787769237299-1,,,AVAILABLE,VENDOR,1,51,76,5,5,148.0,148,188,,,Inbound stock received at hub,Inbound stock received at hub,2026-08-26 18:33:57,,,,2026-08-26 18:33:57,2026-08-26 18:33:57.309867,2026-08-26 18:33:57.309867
155,HU-1-27-1787829295775-1,,,RESERVED,VENDOR,1,27,49,7,7,199.0,199,204,,,Inbound stock received at hub,Outbound reservation created,2026-08-27 11:14:56,2026-08-27 11:33:53,,,2026-08-27 11:33:53,2026-08-27 11:14:55.781098,2026-08-27 11:33:52
156,HU-1-60-1787985082401-1,,,RESERVED,VENDOR,1,60,88,3,3,201.0,201,206,,,Inbound stock received at hub,Outbound reservation created,2026-08-29 06:31:22,2026-08-29 06:32:02,,,2026-08-29 06:32:02,2026-08-29 06:31:22.401864,2026-08-29 06:32:02
157,HU-1-62-1787987878060-1,,,RESERVED,VENDOR,1,62,90,3,3,204.0,204,208,,,Inbound stock received at hub,Outbound reservation created,2026-08-29 07:17:58,2026-08-29 07:18:32,,,2026-08-29 07:18:32,2026-08-29 07:17:58.058167,2026-08-29 07:18:32
158,HU-1-62-1787990915369-1,,,RTV_LOCKED,VENDOR,1,62,90,3,3,254.0,204,210,,41.0,Inbound stock received at hub | actor:1 | Order cancelled — RTV to vendor (ADMIN),Order cancelled — RTV to vendor (ADMIN),2026-08-29 08:08:35,2026-09-03 10:57:36,,,2026-09-03 11:01:50,2026-08-29 08:08:35.371469,2026-09-03 11:01:50
159,HU-1-62-1787990939042-1,,,AVAILABLE,VENDOR,1,62,90,3,3,204.0,204,210,,,Inbound stock received at hub,Inbound stock received at hub,2026-08-29 08:08:59,,,,2026-08-29 08:08:59,2026-08-29 08:08:59.046025,2026-08-29 08:08:59.046025
160,HU-1-62-1787990939533-1,,,RTV_LOCKED,VENDOR,1,62,90,6,6,204.0,204,209,,39.0,Customer return received at hub | actor:1 | Return QC pass — pending RTV batch,Return QC pass — pending RTV batch,2026-08-29 08:09:00,,,2026-08-29 08:09:24,2026-08-29 08:09:24,2026-08-29 08:08:59.534489,2026-08-29 08:09:24
161,HU-1-51-1788166784106-1,,,AVAILABLE,VENDOR,1,51,76,5,5,205.0,205,211,,,Inbound stock received at hub,Inbound stock received at hub,2026-08-31 08:59:44,,,,2026-08-31 08:59:44,2026-08-31 08:59:44.117428,2026-08-31 08:59:44.117428
162,HU-1-3-1788413500144-1,,,AVAILABLE,VENDOR,1,3,3,7,7,238.0,238,214,,,Inbound stock received at hub,Inbound stock received at hub,2026-09-03 05:31:40,,,,2026-09-03 05:31:40,2026-09-03 05:31:40.149425,2026-09-03 05:31:40.149425
163,HU-1-27-1788415336494-1,,,RTV_LOCKED,VENDOR,1,27,49,7,7,239.0,239,216,,40.0,Inbound stock received at hub | actor:1 | Order cancelled — RTV to vendor (ADMIN),Order cancelled — RTV to vendor (ADMIN),2026-09-03 06:02:16,,,,2026-09-03 06:06:32,2026-09-03 06:02:16.497673,2026-09-03 06:06:31
164,HU-1-16-1788417635840-1,,,SOLD,VENDOR,1,16,36,7,7,317.0,244,217,,,Inbound stock received at hub,Outbound delivered to customer,2026-09-03 06:40:36,2026-09-09 09:12:00,2026-09-09 09:18:06,,2026-09-09 09:18:06,2026-09-03 06:40:35.824818,2026-09-09 09:18:05
165,HU-1-27-1788425071989-1,,,RESERVED,VENDOR,1,27,49,7,7,247.0,247,219,,,Inbound stock received at hub,Outbound reservation created,2026-09-03 08:44:32,2026-09-03 08:48:40,,,2026-09-03 08:48:40,2026-09-03 08:44:31.996351,2026-09-03 08:48:40
166,HU-1-27-1788426671443-1,,,RESERVED,VENDOR,1,27,49,7,7,250.0,250,221,,,Inbound stock received at hub,Outbound reservation created,2026-09-03 09:11:11,2026-09-03 09:12:24,,,2026-09-03 09:12:24,2026-09-03 09:11:11.443247,2026-09-03 09:12:23
167,HU-1-16-1788427050473-1,,,AVAILABLE,VENDOR,1,16,36,7,7,251.0,251,223,,,Inbound stock received at hub,Inbound stock received at hub,2026-09-03 09:17:30,,,,2026-09-03 09:17:30,2026-09-03 09:17:30.473164,2026-09-03 09:17:30.473164
168,HU-1-62-1788432982802-1,,,RTV_LOCKED,VENDOR,1,62,90,3,3,254.0,254,225,,41.0,Inbound stock received at hub | actor:1 | Order cancelled — RTV to vendor (ADMIN),Order cancelled — RTV to vendor (ADMIN),2026-09-03 10:56:23,,,,2026-09-03 11:01:50,2026-09-03 10:56:22.809093,2026-09-03 11:01:50
169,HU-1-59-1788433598609-1,,,RESERVED,VENDOR,1,59,87,3,3,256.0,256,227,,,Inbound stock received at hub,Outbound reservation created,2026-09-03 11:06:39,2026-09-03 11:07:49,,,2026-09-03 11:07:49,2026-09-03 11:06:38.614451,2026-09-03 11:07:48
170,HU-1-60-1788434095534-1,,,RESERVED,VENDOR,1,60,88,3,3,258.0,258,229,,,Inbound stock received at hub,Outbound reservation created,2026-09-03 11:14:56,2026-09-03 11:15:44,,,2026-09-03 11:15:44,2026-09-03 11:14:55.540052,2026-09-03 11:15:43
171,HU-1-62-1788444080396-1,,,AVAILABLE,VENDOR,1,62,90,3,3,263.0,263,233,,,Inbound stock received at hub,Inbound stock received at hub,2026-09-03 14:01:20,,,,2026-09-03 14:01:20,2026-09-03 14:01:20.410341,2026-09-03 14:01:20.410341
172,HU-1-82-1788495337401-1,,,RESERVED,VENDOR,1,82,105,15,15,264.0,264,234,,,Inbound stock received at hub,Outbound reservation created,2026-09-04 04:15:37,2026-09-04 04:17:21,,,2026-09-04 04:17:21,2026-09-04 04:15:37.400855,2026-09-04 04:17:21
173,HU-1-3-1788510962382-1,,,AVAILABLE,VENDOR,1,3,3,7,7,268.0,268,236,,,Inbound stock received at hub,Inbound stock received at hub,2026-09-04 08:36:02,,,,2026-09-04 08:36:02,2026-09-04 08:36:02.394677,2026-09-04 08:36:02.394677
174,HU-1-3-1788512788357-1,,,AVAILABLE,VENDOR,1,3,3,7,7,268.0,268,238,,,Inbound stock received at hub,Inbound stock received at hub,2026-09-04 09:06:28,,,,2026-09-04 09:06:28,2026-09-04 09:06:28.366017,2026-09-04 09:06:28.366017
175,HU-1-3-1788512788950-1,,,RTV_LOCKED,VENDOR,1,3,3,6,6,268.0,268,237,,42.0,Customer return received at hub | actor:1 | Return QC pass — pending RTV batch,Return QC pass — pending RTV batch,2026-09-04 09:06:29,,,2026-09-04 09:07:34,2026-09-04 09:07:34,2026-09-04 09:06:28.966024,2026-09-04 09:07:34
176,HU-1-27-1788517687859-1,,,RESERVED,VENDOR,1,27,49,7,7,269.0,269,239,,,Inbound stock received at hub,Outbound reservation created,2026-09-04 10:28:08,2026-09-04 10:29:17,,,2026-09-04 10:29:17,2026-09-04 10:28:07.867028,2026-09-04 10:29:16
177,HU-1-3-1788518815154-1,,,AVAILABLE,VENDOR,1,3,3,7,7,270.0,270,241,,,Inbound stock received at hub,Inbound stock received at hub,2026-09-04 10:46:55,,,,2026-09-04 10:46:55,2026-09-04 10:46:55.158386,2026-09-04 10:46:55.158386
178,HU-1-82-1788519062481-1,,,RESERVED,VENDOR,1,82,105,15,15,271.0,271,243,,,Inbound stock received at hub,Outbound reservation created,2026-09-04 10:51:02,2026-09-04 10:51:54,,,2026-09-04 10:51:54,2026-09-04 10:51:02.483938,2026-09-04 10:51:54
179,HU-1-82-1788524270499-1,,,RESERVED,VENDOR,1,82,104,15,15,272.0,272,245,,,Inbound stock received at hub,Outbound reservation created,2026-09-04 12:17:50,2026-09-04 12:19:02,,,2026-09-04 12:19:02,2026-09-04 12:17:50.505803,2026-09-04 12:19:02
180,HU-1-83-1788597200467-1,,,RESERVED,VENDOR,1,83,106,7,7,273.0,273,247,,,Inbound stock received at hub,Outbound reservation created,2026-09-05 08:33:20,2026-09-05 08:34:37,,,2026-09-05 08:34:37,2026-09-05 08:33:20.476732,2026-09-05 08:34:36
181,HU-1-83-1788603236434-1,,,RESERVED,VENDOR,1,83,106,7,7,283.0,282,250,,,Inbound stock received at hub,Outbound reservation created,2026-09-05 10:13:56,2026-09-05 10:47:05,,,2026-09-05 10:47:05,2026-09-05 10:13:56.443608,2026-09-05 10:47:05
182,HU-1-83-1788604925748-1,,,RESERVED,VENDOR,1,83,106,7,7,284.0,283,251,,,Inbound stock received at hub,Outbound reservation created,2026-09-05 10:42:06,2026-09-05 11:09:54,,,2026-09-05 11:09:54,2026-09-05 10:42:05.753115,2026-09-05 11:09:54
183,HU-1-83-1788605695716-1,,,RESERVED,VENDOR,1,83,106,7,7,284.0,284,254,,,Inbound stock received at hub,Outbound reservation created,2026-09-05 10:54:56,2026-09-05 11:09:54,,,2026-09-05 11:09:54,2026-09-05 10:54:55.720160,2026-09-05 11:09:54
184,HU-1-83-1788776582841-1,,,SOLD,VENDOR,1,83,106,7,7,306.0,288,257,,,Inbound stock received at hub,Outbound delivered to customer,2026-09-07 10:23:03,2026-09-08 17:31:30,2026-09-08 17:31:43,,2026-09-08 17:31:43,2026-09-07 10:23:02.845407,2026-09-08 17:31:43
185,HU-1-83-1788777113252-1,,,SOLD,VENDOR,1,83,106,7,7,308.0,288,259,,,Inbound stock received at hub,Outbound delivered to customer,2026-09-07 10:31:53,2026-09-08 17:53:11,2026-09-08 17:53:43,,2026-09-08 17:53:43,2026-09-07 10:31:53.260795,2026-09-08 17:53:42
186,HU-1-83-1788777113752-1,,,RTV_LOCKED,VENDOR,1,83,106,6,6,288.0,288,258,,45.0,Customer return received at hub | actor:1 | Return QC pass — pending RTV batch,Return QC pass — pending RTV batch,2026-09-07 10:31:54,,,2026-09-07 10:45:18,2026-09-07 10:45:18,2026-09-07 10:31:53.762916,2026-09-07 10:45:17
187,HU-1-83-1788777892362-1,,,SOLD,VENDOR,1,83,106,7,7,310.0,283,253,,,Inbound stock received at hub,Outbound delivered to customer,2026-09-07 10:44:52,2026-09-09 06:23:38,2026-09-09 06:24:20,,2026-09-09 06:24:20,2026-09-07 10:44:52.409699,2026-09-09 06:24:19
188,HU-1-83-1788777892852-1,,,PENDING_QC,CUSTOMER,1,83,106,6,6,283.0,283,252,,44.0,Customer return received at hub,Customer return received at hub,2026-09-07 10:44:53,,,,2026-09-07 10:44:53,2026-09-07 10:44:52.870484,2026-09-07 10:44:52.870484
189,HU-1-16-1788865647836-1,,,AVAILABLE,VENDOR,1,16,36,7,7,299.0,299,260,,,Inbound stock received at hub,Inbound stock received at hub,2026-09-08 11:07:28,,,,2026-09-08 11:07:28,2026-09-08 11:07:27.838320,2026-09-08 11:07:27.838320
190,HU-1-83-1788888605951-1,,,SOLD,VENDOR,1,83,106,7,7,339.0,306,265,,,Inbound stock received at hub,Outbound delivered to customer,2026-09-08 17:30:06,2026-09-10 09:22:34,2026-09-10 09:22:47,,2026-09-10 09:22:47,2026-09-08 17:30:05.957525,2026-09-10 09:22:47
191,HU-1-83-1788889937556-1,,,SOLD,VENDOR,1,83,106,7,7,341.0,308,268,,,Inbound stock received at hub,Outbound delivered to customer,2026-09-08 17:52:18,2026-09-10 09:28:28,2026-09-10 09:28:38,,2026-09-10 09:28:38,2026-09-08 17:52:17.567180,2026-09-10 09:28:38
192,HU-1-83-1788934960878-1,,,SOLD,VENDOR,1,83,106,7,7,314.0,310,275,,,Inbound stock received at hub,Outbound delivered to customer,2026-09-09 06:22:41,2026-09-09 07:32:39,2026-09-09 07:32:50,,2026-09-09 07:32:50,2026-09-09 06:22:40.883421,2026-09-09 07:32:49
193,HU-1-83-1788935704359-1,,,SOLD,VENDOR,1,83,106,7,7,319.0,311,278,,,Inbound stock received at hub,Outbound delivered to customer,2026-09-09 06:35:04,2026-09-09 10:22:01,2026-09-09 10:22:18,,2026-09-09 10:22:18,2026-09-09 06:35:04.366638,2026-09-09 10:22:17
194,HU-1-83-1788939108441-1,,,SOLD,VENDOR,1,83,106,7,7,345.0,314,281,,,Inbound stock received at hub,Outbound delivered to customer,2026-09-09 07:31:48,2026-09-10 12:24:59,2026-09-10 12:25:21,,2026-09-10 12:25:21,2026-09-09 07:31:48.447010,2026-09-10 12:25:21
195,HU-1-16-1788940259492-1,,,AVAILABLE,VENDOR,1,16,36,7,7,315.0,315,284,,,Inbound stock received at hub,Inbound stock received at hub,2026-09-09 07:50:59,,,,2026-09-09 07:50:59,2026-09-09 07:50:59.499357,2026-09-09 07:50:59.499357
196,HU-1-16-1788944513392-1,,,AVAILABLE,VENDOR,1,16,36,7,7,316.0,316,287,,,Inbound stock received at hub,Inbound stock received at hub,2026-09-09 09:01:53,,,,2026-09-09 09:01:53,2026-09-09 09:01:53.396040,2026-09-09 09:01:53.396040
197,HU-1-16-1788945066790-1,,,AVAILABLE,VENDOR,1,16,36,7,7,317.0,317,290,,,Inbound stock received at hub,Inbound stock received at hub,2026-09-09 09:11:07,,,,2026-09-09 09:11:07,2026-09-09 09:11:06.794658,2026-09-09 09:11:06.794658
198,HU-1-86-1788948570985-1,,,AVAILABLE,VENDOR,1,86,111,18,18,,318,293,,,Inbound stock received at hub,Reservation released,2026-09-09 10:09:31,,,,2026-09-10 10:56:46,2026-09-09 10:09:30.994617,2026-09-10 10:56:46
199,HU-1-83-1788949263224-1,,,SOLD,VENDOR,1,83,106,7,7,346.0,319,295,,,Inbound stock received at hub,Outbound delivered to customer,2026-09-09 10:21:03,2026-09-11 05:19:04,2026-09-11 05:27:17,,2026-09-11 05:27:17,2026-09-09 10:21:03.233572,2026-09-11 05:27:16
200,HU-1-83-1788949672642-1,,,SOLD,VENDOR,1,83,106,7,7,320.0,319,297,,,Inbound stock received at hub,Outbound delivered to customer,2026-09-09 10:27:53,2026-09-09 10:58:24,2026-09-09 10:59:09,,2026-09-09 10:59:09,2026-09-09 10:27:52.651117,2026-09-09 10:59:09
201,HU-1-83-1788949673425-1,,,PENDING_QC,CUSTOMER,1,83,106,6,6,319.0,319,296,,52.0,Customer return received at hub,Customer return received at hub,2026-09-09 10:27:53,,,,2026-09-09 10:27:53,2026-09-09 10:27:53.432165,2026-09-09 10:27:53.432165
202,HU-1-83-1788951448941-1,,,SOLD,VENDOR,1,83,106,7,7,347.0,320,300,,,Inbound stock received at hub,Outbound delivered to customer,2026-09-09 10:57:29,2026-09-11 05:37:21,2026-09-11 05:37:33,,2026-09-11 05:37:33,2026-09-09 10:57:28.947873,2026-09-11 05:37:32
203,HU-1-60-1788952908595-1,,,RTV_LOCKED,VENDOR,1,60,88,3,3,322.0,322,304,,,Inbound stock received at hub,Vendor inbound QC failure,2026-09-09 11:21:49,,,2026-09-09 11:22:41,2026-09-09 11:22:41,2026-09-09 11:21:48.599223,2026-09-09 11:22:41
204,HU-1-83-1788952915989-1,,,SOLD,VENDOR,1,83,106,7,7,348.0,321,303,,,Inbound stock received at hub,Outbound delivered to customer,2026-09-09 11:21:56,2026-09-11 08:53:23,2026-09-11 08:53:35,,2026-09-11 08:53:35,2026-09-09 11:21:55.991672,2026-09-11 08:53:34
205,HU-1-83-1788953158776-1,,,SOLD,VENDOR,1,83,106,7,7,325.0,320,302,,,Inbound stock received at hub,Outbound delivered to customer,2026-09-09 11:25:59,2026-09-09 12:25:56,2026-09-09 12:26:10,,2026-09-09 12:26:10,2026-09-09 11:25:58.779688,2026-09-09 12:26:10
206,HU-1-83-1788953159212-1,,,RTV_LOCKED,VENDOR,1,83,106,6,6,320.0,320,301,,53.0,Customer return received at hub | actor:1 | Exchange old-item QC pass — pending RTV to vendor,Exchange old-item QC pass — pending RTV to vendor,2026-09-09 11:25:59,,,2026-09-09 11:27:05,2026-09-09 11:27:05,2026-09-09 11:25:59.213674,2026-09-09 11:27:05
207,HU-1-83-1788956691465-1,,,SOLD,VENDOR,1,83,106,7,7,333.0,325,308,,,Inbound stock received at hub,Outbound delivered to customer,2026-09-09 12:24:51,2026-09-10 05:52:40,2026-09-10 05:52:53,,2026-09-10 05:52:53,2026-09-09 12:24:51.475248,2026-09-10 05:52:53
208,HU-1-83-1789019498838-1,,,SOLD,VENDOR,1,83,106,7,7,349.0,333,310,,,Inbound stock received at hub,Outbound delivered to customer,2026-09-10 05:51:39,2026-09-11 09:40:15,2026-09-11 09:40:28,,2026-09-11 09:40:28,2026-09-10 05:51:38.846558,2026-09-11 09:40:27
209,HU-1-83-1789019988134-1,,,AVAILABLE,VENDOR,1,83,106,7,7,,334,313,,,Inbound stock received at hub,Reservation released,2026-09-10 05:59:48,,,,2026-09-12 14:18:11,2026-09-10 05:59:48.141105,2026-09-12 14:18:10
210,HU-1-83-1789020504468-1,,,SOLD,VENDOR,1,83,106,7,7,335.0,333,312,,,Inbound stock received at hub,Outbound delivered to customer,2026-09-10 06:08:24,2026-09-10 06:20:53,2026-09-10 06:21:05,,2026-09-10 06:21:05,2026-09-10 06:08:24.476445,2026-09-10 06:21:05
211,HU-1-83-1789020504995-1,,,RTV_LOCKED,VENDOR,1,83,106,6,6,333.0,333,311,,54.0,Customer return received at hub | actor:1 | Exchange old-item QC pass — pending RTV to vendor,Exchange old-item QC pass — pending RTV to vendor,2026-09-10 06:08:25,,,2026-09-10 06:08:41,2026-09-10 06:08:41,2026-09-10 06:08:25.009431,2026-09-10 06:08:40
212,HU-1-83-1789021199620-1,,,AVAILABLE,VENDOR,1,83,106,7,7,,335,316,,,Inbound stock received at hub,Reservation released,2026-09-10 06:20:00,,,,2026-09-12 14:18:11,2026-09-10 06:19:59.625045,2026-09-12 14:18:10
213,HU-1-83-1789021741037-1,,,SOLD,VENDOR,1,83,106,7,7,359.0,336,319,,,Inbound stock received at hub,Outbound delivered to customer,2026-09-10 06:29:01,2026-09-11 10:37:31,2026-09-11 10:37:43,,2026-09-11 10:37:43,2026-09-10 06:29:01.040194,2026-09-11 10:37:42
214,HU-1-83-1789021975972-1,,,AVAILABLE,VENDOR,1,83,106,7,7,,335,318,,,Inbound stock received at hub,Reservation released,2026-09-10 06:32:56,,,,2026-09-12 14:18:11,2026-09-10 06:32:55.974545,2026-09-12 14:18:11
215,HU-1-83-1789021976350-1,,,RTV_LOCKED,VENDOR,1,83,106,6,6,335.0,335,317,,55.0,Customer return received at hub | actor:1 | Exchange old-item QC pass — pending RTV to vendor,Exchange old-item QC pass — pending RTV to vendor,2026-09-10 06:32:56,,,2026-09-10 06:33:26,2026-09-10 06:33:26,2026-09-10 06:32:56.350337,2026-09-10 06:33:25
216,HU-1-83-1789032102137-1,,,AVAILABLE,VENDOR,1,83,106,7,7,,339,322,,,Inbound stock received at hub,Reservation released,2026-09-10 09:21:42,,,,2026-09-12 14:18:11,2026-09-10 09:21:42.145254,2026-09-12 14:18:11
217,HU-1-83-1789032460282-1,,,AVAILABLE,VENDOR,1,83,106,7,7,341.0,341,325,,,Inbound stock received at hub,Inbound stock received at hub,2026-09-10 09:27:40,,,,2026-09-10 09:27:40,2026-09-10 09:27:40.286063,2026-09-10 09:27:40.286063
218,HU-1-83-1789034089886-1,,,RTV_LOCKED,VENDOR,1,83,106,7,7,340.0,340,328,,,Inbound stock received at hub,Vendor inbound QC failure,2026-09-10 09:54:50,,,2026-09-10 09:55:11,2026-09-10 09:55:11,2026-09-10 09:54:49.895331,2026-09-10 09:55:11
219,HU-1-83-1789035473575-1,,,RTV_LOCKED,VENDOR,1,83,106,7,7,342.0,342,330,,,Inbound stock received at hub,Vendor inbound QC failure,2026-09-10 10:17:54,,,2026-09-10 10:18:09,2026-09-10 10:18:09,2026-09-10 10:17:53.581936,2026-09-10 10:18:09
220,HU-1-83-1789043000142-1,,,AVAILABLE,VENDOR,1,83,106,7,7,345.0,345,332,,,Inbound stock received at hub,Inbound stock received at hub,2026-09-10 12:23:20,,,,2026-09-10 12:23:20,2026-09-10 12:23:20.146818,2026-09-10 12:23:20.146818
221,HU-1-83-1789103894006-1,,,AVAILABLE,VENDOR,1,83,106,7,7,346.0,346,335,,,Inbound stock received at hub,Inbound stock received at hub,2026-09-11 05:18:14,,,,2026-09-11 05:18:14,2026-09-11 05:18:14.012131,2026-09-11 05:18:14.012131
222,HU-1-83-1789104805708-1,,,AVAILABLE,VENDOR,1,83,106,7,7,346.0,346,337,,,Inbound stock received at hub,Inbound stock received at hub,2026-09-11 05:33:26,,,,2026-09-11 05:33:26,2026-09-11 05:33:25.714942,2026-09-11 05:33:25.714942
223,HU-1-83-1789104806199-1,,,PENDING_QC,CUSTOMER,1,83,106,6,6,346.0,346,336,,59.0,Customer return received at hub,Customer return received at hub,2026-09-11 05:33:26,,,,2026-09-11 05:33:26,2026-09-11 05:33:26.203260,2026-09-11 05:33:26.203260
224,HU-1-83-1789104990604-1,,,AVAILABLE,VENDOR,1,83,106,7,7,347.0,347,338,,,Inbound stock received at hub,Inbound stock received at hub,2026-09-11 05:36:31,,,,2026-09-11 05:36:31,2026-09-11 05:36:30.612024,2026-09-11 05:36:30.612024
225,HU-1-83-1789116408223-1,,,AVAILABLE,VENDOR,1,83,106,7,7,347.0,347,340,,,Inbound stock received at hub,Inbound stock received at hub,2026-09-11 08:46:48,,,,2026-09-11 08:46:48,2026-09-11 08:46:48.226023,2026-09-11 08:46:48.226023
226,HU-1-83-1789116408615-1,,,PENDING_QC,CUSTOMER,1,83,106,6,6,347.0,347,339,,60.0,Customer return received at hub,Customer return received at hub,2026-09-11 08:46:49,,,,2026-09-11 08:46:49,2026-09-11 08:46:48.616790,2026-09-11 08:46:48.616790
227,HU-1-83-1789116752719-1,,,AVAILABLE,VENDOR,1,83,106,7,7,348.0,348,341,,,Inbound stock received at hub,Inbound stock received at hub,2026-09-11 08:52:33,,,,2026-09-11 08:52:33,2026-09-11 08:52:32.722097,2026-09-11 08:52:32.722097
228,HU-1-83-1789117634329-1,,,AVAILABLE,VENDOR,1,83,106,7,7,348.0,348,343,,,Inbound stock received at hub,Inbound stock received at hub,2026-09-11 09:07:14,,,,2026-09-11 09:07:14,2026-09-11 09:07:14.330414,2026-09-11 09:07:14.330414
229,HU-1-83-1789117634971-1,,,PENDING_QC,CUSTOMER,1,83,106,6,6,348.0,348,342,,61.0,Customer return received at hub,Customer return received at hub,2026-09-11 09:07:15,,,,2026-09-11 09:07:15,2026-09-11 09:07:14.972269,2026-09-11 09:07:14.972269
230,HU-1-83-1789119560056-1,,,AVAILABLE,VENDOR,1,83,106,7,7,349.0,349,344,,,Inbound stock received at hub,Inbound stock received at hub,2026-09-11 09:39:20,,,,2026-09-11 09:39:20,2026-09-11 09:39:20.060583,2026-09-11 09:39:20.060583
231,HU-1-83-1789120337915-1,,,RTV_LOCKED,VENDOR,1,83,106,7,7,350.0,350,347,,66.0,Inbound stock received at hub | actor:0 | Order cancelled — RTV to vendor (ADMIN),Order cancelled — RTV to vendor (ADMIN),2026-09-11 09:52:18,,,,2026-09-14 10:00:02,2026-09-11 09:52:17.917189,2026-09-14 10:00:01
232,HU-1-83-1789122800418-1,,,AVAILABLE,VENDOR,1,83,106,7,7,359.0,359,350,,,Inbound stock received at hub,Inbound stock received at hub,2026-09-11 10:33:20,,,,2026-09-11 10:33:20,2026-09-11 10:33:20.420854,2026-09-11 10:33:20.420854
233,HU-1-83-1789126806119-1,,,RTV_LOCKED,VENDOR,1,83,106,7,7,362.0,362,353,,67.0,Inbound stock received at hub | actor:0 | Order cancelled — RTV to vendor (ADMIN),Order cancelled — RTV to vendor (ADMIN),2026-09-11 11:40:06,,,,2026-09-14 12:00:04,2026-09-11 11:40:06.137124,2026-09-14 12:00:03
234,HU-1-83-1789126937415-1,,,AVAILABLE,VENDOR,1,83,106,7,7,359.0,359,352,,,Inbound stock received at hub,Inbound stock received at hub,2026-09-11 11:42:17,,,,2026-09-11 11:42:17,2026-09-11 11:42:17.416119,2026-09-11 11:42:17.416119
235,HU-1-83-1789126937805-1,,,PENDING_QC,CUSTOMER,1,83,106,6,6,359.0,359,351,,63.0,Customer return received at hub,Customer return received at hub,2026-09-11 11:42:18,,,,2026-09-11 11:42:18,2026-09-11 11:42:17.804111,2026-09-11 11:42:17.804111
237,HU-1-83-1789196522749-1,,,RTV_LOCKED,VENDOR,1,83,106,7,7,311.0,311,278,,64.0,Materialized hub units for cancel RTV | actor:0 | Order cancelled — RTV to vendor (ADMIN),Order cancelled — RTV to vendor (ADMIN),2026-09-12 07:02:03,,,,2026-09-12 07:02:03,2026-09-12 07:02:02.756047,2026-09-12 07:02:02
239,HU-1-83-1789293721460-1,,,RTV_LOCKED,VENDOR,1,83,106,7,7,340.0,340,328,,65.0,Materialized hub units for cancel RTV | actor:0 | Order cancelled — RTV to vendor (ADMIN),Order cancelled — RTV to vendor (ADMIN),2026-09-13 10:02:01,,,,2026-09-13 10:02:02,2026-09-13 10:02:01.463714,2026-09-13 10:02:01
