exchange_attempt_id,exchange_request_id,attempt_number,status,reason,replacement_variant_id,shipment_id,created_at,updated_at,completed_at
1,19,1,OLD_ITEM_COLLECTED,,106,278.0,2026-09-09 06:33:26.747243,2026-09-09 06:43:07,
2,20,1,COMPLETED,,36,290.0,2026-09-09 09:09:26.443535,2026-09-09 09:18:05,2026-09-09 09:18:06
3,21,1,OLD_ITEM_COLLECTED,,106,303.0,2026-09-09 11:03:39.537959,2026-09-09 11:24:46,
4,22,1,OLD_ITEM_COLLECTED,,106,313.0,2026-09-10 05:58:40.163730,2026-09-10 06:05:16,
5,23,1,OLD_ITEM_COLLECTED,,106,319.0,2026-09-10 06:23:16.359913,2026-09-10 06:32:12,
6,24,1,FAILED,REPLACEMENT_INBOUND_QC_FAILED,106,328.0,2026-09-10 09:25:03.490055,2026-09-10 09:55:11,2026-09-10 09:55:11
7,25,1,FAILED,REPLACEMENT_OOS,106,,2026-09-10 09:29:59.156259,2026-09-10 09:29:59,2026-09-10 09:29:59
8,24,2,PENDING,,106,,2026-09-10 09:55:11.425842,2026-09-10 09:55:11.425842,
9,26,1,OLD_ITEM_COLLECTED,,106,347.0,2026-09-11 09:51:21.745957,2026-09-11 09:55:40,
10,27,1,OLD_ITEM_COLLECTED,,106,353.0,2026-09-11 11:39:31.853000,2026-09-11 11:41:36,
