rtv_batch_item_id,rtv_batch_id,hub_return_id,hub_inventory_unit_id,created_on
1,1,4,6,2026-08-04 09:05:22
2,2,1,9,2026-08-04 09:34:10
3,3,5,12,2026-08-04 09:44:06
4,4,9,30,2026-08-04 11:29:02
5,5,13,53,2026-08-06 16:39:04
6,6,17,60,2026-08-07 05:40:48
7,7,26,106,2026-08-11 15:19:42
8,8,25,91,2026-08-11 15:25:42
9,8,24,88,2026-08-11 15:25:42
10,9,27,111,2026-08-13 11:53:10
11,10,28,117,2026-08-19 10:15:01
12,11,36,144,2026-08-26 17:44:30
13,12,40,163,2026-09-03 06:06:32
14,13,41,158,2026-09-03 11:01:50
15,14,42,175,2026-09-04 09:12:34
16,15,45,186,2026-09-07 10:46:06
17,16,55,215,2026-09-10 09:51:11
18,17,64,237,2026-09-12 07:02:03
19,18,65,239,2026-09-13 10:02:01
20,19,66,231,2026-09-14 10:00:02
21,20,67,233,2026-09-14 12:00:04
