rtv_batch_id,batch_code,vendor_user_id,hub_id,status,scheduled_at,dispatched_at,created_by,created_on,updated_on
1,RTV-BATCH-2026-00001,7,1,DISPATCHED,2026-08-04 09:05:22,2026-08-04 09:05:22,1,2026-08-04 09:05:22,2026-08-04 09:05:22
2,RTV-BATCH-2026-00002,7,1,RECEIVED_BY_VENDOR,2026-08-04 09:34:11,2026-08-04 09:34:11,1,2026-08-04 09:34:10,2026-08-04 09:37:07
3,RTV-BATCH-2026-00003,7,1,RECEIVED_BY_VENDOR,2026-08-04 09:44:06,2026-08-04 09:44:06,1,2026-08-04 09:44:06,2026-08-04 09:45:34
4,RTV-BATCH-2026-00004,7,1,DISPATCHED,2026-08-04 11:29:02,2026-08-04 11:29:02,1,2026-08-04 11:29:01,2026-08-04 11:29:01
5,RTV-BATCH-2026-00005,7,1,RECEIVED_BY_VENDOR,2026-08-06 16:39:04,2026-08-06 16:39:04,1,2026-08-06 16:39:03,2026-08-06 16:40:07
6,RTV-BATCH-2026-00006,7,1,RECEIVED_BY_VENDOR,2026-08-07 05:40:48,2026-08-07 05:40:48,1,2026-08-07 05:40:48,2026-08-07 05:41:51
7,RTV-BATCH-2026-00007,10,1,RECEIVED_BY_VENDOR,2026-08-11 15:19:42,2026-08-11 15:19:42,1,2026-08-11 15:19:41,2026-08-26 17:46:59
8,RTV-BATCH-2026-00008,3,1,RECEIVED_BY_VENDOR,2026-08-11 15:25:42,2026-08-11 15:25:42,1,2026-08-11 15:25:42,2026-08-26 17:46:51
9,RTV-BATCH-2026-00009,7,1,RECEIVED_BY_VENDOR,2026-08-13 11:53:10,2026-08-13 11:53:10,1,2026-08-13 11:53:10,2026-08-13 11:58:26
10,RTV-BATCH-2026-00010,7,1,RECEIVED_BY_VENDOR,2026-08-19 10:15:01,2026-08-19 10:15:01,1,2026-08-19 10:15:00,2026-08-19 10:15:57
11,RTV-BATCH-2026-00011,5,1,RECEIVED_BY_VENDOR,2026-08-26 17:44:31,2026-08-26 17:44:31,1,2026-08-26 17:44:30,2026-08-26 17:45:41
12,RTV-BATCH-2026-00012,7,1,DISPATCHED,2026-09-03 06:06:32,2026-09-03 06:06:32,1,2026-09-03 06:06:32,2026-09-03 06:06:32
13,RTV-BATCH-2026-00013,3,1,DISPATCHED,2026-09-03 11:01:50,2026-09-03 11:01:50,1,2026-09-03 11:01:50,2026-09-03 11:01:50
14,RTV-BATCH-2026-00014,7,1,RECEIVED_BY_VENDOR,2026-09-04 09:12:35,2026-09-04 09:12:35,1,2026-09-04 09:12:34,2026-09-04 09:13:48
15,RTV-BATCH-2026-00015,7,1,RECEIVED_BY_VENDOR,2026-09-07 10:46:06,2026-09-07 10:46:06,1,2026-09-07 10:46:06,2026-09-07 10:46:53
16,RTV-BATCH-2026-00016,7,1,DISPATCHED,2026-09-10 09:51:11,2026-09-10 09:51:11,1,2026-09-10 09:51:11,2026-09-10 09:51:11
17,RTV-BATCH-2026-00017,7,1,DISPATCHED,2026-09-12 07:02:03,2026-09-12 07:02:03,0,2026-09-12 07:02:03,2026-09-12 07:02:03
18,RTV-BATCH-2026-00018,7,1,DISPATCHED,2026-09-13 10:02:02,2026-09-13 10:02:02,0,2026-09-13 10:02:01,2026-09-13 10:02:01
19,RTV-BATCH-2026-00019,7,1,DISPATCHED,2026-09-14 10:00:02,2026-09-14 10:00:02,0,2026-09-14 10:00:01,2026-09-14 10:00:01
20,RTV-BATCH-2026-00020,7,1,DISPATCHED,2026-09-14 12:00:04,2026-09-14 12:00:04,0,2026-09-14 12:00:03,2026-09-14 12:00:03
