exchange_request_id,return_id,old_order_id,replacement_order_id,status,notes,created_at,updated_at,replacement_inbound_shipment_id,vendor_confirmed_at,vendor_dispatched_at,admin_note,vendor_note,current_attempt_id,old_item_pickup_retry_count
1,4,4,5.0,COMPLETED,Vendor confirmed replacement stock,2026-08-04 08:47:20.749062,2026-08-05 09:00:32,13.0,2026-08-04 08:47:21,2026-08-04 09:10:50,,,,0
2,11,13,14.0,COMPLETED,Vendor confirmed replacement stock,2026-08-04 12:24:21.686936,2026-08-07 11:05:48,36.0,2026-08-04 12:24:22,2026-08-04 12:26:10,,,,0
3,14,17,25.0,COMPLETED,,2026-08-07 04:34:00.208184,2026-08-07 11:05:45,58.0,2026-08-07 04:47:17,2026-08-07 04:47:23,,,,0
4,15,16,26.0,VENDOR_DISPATCHED,Vendor confirmed replacement stock,2026-08-07 04:39:29.990529,2026-08-07 04:39:55,57.0,2026-08-07 04:39:30,2026-08-07 04:39:55,,,,0
5,16,27,29.0,COMPLETED,Vendor confirmed replacement stock,2026-08-07 05:09:45.409485,2026-08-07 11:05:41,62.0,2026-08-07 05:53:17,2026-08-07 05:09:55,,,,0
6,18,31,32.0,VENDOR_DISPATCHED,Vendor confirmed replacement stock,2026-08-07 06:10:40.494310,2026-08-07 06:11:12,72.0,2026-08-07 06:10:40,2026-08-07 06:11:12,,,,0
7,19,33,34.0,OUTBOUND_CREATED,Vendor confirmed replacement stock,2026-08-07 08:46:28.496581,2026-08-07 08:49:50,76.0,2026-08-07 08:46:28,2026-08-07 08:46:42,,,,0
8,20,35,36.0,OUTBOUND_CREATED,Vendor confirmed replacement stock,2026-08-07 09:02:31.040031,2026-08-07 09:03:50,81.0,2026-08-07 09:02:31,2026-08-07 09:02:48,,,,0
9,21,41,42.0,COMPLETED,Vendor confirmed replacement stock,2026-08-08 04:08:51.516549,2026-09-05 10:31:11,89.0,2026-08-08 04:08:52,2026-08-08 04:09:05,,,,0
10,22,43,44.0,COMPLETED,Vendor confirmed replacement stock,2026-08-08 04:16:22.992246,2026-08-08 04:21:42,95.0,2026-08-08 04:16:23,2026-08-08 04:16:31,,,,0
11,23,53,54.0,COMPLETED,Vendor confirmed replacement stock,2026-08-08 10:32:45.231788,2026-08-08 10:38:48,110.0,2026-08-08 10:32:45,2026-08-08 10:33:11,,,,0
12,31,117,119.0,COMPLETED,Vendor confirmed replacement stock,2026-08-22 06:35:21.654237,2026-08-22 06:38:09,169.0,2026-08-22 06:35:22,2026-08-22 06:35:36,,yes,,0
13,32,119,120.0,COMPLETED,Vendor confirmed replacement stock,2026-08-22 06:45:14.704350,2026-08-22 06:47:44,173.0,2026-08-22 06:45:15,2026-08-22 06:45:31,,new,,0
14,33,120,121.0,VENDOR_DISPATCHED,Vendor confirmed replacement stock,2026-08-22 06:49:40.254448,2026-08-22 06:49:47,177.0,2026-08-22 06:49:40,2026-08-22 06:49:48,,f,,0
15,34,147,148.0,VENDOR_DISPATCHED,Vendor confirmed replacement stock,2026-08-25 13:33:40.687720,2026-08-25 13:34:17,188.0,2026-08-25 13:33:41,2026-08-25 13:34:18,,yes,,0
16,38,165,166.0,VENDOR_DISPATCHED,Vendor confirmed replacement stock,2026-08-26 18:28:08.895345,2026-08-26 18:29:16,201.0,2026-08-26 18:28:09,2026-08-26 18:29:17,,"1

dsfsfs",,0
17,41,273,282.0,OUTBOUND_CREATED,Vendor confirmed replacement stock,2026-09-05 10:03:23.808886,2026-09-09 10:30:07,250.0,2026-09-05 10:03:24,2026-09-05 10:11:52,,ok,,0
18,42,283,284.0,OUTBOUND_CREATED,Vendor confirmed replacement stock,2026-09-05 10:53:34.759804,2026-09-05 11:09:54,254.0,2026-09-05 10:53:35,2026-09-05 10:54:20,,,,0
19,47,310,311.0,OUTBOUND_CREATED,Vendor confirmed replacement stock,2026-09-09 06:33:26.723836,2026-09-09 06:38:41,278.0,2026-09-09 06:33:27,2026-09-09 06:34:34,,aaaaaaaaaaaaaaaaaaaaaaaaaa,1.0,0
20,50,316,317.0,COMPLETED,Vendor confirmed replacement stock,2026-09-09 09:09:26.421411,2026-09-09 09:18:05,290.0,2026-09-09 09:09:26,2026-09-09 09:10:01,,,2.0,0
21,52,320,321.0,OUTBOUND_CREATED,Vendor confirmed replacement stock,2026-09-09 11:03:39.520117,2026-09-09 11:22:58,303.0,2026-09-09 11:03:40,2026-09-09 11:20:47,,,3.0,0
22,54,333,334.0,OUTBOUND_CREATED,Vendor confirmed replacement stock,2026-09-10 05:58:40.136272,2026-09-10 06:01:03,313.0,2026-09-10 05:58:40,2026-09-10 05:59:18,,Yes,4.0,0
23,55,335,336.0,OUTBOUND_CREATED,Vendor confirmed replacement stock,2026-09-10 06:23:16.334724,2026-09-10 06:29:50,319.0,2026-09-10 06:23:16,2026-09-10 06:23:25,,Confirm,5.0,0
24,56,339,340.0,VENDOR_CONFIRMED,Vendor confirmed replacement stock,2026-09-10 09:25:03.428603,2026-09-10 09:55:11,,2026-09-10 09:25:03,2026-09-10 09:53:56,,I don't have stock,8.0,0
25,57,341,,PENDING,Replacement OOS at vendor confirm,2026-09-10 09:29:59.138743,2026-09-10 09:29:59,,,,,aaaaaaaaaaaaaaaaaaaa,,0
26,62,349,350.0,OUTBOUND_CREATED,Vendor confirmed replacement stock,2026-09-11 09:51:21.725608,2026-09-11 09:53:20,347.0,2026-09-11 09:51:22,2026-09-11 09:51:35,,,9.0,0
27,63,359,362.0,OUTBOUND_CREATED,Vendor confirmed replacement stock,2026-09-11 11:39:31.832657,2026-09-11 11:40:51,353.0,2026-09-11 11:39:32,2026-09-11 11:39:42,,,10.0,0
