order_item_id,quantity,order_id,productId,variantId,couponId,couponCode,coupon_type,offerId,offerName,offerType,createdAt,unit_package_weight,unit_package_length,unit_package_width,unit_package_height,return_days,is_return_available,exchange_days,is_exchange_available,cancel_policy,price_legacy,price,vendorBasePrice_legacy,vendorBasePrice,subtotal_legacy,subtotal,offerDiscount_legacy,offerDiscount,finalAmount_legacy,finalAmount,couponDiscountShare_legacy,couponDiscountShare,coupon_discount_value_legacy,coupon_discount_value,offerDiscountValue_legacy,offerDiscountValue
1,1,1,3,3,,,,,,,2026-08-04 07:09:00.613147,50.0,30.0,30.0,30.0,,,,,,1565.0,156500,1490.0,149000,1565.0,156500,0.0,0,1565.0,156500,0.0,0,,0.0,,0.0
2,1,2,3,3,,,,,,,2026-08-04 07:41:32.589634,50.0,30.0,30.0,30.0,,,,,,1565.0,156500,1490.0,149000,1565.0,156500,0.0,0,1565.0,156500,0.0,0,,0.0,,0.0
3,1,3,3,3,,,,,,,2026-08-04 08:08:28.579078,50.0,30.0,30.0,30.0,,,,,,1565.0,156500,1490.0,149000,1565.0,156500,0.0,0,1565.0,156500,0.0,0,,0.0,,0.0
4,1,4,3,3,,,,,,,2026-08-04 08:37:53.119935,50.0,30.0,30.0,30.0,,,,,,1565.0,156500,1490.0,149000,1565.0,156500,0.0,0,1565.0,156500,0.0,0,,0.0,,0.0
5,1,5,3,3,,,,,,,2026-08-04 08:47:20.726258,,,,,,,,,,1565.0,156500,0.0,0,1565.0,156500,0.0,0,1565.0,156500,0.0,0,,0.0,,0.0
6,1,6,3,3,,,,,,,2026-08-04 09:38:10.885220,50.0,30.0,30.0,30.0,,,,,,1565.0,156500,1490.0,149000,1565.0,156500,0.0,0,1565.0,156500,0.0,0,,0.0,,0.0
7,3,7,3,3,,,,,,,2026-08-04 09:54:05.454485,50.0,30.0,30.0,30.0,,,,,,1565.0,156500,1490.0,149000,4695.0,469500,0.0,0,4695.0,469500,0.0,0,,0.0,,0.0
8,1,8,3,3,,,,,,,2026-08-04 10:25:44.729794,50.0,30.0,30.0,30.0,,,,,,1565.0,156500,1490.0,149000,1565.0,156500,0.0,0,1565.0,156500,0.0,0,,0.0,,0.0
9,1,9,4,4,,,,,,,2026-08-04 10:47:47.466501,199.0,10.0,8.0,12.0,,,,,,1234.0,123400,1178.0,117800,1234.0,123400,0.0,0,1234.0,123400,0.0,0,,0.0,,0.0
10,1,10,4,4,,,,,,,2026-08-04 11:07:26.111625,199.0,10.0,8.0,12.0,,,,,,1234.0,123400,1178.0,117800,1234.0,123400,0.0,0,1234.0,123400,0.0,0,,0.0,,0.0
11,1,11,3,3,,,,,,,2026-08-04 11:21:06.958215,50.0,30.0,30.0,30.0,,,,,,1565.0,156500,1490.0,149000,1565.0,156500,0.0,0,1565.0,156500,0.0,0,,0.0,,0.0
12,1,12,3,3,,,,,,,2026-08-04 11:49:17.013555,50.0,30.0,30.0,30.0,,,,,,1565.0,156500,1490.0,149000,1565.0,156500,0.0,0,1565.0,156500,0.0,0,,0.0,,0.0
13,1,13,3,3,,,,,,,2026-08-04 12:18:16.320420,50.0,30.0,30.0,30.0,,,,,,1565.0,156500,1490.0,149000,1565.0,156500,0.0,0,1565.0,156500,0.0,0,,0.0,,0.0
14,1,14,3,3,,,,,,,2026-08-04 12:24:21.663376,,,,,,,,,,1565.0,156500,0.0,0,1565.0,156500,0.0,0,1565.0,156500,0.0,0,,0.0,,0.0
15,1,15,4,4,,,,,,,2026-08-05 08:51:38.098021,199.0,10.0,8.0,12.0,,,,,,1234.0,123400,1178.0,117800,1234.0,123400,0.0,0,1234.0,123400,0.0,0,,0.0,,0.0
16,1,16,3,3,,,,,,,2026-08-05 11:35:49.666399,50.0,30.0,30.0,30.0,,,,,,1565.0,156500,1490.0,149000,1565.0,156500,0.0,0,1565.0,156500,0.0,0,,0.0,,0.0
17,1,17,3,3,,,,,,,2026-08-05 12:28:39.559761,50.0,30.0,30.0,30.0,,,,,,1565.0,156500,1490.0,149000,1565.0,156500,0.0,0,1565.0,156500,0.0,0,,0.0,,0.0
18,1,18,4,4,,,,,,,2026-08-06 05:51:33.229509,199.0,10.0,8.0,12.0,,,,,,1234.0,123400,1178.0,117800,1234.0,123400,0.0,0,1234.0,123400,0.0,0,,0.0,,0.0
19,1,19,3,3,,,,,,,2026-08-06 06:18:57.596133,50.0,30.0,30.0,30.0,,,,,,1565.0,156500,1490.0,149000,1565.0,156500,0.0,0,1565.0,156500,0.0,0,,0.0,,0.0
20,1,20,4,4,,,,,,,2026-08-06 07:48:11.654044,199.0,10.0,8.0,12.0,,,,,,1234.0,123400,1178.0,117800,1234.0,123400,0.0,0,1234.0,123400,0.0,0,,0.0,,0.0
21,1,21,4,4,,,,,,,2026-08-06 08:23:32.194735,199.0,10.0,8.0,12.0,,,,,,1234.0,123400,1178.0,117800,1234.0,123400,0.0,0,1234.0,123400,0.0,0,,0.0,,0.0
22,1,22,3,3,,,,,,,2026-08-06 16:23:10.178392,50.0,30.0,30.0,30.0,,,,,,1565.0,156500,1490.0,149000,1565.0,156500,0.0,0,1565.0,156500,0.0,0,,0.0,,0.0
23,1,23,4,4,,,,,,,2026-08-07 03:27:58.632838,199.0,10.0,8.0,12.0,,,,,,1234.0,123400,1178.0,117800,1234.0,123400,0.0,0,1234.0,123400,0.0,0,,0.0,,0.0
24,1,24,3,3,,,,,,,2026-08-07 03:29:07.068957,50.0,30.0,30.0,30.0,,,,,,1565.0,156500,1490.0,149000,1565.0,156500,0.0,0,1565.0,156500,0.0,0,,0.0,,0.0
25,1,25,3,3,,,,,,,2026-08-07 04:34:00.141734,,,,,,,,,,1565.0,156500,0.0,0,1565.0,156500,0.0,0,1565.0,156500,0.0,0,,0.0,,0.0
26,1,26,3,3,,,,,,,2026-08-07 04:39:29.949086,,,,,,,,,,1565.0,156500,0.0,0,1565.0,156500,0.0,0,1565.0,156500,0.0,0,,0.0,,0.0
27,1,27,4,4,,,,,,,2026-08-07 04:50:27.778817,199.0,10.0,8.0,12.0,,,,,,1234.0,123400,1178.0,117800,1234.0,123400,0.0,0,1234.0,123400,0.0,0,,0.0,,0.0
28,1,28,4,4,,,,,,,2026-08-07 05:00:44.440934,199.0,10.0,8.0,12.0,,,,,,1234.0,123400,1178.0,117800,1234.0,123400,0.0,0,1234.0,123400,0.0,0,,0.0,,0.0
29,1,29,4,4,,,,,,,2026-08-07 05:09:45.373785,,,,,,,,,,1234.0,123400,0.0,0,1234.0,123400,0.0,0,1234.0,123400,0.0,0,,0.0,,0.0
30,1,30,3,3,,,,,,,2026-08-07 05:27:39.214568,50.0,30.0,30.0,30.0,,,,,,1565.0,156500,1490.0,149000,1565.0,156500,0.0,0,1565.0,156500,0.0,0,,0.0,,0.0
31,1,31,3,3,,,,,,,2026-08-07 05:56:11.723817,50.0,30.0,30.0,30.0,,,,,,1565.0,156500,1490.0,149000,1565.0,156500,0.0,0,1565.0,156500,0.0,0,,0.0,,0.0
32,1,32,3,3,,,,,,,2026-08-07 06:10:40.458519,,,,,,,,,,1565.0,156500,0.0,0,1565.0,156500,0.0,0,1565.0,156500,0.0,0,,0.0,,0.0
33,1,33,4,4,,,,,,,2026-08-07 08:41:43.374256,199.0,10.0,8.0,12.0,,,,,,1234.0,123400,1178.0,117800,1234.0,123400,0.0,0,1234.0,123400,0.0,0,,0.0,,0.0
34,1,34,4,4,,,,,,,2026-08-07 08:46:28.434772,,,,,,,,,,1234.0,123400,0.0,0,1234.0,123400,0.0,0,1234.0,123400,0.0,0,,0.0,,0.0
35,1,35,3,3,,,,,,,2026-08-07 08:52:10.475893,50.0,30.0,30.0,30.0,,,,,,1565.0,156500,1490.0,149000,1565.0,156500,0.0,0,1565.0,156500,0.0,0,,0.0,,0.0
36,1,36,3,3,,,,,,,2026-08-07 09:02:30.993281,,,,,,,,,,1565.0,156500,0.0,0,1565.0,156500,0.0,0,1565.0,156500,0.0,0,,0.0,,0.0
37,1,37,4,4,,,,,,,2026-08-07 10:54:54.017901,199.0,10.0,8.0,12.0,,,,,,1234.0,123400,1178.0,117800,1234.0,123400,0.0,0,1234.0,123400,0.0,0,,0.0,,0.0
38,1,38,4,4,,,,,,,2026-08-07 11:01:08.570820,199.0,10.0,8.0,12.0,,,,,,1234.0,123400,1178.0,117800,1234.0,123400,0.0,0,1234.0,123400,0.0,0,,0.0,,0.0
39,1,39,4,4,,,,,,,2026-08-07 11:36:27.932085,199.0,10.0,8.0,12.0,,,,,,1234.0,123400,1178.0,117800,1234.0,123400,0.0,0,1234.0,123400,0.0,0,,0.0,,0.0
40,1,40,4,4,,,,,,,2026-08-07 14:11:56.670443,199.0,10.0,8.0,12.0,,,,,,1234.0,123400,1178.0,117800,1234.0,123400,0.0,0,1234.0,123400,0.0,0,,0.0,,0.0
41,1,41,4,4,,,,,,,2026-08-08 04:02:52.263153,199.0,10.0,8.0,12.0,,,,,,1234.0,123400,1178.0,117800,1234.0,123400,0.0,0,1234.0,123400,0.0,0,,0.0,,0.0
42,1,42,4,4,,,,,,,2026-08-08 04:08:51.488848,,,,,,,,,,1234.0,123400,0.0,0,1234.0,123400,0.0,0,1234.0,123400,0.0,0,,0.0,,0.0
43,1,43,4,4,,,,,,,2026-08-08 04:12:01.534231,199.0,10.0,8.0,12.0,,,,,,1234.0,123400,1178.0,117800,1234.0,123400,0.0,0,1234.0,123400,0.0,0,,0.0,,0.0
44,1,44,4,4,,,,,,,2026-08-08 04:16:22.953170,,,,,,,,,,1234.0,123400,0.0,0,1234.0,123400,0.0,0,1234.0,123400,0.0,0,,0.0,,0.0
45,1,45,4,4,,,,,,,2026-08-08 05:31:28.388214,199.0,10.0,8.0,12.0,,,,,,1234.0,123400,1178.0,117800,1234.0,123400,0.0,0,1234.0,123400,0.0,0,,0.0,,0.0
46,1,46,3,3,,,,,,,2026-08-08 07:19:02.353844,50.0,30.0,30.0,30.0,,,,,,1565.0,156500,1490.0,149000,1565.0,156500,0.0,0,1565.0,156500,0.0,0,,0.0,,0.0
47,1,47,16,36,,,,,,,2026-08-08 07:19:02.412380,50.0,50.0,50.0,50.0,,,,,,1725.0,172500,1675.0,167500,1725.0,172500,0.0,0,1725.0,172500,0.0,0,,0.0,,0.0
48,1,48,17,37,,,,,,,2026-08-08 07:19:02.461246,30.0,15.0,15.0,20.0,,,,,,748.0,74800,698.0,69800,748.0,74800,0.0,0,748.0,74800,0.0,0,,0.0,,0.0
49,1,49,16,36,,,,,,,2026-08-08 08:36:50.269221,50.0,50.0,50.0,50.0,,,,,,1725.0,172500,1675.0,167500,1725.0,172500,0.0,0,1725.0,172500,0.0,0,,0.0,,0.0
50,1,50,16,36,,,,,,,2026-08-08 09:11:45.213685,50.0,50.0,50.0,50.0,10.0,1.0,10.0,1.0,,1725.0,172500,1675.0,167500,1725.0,172500,0.0,0,1725.0,172500,0.0,0,,0.0,,0.0
51,1,51,17,37,,,,,,,2026-08-08 09:12:53.029037,30.0,15.0,15.0,20.0,10.0,1.0,10.0,1.0,,748.0,74800,698.0,69800,748.0,74800,0.0,0,748.0,74800,0.0,0,,0.0,,0.0
52,1,52,16,36,,,,,,,2026-08-08 09:42:56.256025,50.0,50.0,50.0,50.0,10.0,1.0,10.0,1.0,,1725.0,172500,1675.0,167500,1725.0,172500,0.0,0,1725.0,172500,0.0,0,,0.0,,0.0
53,1,53,17,37,,,,,,,2026-08-08 10:28:09.971601,30.0,15.0,15.0,20.0,10.0,1.0,10.0,1.0,,748.0,74800,698.0,69800,748.0,74800,0.0,0,748.0,74800,0.0,0,,0.0,,0.0
54,1,54,17,37,,,,,,,2026-08-08 10:32:45.204556,,,,,,,,,,748.0,74800,0.0,0,748.0,74800,0.0,0,748.0,74800,0.0,0,,0.0,,0.0
55,1,55,17,37,,,,,,,2026-08-08 11:01:34.199190,30.0,15.0,15.0,20.0,,0.0,,0.0,,748.0,74800,698.0,69800,748.0,74800,0.0,0,748.0,74800,0.0,0,,0.0,,0.0
56,1,56,4,4,,,,,,,2026-08-10 06:15:47.261606,199.0,10.0,8.0,12.0,7.0,1.0,8.0,1.0,,1234.0,123400,1178.0,117800,1234.0,123400,0.0,0,1234.0,123400,0.0,0,,0.0,,0.0
57,1,57,3,3,,,,,,,2026-08-10 08:31:22.084456,50.0,30.0,30.0,30.0,10.0,1.0,10.0,1.0,,1565.0,156500,1490.0,149000,1565.0,156500,0.0,0,1565.0,156500,0.0,0,,0.0,,0.0
58,1,58,17,37,,,,,,,2026-08-10 08:51:22.522200,30.0,15.0,15.0,20.0,,0.0,,0.0,,748.0,74800,698.0,69800,748.0,74800,0.0,0,748.0,74800,0.0,0,,0.0,,0.0
59,1,59,16,36,,,,,,,2026-08-10 09:00:10.161108,50.0,50.0,50.0,50.0,10.0,1.0,10.0,1.0,,1725.0,172500,1675.0,167500,1725.0,172500,0.0,0,1725.0,172500,0.0,0,,0.0,,0.0
60,1,60,3,3,,,,,,,2026-08-10 09:06:22.910640,50.0,30.0,30.0,30.0,10.0,1.0,10.0,1.0,,1565.0,156500,1490.0,149000,1565.0,156500,0.0,0,1565.0,156500,0.0,0,,0.0,,0.0
61,1,61,16,36,,,,,,,2026-08-10 09:11:16.592737,50.0,50.0,50.0,50.0,10.0,1.0,10.0,1.0,,1725.0,172500,1675.0,167500,1725.0,172500,0.0,0,1725.0,172500,0.0,0,,0.0,,0.0
62,1,62,16,36,,,,,,,2026-08-10 09:18:59.876383,50.0,50.0,50.0,50.0,10.0,1.0,10.0,1.0,,1725.0,172500,1675.0,167500,1725.0,172500,0.0,0,1725.0,172500,0.0,0,,0.0,,0.0
63,1,63,16,36,,,,,,,2026-08-10 09:44:41.638270,50.0,50.0,50.0,50.0,10.0,1.0,10.0,1.0,,1725.0,172500,1675.0,167500,1725.0,172500,0.0,0,1725.0,172500,0.0,0,,0.0,,0.0
64,1,64,16,36,,,,,,,2026-08-10 10:18:19.103556,50.0,50.0,50.0,50.0,10.0,1.0,10.0,1.0,,1725.0,172500,1675.0,167500,1725.0,172500,0.0,0,1725.0,172500,0.0,0,,0.0,,0.0
65,1,65,16,36,,,,,,,2026-08-10 10:55:37.894540,50.0,50.0,50.0,50.0,10.0,1.0,10.0,1.0,,1725.0,172500,1675.0,167500,1725.0,172500,0.0,0,1725.0,172500,0.0,0,,0.0,,0.0
66,1,66,16,36,,,,,,,2026-08-10 15:34:05.099750,50.0,50.0,50.0,50.0,10.0,1.0,10.0,1.0,,1725.0,172500,1675.0,167500,1725.0,172500,0.0,0,1725.0,172500,0.0,0,,0.0,,0.0
67,1,67,13,30,,,,,,,2026-08-11 04:36:39.851789,188.9,19.0,89.0,98.0,8.0,1.0,8.0,1.0,,319.0,31900,165.0,16500,319.0,31900,0.0,0,319.0,31900,0.0,0,,0.0,,0.0
68,1,68,13,30,,,,,,,2026-08-11 04:45:04.997383,189.0,19.0,89.0,98.0,8.0,1.0,8.0,1.0,,319.0,31900,165.0,16500,319.0,31900,0.0,0,319.0,31900,0.0,0,,0.0,,0.0
69,1,69,13,30,,,,,,,2026-08-11 05:09:10.131661,189.0,19.0,89.0,98.0,8.0,1.0,8.0,1.0,,319.0,31900,165.0,16500,319.0,31900,0.0,0,319.0,31900,0.0,0,,0.0,,0.0
70,1,70,16,36,,,,,,,2026-08-11 06:29:17.218130,50.0,50.0,50.0,50.0,10.0,1.0,10.0,1.0,,1725.0,172500,1675.0,167500,1725.0,172500,0.0,0,1725.0,172500,0.0,0,,0.0,,0.0
71,1,71,10,25,,,,,,,2026-08-11 14:13:48.404421,1.0,10.0,15.0,18.0,7.0,1.0,7.0,1.0,,14515.0,1451500,14000.0,1400000,14515.0,1451500,0.0,0,14515.0,1451500,0.0,0,,0.0,,0.0
72,1,72,16,36,,,,,,,2026-08-11 14:49:46.532415,50.0,50.0,50.0,50.0,10.0,1.0,10.0,1.0,,1725.0,172500,1675.0,167500,1725.0,172500,0.0,0,1725.0,172500,0.0,0,,0.0,,0.0
73,1,73,26,48,,,,,,,2026-08-13 09:09:22.186601,188.9,19.0,89.0,98.0,8.0,1.0,8.0,1.0,,10566.0,1056600,10516.0,1051600,10566.0,1056600,0.0,0,10566.0,1056600,0.0,0,,0.0,,0.0
74,1,74,16,36,,,,,,,2026-08-13 09:11:47.930204,50.0,50.0,50.0,50.0,10.0,1.0,10.0,1.0,,1725.0,172500,1675.0,167500,1725.0,172500,0.0,0,1725.0,172500,0.0,0,,0.0,,0.0
75,1,75,16,36,,,,,,,2026-08-13 09:28:20.978813,50.0,50.0,50.0,50.0,10.0,1.0,10.0,1.0,,1725.0,172500,1675.0,167500,1725.0,172500,0.0,0,1725.0,172500,0.0,0,,0.0,,0.0
76,1,76,27,49,,,,,,,2026-08-13 10:36:15.046458,25.0,20.0,20.0,20.0,10.0,1.0,10.0,1.0,,1074.0,107400,999.0,99900,1074.0,107400,0.0,0,1074.0,107400,0.0,0,,0.0,,0.0
77,1,77,27,49,,,,,,,2026-08-13 10:48:06.568760,25.0,20.0,20.0,20.0,10.0,1.0,10.0,1.0,,1074.0,107400,999.0,99900,1074.0,107400,0.0,0,1074.0,107400,0.0,0,,0.0,,0.0
78,1,78,27,49,,,,,,,2026-08-13 10:56:09.817402,25.0,20.0,20.0,20.0,10.0,1.0,10.0,1.0,,1074.0,107400,999.0,99900,1074.0,107400,0.0,0,1074.0,107400,0.0,0,,0.0,,0.0
79,1,79,27,49,,,,,,,2026-08-13 11:46:18.205645,25.0,20.0,20.0,20.0,10.0,1.0,10.0,1.0,,1074.0,107400,999.0,99900,1074.0,107400,0.0,0,1074.0,107400,0.0,0,,0.0,,0.0
80,1,80,27,49,,,,,,,2026-08-13 12:24:57.067428,25.0,20.0,20.0,20.0,10.0,1.0,10.0,1.0,,1074.0,107400,999.0,99900,1074.0,107400,0.0,0,1074.0,107400,0.0,0,,0.0,,0.0
81,1,81,23,45,,,,,,,2026-08-14 06:29:13.358219,188.9,19.0,89.0,98.0,8.0,1.0,8.0,1.0,,6285.0,628500,6235.0,623500,6285.0,628500,0.0,0,6285.0,628500,0.0,0,,0.0,,0.0
82,1,82,21,43,,,,,,,2026-08-14 06:29:13.397009,188.9,19.0,89.0,98.0,8.0,1.0,8.0,1.0,,5878.0,587800,5828.0,582800,5878.0,587800,0.0,0,5878.0,587800,0.0,0,,0.0,,0.0
83,1,83,19,41,,,,,,,2026-08-14 06:32:32.415487,188.9,19.0,89.0,98.0,8.0,1.0,8.0,1.0,,1478.0,147800,1428.0,142800,1478.0,147800,0.0,0,1478.0,147800,0.0,0,,0.0,,0.0
84,1,84,17,37,,,,,,,2026-08-14 06:48:18.730045,30.0,15.0,15.0,20.0,,0.0,,0.0,,748.0,74800,698.0,69800,748.0,74800,0.0,0,748.0,74800,0.0,0,,0.0,,0.0
85,1,85,17,37,,,,,,,2026-08-14 07:04:38.303054,30.0,15.0,15.0,20.0,,0.0,,0.0,,748.0,74800,698.0,69800,748.0,74800,0.0,0,748.0,74800,0.0,0,,0.0,,0.0
86,1,86,4,4,,,,,,,2026-08-14 07:14:02.752022,199.0,10.0,8.0,12.0,7.0,1.0,8.0,1.0,,1234.0,123400,1178.0,117800,1234.0,123400,0.0,0,1234.0,123400,0.0,0,,0.0,,0.0
87,1,87,27,49,,,,,,,2026-08-14 09:02:26.167813,25.0,20.0,20.0,20.0,10.0,1.0,10.0,1.0,,1074.0,107400,999.0,99900,1074.0,107400,0.0,0,1074.0,107400,0.0,0,,0.0,,0.0
88,1,88,17,37,,,,,,,2026-08-14 10:57:54.691394,30.0,15.0,15.0,20.0,,0.0,,0.0,,748.0,74800,698.0,69800,748.0,74800,0.0,0,748.0,74800,0.0,0,,0.0,,0.0
89,1,89,21,43,,,,,,,2026-08-14 10:58:41.473162,189.0,19.0,89.0,98.0,8.0,1.0,8.0,1.0,,5878.0,587800,5828.0,582800,5878.0,587800,0.0,0,5878.0,587800,0.0,0,,0.0,,0.0
90,1,90,13,30,,,,,,,2026-08-14 11:03:23.851865,189.0,19.0,89.0,98.0,8.0,1.0,8.0,1.0,,319.0,31900,165.0,16500,319.0,31900,0.0,0,319.0,31900,0.0,0,,0.0,,0.0
91,1,91,16,36,,,,,,,2026-08-14 12:14:54.585166,50.0,50.0,50.0,50.0,10.0,1.0,10.0,1.0,,1552.5,155250,1675.0,167500,1725.0,172500,0.0,0,1552.5,155250,0.0,0,,0.0,,0.0
92,1,92,16,36,,,,,,,2026-08-17 05:50:15.215065,50.0,50.0,50.0,50.0,10.0,1.0,10.0,1.0,,1725.0,172500,1675.0,167500,1725.0,172500,0.0,0,1725.0,172500,0.0,0,,0.0,,0.0
93,1,93,21,43,,,,,,,2026-08-17 05:50:15.277407,189.0,19.0,89.0,98.0,8.0,1.0,8.0,1.0,,5878.0,587800,5828.0,582800,5878.0,587800,0.0,0,5878.0,587800,0.0,0,,0.0,,0.0
94,1,94,22,44,,,,,,,2026-08-17 05:54:04.400434,189.0,19.0,89.0,98.0,8.0,1.0,8.0,1.0,,379.0,37900,329.0,32900,379.0,37900,0.0,0,379.0,37900,0.0,0,,0.0,,0.0
95,1,95,25,47,,,,,,,2026-08-17 06:05:31.816949,188.9,19.0,89.0,98.0,8.0,1.0,8.0,1.0,,1635.0,163500,1585.0,158500,1635.0,163500,0.0,0,1635.0,163500,0.0,0,,0.0,,0.0
96,1,96,25,47,,,,,,,2026-08-17 06:40:02.408084,188.9,19.0,89.0,98.0,8.0,1.0,8.0,1.0,,1635.0,163500,1585.0,158500,1635.0,163500,0.0,0,1635.0,163500,0.0,0,,0.0,,0.0
97,1,97,19,41,,,,,,,2026-08-17 06:40:02.497873,189.0,19.0,89.0,98.0,8.0,1.0,8.0,1.0,,1478.0,147800,1428.0,142800,1478.0,147800,0.0,0,1478.0,147800,0.0,0,,0.0,,0.0
98,1,98,17,37,,,,,,,2026-08-17 07:01:20.173183,30.0,15.0,15.0,20.0,,0.0,,0.0,,748.0,74800,698.0,69800,748.0,74800,0.0,0,748.0,74800,0.0,0,,0.0,,0.0
99,1,99,39,61,,,,,,,2026-08-18 10:24:12.963949,188.9,19.0,89.0,98.0,8.0,1.0,8.0,1.0,,990.0,99000,949.0,94900,990.0,99000,0.0,0,990.0,99000,0.0,0,,0.0,,0.0
100,1,100,22,44,,,,,,,2026-08-18 10:24:13.096497,189.0,19.0,89.0,98.0,8.0,1.0,8.0,1.0,,379.0,37900,329.0,32900,379.0,37900,0.0,0,379.0,37900,0.0,0,,0.0,,0.0
101,1,101,32,54,,,,,,,2026-08-18 10:24:13.139274,188.9,19.0,89.0,98.0,8.0,1.0,8.0,1.0,,1109.0,110900,1059.0,105900,1109.0,110900,0.0,0,1109.0,110900,0.0,0,,0.0,,0.0
102,1,102,25,47,,,,,,,2026-08-18 10:24:13.187607,188.9,19.0,89.0,98.0,8.0,1.0,8.0,1.0,,1635.0,163500,1585.0,158500,1635.0,163500,0.0,0,1635.0,163500,0.0,0,,0.0,,0.0
103,1,103,17,37,,,,,,,2026-08-18 11:30:50.476972,30.0,15.0,15.0,20.0,,0.0,,0.0,,748.0,74800,698.0,69800,748.0,74800,0.0,0,748.0,74800,0.0,0,,0.0,,0.0
104,1,104,22,44,,,,,,,2026-08-18 11:30:50.516536,189.0,19.0,89.0,98.0,8.0,1.0,8.0,1.0,,379.0,37900,329.0,32900,379.0,37900,0.0,0,379.0,37900,0.0,0,,0.0,,0.0
105,1,105,16,36,,,,,,,2026-08-19 09:01:25.098509,50.0,50.0,50.0,50.0,10.0,1.0,10.0,1.0,,1725.0,172500,1675.0,167500,1725.0,172500,0.0,0,1725.0,172500,0.0,0,,0.0,,0.0
106,1,106,46,71,,,,5.0,Early Bird New Arrivals ₹300 Off,FIXED_AMOUNT,2026-08-19 12:25:21.776642,150.0,100.0,100.0,100.0,14.0,1.0,14.0,1.0,,51125.0,5112500,51000.0,5100000,51125.0,5112500,300.0,30000,50825.0,5082500,0.0,0,,0.0,300.0,30000.0
107,1,107,35,57,,,,1.0,Welcome Discount 20%,PERCENTAGE,2026-08-19 12:35:37.506672,189.0,19.0,89.0,98.0,8.0,1.0,8.0,1.0,,1548.0,154800,1498.0,149800,1548.0,154800,309.6,30960,1238.4,123840,0.0,0,,0.0,20.0,2000.0
108,1,108,27,49,,,,,,,2026-08-20 06:38:05.520789,25.0,20.0,20.0,20.0,10.0,1.0,10.0,1.0,,1074.0,107400,999.0,99900,1074.0,107400,0.0,0,1074.0,107400,0.0,0,,0.0,,0.0
109,1,109,46,71,,,,,,,2026-08-20 13:01:22.082659,150.0,100.0,100.0,100.0,14.0,1.0,14.0,1.0,,51125.0,5112500,51000.0,5100000,51125.0,5112500,0.0,0,51125.0,5112500,0.0,0,,0.0,,0.0
110,1,110,33,55,,,,,,,2026-08-20 13:11:36.380912,188.9,19.0,89.0,98.0,8.0,1.0,8.0,1.0,,6344.0,634400,6294.0,629400,6344.0,634400,0.0,0,6344.0,634400,0.0,0,,0.0,,0.0
111,1,111,46,71,,,,,,,2026-08-20 13:14:33.296071,150.0,100.0,100.0,100.0,14.0,1.0,14.0,1.0,,51125.0,5112500,51000.0,5100000,51125.0,5112500,0.0,0,51125.0,5112500,0.0,0,,0.0,,0.0
112,1,112,27,49,,,,,,,2026-08-20 13:16:25.318713,25.0,20.0,20.0,20.0,,0.0,,0.0,,1074.0,107400,999.0,99900,1074.0,107400,0.0,0,1074.0,107400,0.0,0,,0.0,,0.0
113,1,113,27,49,,,,,,,2026-08-20 13:27:10.112403,25.0,20.0,20.0,20.0,,0.0,,0.0,,1074.0,107400,999.0,99900,1074.0,107400,0.0,0,1074.0,107400,0.0,0,,0.0,,0.0
114,1,114,27,49,,,,,,,2026-08-20 13:31:54.708936,25.0,20.0,20.0,20.0,,0.0,,0.0,,1074.0,107400,999.0,99900,1074.0,107400,0.0,0,1074.0,107400,0.0,0,,0.0,,0.0
115,1,115,51,76,,,,,,,2026-08-21 15:21:53.032729,60.0,50.0,50.0,50.0,0.0,0.0,0.0,0.0,,2075.0,207500,1725.0,172500,2075.0,207500,0.0,0,2075.0,207500,0.0,0,,0.0,,0.0
116,1,116,51,76,,,,,,,2026-08-21 15:25:36.784043,60.0,50.0,50.0,50.0,0.0,0.0,0.0,0.0,,2075.0,207500,1725.0,172500,2075.0,207500,0.0,0,2075.0,207500,0.0,0,,0.0,,0.0
117,1,117,51,76,,,,,,,2026-08-21 15:31:37.608093,60.0,50.0,50.0,50.0,3.0,1.0,4.0,1.0,,2075.0,207500,1725.0,172500,2075.0,207500,0.0,0,2075.0,207500,0.0,0,,0.0,,0.0
118,1,118,51,76,,,,,,,2026-08-22 06:33:34.144978,60.0,50.0,50.0,50.0,3.0,1.0,4.0,1.0,,2075.0,207500,1725.0,172500,2075.0,207500,0.0,0,2075.0,207500,0.0,0,,0.0,,0.0
119,1,119,51,76,,,,,,,2026-08-22 06:35:21.603211,,,,,,,,,,2075.0,207500,0.0,0,2075.0,207500,0.0,0,2075.0,207500,0.0,0,,0.0,,0.0
120,1,120,51,76,,,,,,,2026-08-22 06:45:14.656730,,,,,,,,,,2075.0,207500,0.0,0,2075.0,207500,0.0,0,2075.0,207500,0.0,0,,0.0,,0.0
121,1,121,51,76,,,,,,,2026-08-22 06:49:40.192852,,,,,,,,,,2075.0,207500,0.0,0,2075.0,207500,0.0,0,2075.0,207500,0.0,0,,0.0,,0.0
122,1,122,53,78,,,,,,,2026-08-22 09:19:50.094284,500.0,5.0,8.0,8.0,7.0,1.0,7.0,1.0,,750.0,75000,700.0,70000,750.0,75000,0.0,0,750.0,75000,0.0,0,,0.0,,0.0
123,1,123,51,76,,,,,,,2026-08-22 09:28:50.597504,60.0,50.0,50.0,50.0,3.0,1.0,4.0,1.0,,2075.0,207500,1725.0,172500,2075.0,207500,0.0,0,2075.0,207500,0.0,0,,0.0,,0.0
124,1,124,53,78,,,,,,,2026-08-22 10:37:06.101978,500.0,5.0,8.0,8.0,7.0,1.0,7.0,1.0,,750.0,75000,700.0,70000,750.0,75000,0.0,0,750.0,75000,0.0,0,,0.0,,0.0
125,1,125,51,76,,,,,,,2026-08-24 09:10:05.527500,60.0,50.0,50.0,50.0,3.0,1.0,4.0,1.0,,2075.0,207500,1725.0,172500,2075.0,207500,0.0,0,2075.0,207500,0.0,0,,0.0,,0.0
126,1,126,29,51,,,,4.0,Special Flash Deal ₹1000 Off,FIXED_AMOUNT,2026-08-24 10:32:31.468386,188.9,19.0,89.0,98.0,8.0,1.0,8.0,1.0,,6541.0,654100,6491.0,649100,6541.0,654100,1000.0,100000,5541.0,554100,0.0,0,,0.0,1000.0,100000.0
127,1,127,33,55,,,,2.0,Festive Savings Flat ₹500,FIXED_AMOUNT,2026-08-24 11:19:03.507505,188.9,19.0,89.0,98.0,8.0,1.0,8.0,1.0,,6344.0,634400,6294.0,629400,6344.0,634400,500.0,50000,5844.0,584400,0.0,0,,0.0,500.0,50000.0
128,1,128,17,37,,,,,,,2026-08-24 11:19:03.553136,30.0,15.0,15.0,20.0,,0.0,,0.0,,748.0,74800,698.0,69800,748.0,74800,0.0,0,748.0,74800,0.0,0,,0.0,,0.0
129,1,129,4,4,,,,,,,2026-08-24 11:46:57.824621,199.0,10.0,8.0,12.0,7.0,1.0,8.0,1.0,,1234.0,123400,1178.0,117800,1234.0,123400,0.0,0,1234.0,123400,0.0,0,,0.0,,0.0
130,1,130,32,54,,,,,,,2026-08-25 05:19:12.194264,188.9,19.0,89.0,98.0,8.0,1.0,8.0,1.0,,1109.0,110900,1059.0,105900,1109.0,110900,0.0,0,1109.0,110900,0.0,0,,0.0,,0.0
131,1,131,23,45,,,,,,,2026-08-25 05:19:12.241811,189.0,19.0,89.0,98.0,8.0,1.0,8.0,1.0,,6285.0,628500,6235.0,623500,6285.0,628500,0.0,0,6285.0,628500,0.0,0,,0.0,,0.0
132,1,132,25,47,,,,,,,2026-08-25 05:24:11.928688,188.9,19.0,89.0,98.0,8.0,1.0,8.0,1.0,,1635.0,163500,1585.0,158500,1635.0,163500,0.0,0,1635.0,163500,0.0,0,,0.0,,0.0
133,1,133,35,57,,,,,,,2026-08-25 05:24:11.967095,189.0,19.0,89.0,98.0,8.0,1.0,8.0,1.0,,1548.0,154800,1498.0,149800,1548.0,154800,0.0,0,1548.0,154800,0.0,0,,0.0,,0.0
134,1,134,25,47,,,,,,,2026-08-25 05:28:11.403275,188.9,19.0,89.0,98.0,8.0,1.0,8.0,1.0,,1635.0,163500,1585.0,158500,1635.0,163500,0.0,0,1635.0,163500,0.0,0,,0.0,,0.0
135,1,135,35,57,,,,,,,2026-08-25 05:28:11.433696,189.0,19.0,89.0,98.0,8.0,1.0,8.0,1.0,,1548.0,154800,1498.0,149800,1548.0,154800,0.0,0,1548.0,154800,0.0,0,,0.0,,0.0
136,1,136,35,57,,,,,,,2026-08-25 09:26:16.725886,189.0,19.0,89.0,98.0,8.0,1.0,8.0,1.0,,1548.0,154800,1498.0,149800,1548.0,154800,0.0,0,1548.0,154800,0.0,0,,0.0,,0.0
137,1,137,29,51,,,,,,,2026-08-25 09:26:16.769705,188.9,19.0,89.0,98.0,8.0,1.0,8.0,1.0,,6541.0,654100,6491.0,649100,6541.0,654100,0.0,0,6541.0,654100,0.0,0,,0.0,,0.0
138,1,138,11,39,,,,,,,2026-08-25 09:26:16.797269,65.0,6.0,6.0,7.0,7.0,1.0,10.0,1.0,,440.0,44000,200.0,20000,440.0,44000,0.0,0,440.0,44000,0.0,0,,0.0,,0.0
139,1,139,27,49,,,,,,,2026-08-25 09:26:16.827378,25.0,20.0,20.0,20.0,,0.0,,0.0,,1074.0,107400,999.0,99900,1074.0,107400,0.0,0,1074.0,107400,0.0,0,,0.0,,0.0
140,1,140,24,46,,,,,,,2026-08-25 09:26:16.860399,189.0,19.0,89.0,98.0,8.0,1.0,8.0,1.0,,902.0,90200,852.0,85200,902.0,90200,0.0,0,902.0,90200,0.0,0,,0.0,,0.0
141,1,141,26,48,,,,3.0,Bulk Buyer Special 25% Off,PERCENTAGE,2026-08-25 09:26:16.893652,188.9,19.0,89.0,98.0,8.0,1.0,8.0,1.0,,10566.0,1056600,10516.0,1051600,10566.0,1056600,2641.5,264150,7924.5,792450,0.0,0,,0.0,25.0,2500.0
142,1,142,33,55,,,,,,,2026-08-25 09:43:39.945281,188.9,19.0,89.0,98.0,8.0,1.0,8.0,1.0,,6344.0,634400,6294.0,629400,6344.0,634400,0.0,0,6344.0,634400,0.0,0,,0.0,,0.0
143,1,143,35,57,,,,,,,2026-08-25 10:33:17.274601,189.0,19.0,89.0,98.0,8.0,1.0,8.0,1.0,,1548.0,154800,1498.0,149800,1548.0,154800,0.0,0,1548.0,154800,0.0,0,,0.0,,0.0
144,1,144,29,51,,,,,,,2026-08-25 10:33:17.304957,188.9,19.0,89.0,98.0,8.0,1.0,8.0,1.0,,6541.0,654100,6491.0,649100,6541.0,654100,0.0,0,6541.0,654100,0.0,0,,0.0,,0.0
145,1,145,4,4,,,,,,,2026-08-25 11:16:34.117872,199.0,10.0,8.0,12.0,7.0,1.0,8.0,1.0,,1234.0,123400,1178.0,117800,1234.0,123400,0.0,0,1234.0,123400,0.0,0,,0.0,,0.0
146,1,146,62,90,,,,,,,2026-08-25 12:05:53.365899,188.9,19.0,89.0,98.0,8.0,1.0,8.0,1.0,,295.0,29500,245.0,24500,295.0,29500,0.0,0,295.0,29500,0.0,0,,0.0,,0.0
147,1,147,51,76,,,,,,,2026-08-25 13:22:03.669699,60.0,50.0,50.0,50.0,3.0,1.0,4.0,1.0,,2075.0,207500,1725.0,172500,2075.0,207500,0.0,0,2075.0,207500,0.0,0,,0.0,,0.0
148,1,148,51,76,,,,,,,2026-08-25 13:33:40.661869,,,,,,,,,,2075.0,207500,0.0,0,2075.0,207500,0.0,0,2075.0,207500,0.0,0,,0.0,,0.0
149,1,149,51,76,,,,,,,2026-08-25 13:36:01.477322,60.0,50.0,50.0,50.0,3.0,1.0,4.0,1.0,,2075.0,207500,1725.0,172500,2075.0,207500,0.0,0,2075.0,207500,0.0,0,,0.0,,0.0
150,1,150,46,71,,,,,,,2026-08-26 07:12:44.237952,150.0,100.0,100.0,100.0,14.0,1.0,14.0,1.0,,51125.0,5112500,51000.0,5100000,51125.0,5112500,0.0,0,51125.0,5112500,0.0,0,,0.0,,0.0
151,1,151,33,55,,,,,,,2026-08-26 07:12:44.275422,188.9,19.0,89.0,98.0,8.0,1.0,8.0,1.0,,6344.0,634400,6294.0,629400,6344.0,634400,0.0,0,6344.0,634400,0.0,0,,0.0,,0.0
152,1,152,61,89,,,,,,,2026-08-26 07:14:36.833490,188.9,19.0,89.0,98.0,8.0,1.0,8.0,1.0,,806.0,80600,756.0,75600,806.0,80600,0.0,0,806.0,80600,0.0,0,,0.0,,0.0
153,1,153,61,89,,,,,,,2026-08-26 07:17:45.368356,188.9,19.0,89.0,98.0,8.0,1.0,8.0,1.0,,806.0,80600,756.0,75600,806.0,80600,0.0,0,806.0,80600,0.0,0,,0.0,,0.0
154,1,154,62,90,,,,,,,2026-08-26 07:36:04.377283,188.9,19.0,89.0,98.0,8.0,1.0,8.0,1.0,,295.0,29500,245.0,24500,295.0,29500,0.0,0,295.0,29500,0.0,0,,0.0,,0.0
155,1,155,62,90,,,,,,,2026-08-26 07:51:06.564939,189.0,19.0,89.0,98.0,8.0,1.0,8.0,1.0,,1.2,120,1.0,100,1.2,120,0.0,0,1.2,120,0.0,0,,0.0,,0.0
156,1,156,35,57,,,,,,,2026-08-26 08:00:55.502977,189.0,19.0,89.0,98.0,8.0,1.0,8.0,1.0,,1548.0,154800,1498.0,149800,1548.0,154800,0.0,0,1548.0,154800,0.0,0,,0.0,,0.0
157,1,157,62,90,,,,,,,2026-08-26 09:32:30.343338,189.0,19.0,89.0,98.0,8.0,1.0,8.0,1.0,,1.2,120,1.0,100,1.2,120,0.0,0,1.2,120,0.0,0,,0.0,,0.0
158,1,158,62,90,,,,,,,2026-08-26 09:42:09.333098,189.0,19.0,89.0,98.0,8.0,1.0,8.0,1.0,,1.2,120,1.0,100,1.2,120,0.0,0,1.2,120,0.0,0,,0.0,,0.0
159,1,159,46,71,,,,,,,2026-08-26 11:35:06.265081,150.0,100.0,100.0,100.0,14.0,1.0,14.0,1.0,,51125.0,5112500,51000.0,5100000,51125.0,5112500,0.0,0,51125.0,5112500,0.0,0,,0.0,,0.0
160,1,160,62,90,,,,,,,2026-08-26 13:11:11.376679,189.0,19.0,89.0,98.0,8.0,1.0,8.0,1.0,,1.2,120,1.0,100,1.2,120,0.0,0,1.2,120,0.0,0,,0.0,,0.0
161,1,161,62,90,,,,,,,2026-08-26 13:46:10.852574,189.0,19.0,89.0,98.0,8.0,1.0,8.0,1.0,,1.2,120,1.0,100,1.2,120,0.0,0,1.2,120,0.0,0,,0.0,,0.0
162,1,162,62,90,,,,,,,2026-08-26 13:52:35.782987,189.0,19.0,89.0,98.0,8.0,1.0,8.0,1.0,,1.2,120,1.0,100,1.2,120,0.0,0,1.2,120,0.0,0,,0.0,,0.0
163,1,163,51,76,,,,,,,2026-08-26 17:12:31.431772,60.0,50.0,50.0,50.0,3.0,1.0,4.0,1.0,,2075.0,207500,1725.0,172500,2075.0,207500,0.0,0,2075.0,207500,0.0,0,,0.0,,0.0
164,1,164,51,76,,,,,,,2026-08-26 17:56:33.598734,60.0,50.0,50.0,50.0,3.0,1.0,4.0,1.0,,2075.0,207500,1725.0,172500,2075.0,207500,0.0,0,2075.0,207500,0.0,0,,0.0,,0.0
165,1,165,51,76,,,,,,,2026-08-26 18:13:36.669390,60.0,50.0,50.0,50.0,3.0,1.0,4.0,1.0,,2075.0,207500,1725.0,172500,2075.0,207500,0.0,0,2075.0,207500,0.0,0,,0.0,,0.0
166,1,166,51,76,,,,,,,2026-08-26 18:28:08.866080,,,,,,,,,,2075.0,207500,0.0,0,2075.0,207500,0.0,0,2075.0,207500,0.0,0,,0.0,,0.0
167,1,167,62,90,,,,,,,2026-08-27 04:29:53.887832,189.0,19.0,89.0,98.0,8.0,1.0,8.0,1.0,,1.2,120,1.0,100,1.2,120,0.0,0,1.2,120,0.0,0,,0.0,,0.0
168,1,168,59,87,,,,,,,2026-08-27 05:37:32.147446,188.9,19.0,89.0,98.0,8.0,1.0,8.0,1.0,,9555.0,955500,9505.0,950500,9555.0,955500,0.0,0,9555.0,955500,0.0,0,,0.0,,0.0
169,1,169,8,17,,,,,,,2026-08-27 06:02:48.519790,1.0,18.0,13.0,7.0,,0.0,,0.0,,4554.0,455400,4234.0,423400,4554.0,455400,0.0,0,4554.0,455400,0.0,0,,0.0,,0.0
173,1,173,62,90,,,,,,,2026-08-27 06:37:56.302605,189.0,19.0,89.0,98.0,8.0,1.0,8.0,1.0,,1.2,120,1.0,100,1.2,120,0.0,0,1.2,120,0.0,0,,0.0,,0.0
174,1,174,62,90,,,,,,,2026-08-27 06:38:36.612280,189.0,19.0,89.0,98.0,8.0,1.0,8.0,1.0,,1.2,120,1.0,100,1.2,120,0.0,0,1.2,120,0.0,0,,0.0,,0.0
178,1,178,62,90,,,,,,,2026-08-27 08:35:05.506083,189.0,19.0,89.0,98.0,8.0,1.0,8.0,1.0,,1.2,120,1.0,100,1.2,120,0.0,0,1.2,120,0.0,0,,0.0,,0.0
179,1,179,7,11,,,,,,,2026-08-27 08:35:05.551816,4600.0,34.0,34.0,27.0,7.0,1.0,7.0,1.0,,5320.0,532000,5200.0,520000,5320.0,532000,0.0,0,5320.0,532000,0.0,0,,0.0,,0.0
180,1,180,62,90,,,,,,,2026-08-27 08:40:06.922771,189.0,19.0,89.0,98.0,8.0,1.0,8.0,1.0,,1.2,120,1.0,100,1.2,120,0.0,0,1.2,120,0.0,0,,0.0,,0.0
181,1,181,62,90,,,,,,,2026-08-27 08:41:37.291784,189.0,19.0,89.0,98.0,8.0,1.0,8.0,1.0,,1.2,120,1.0,100,1.2,120,0.0,0,1.2,120,0.0,0,,0.0,,0.0
182,1,182,10,25,,,,,,,2026-08-27 09:04:41.859772,1.0,10.0,15.0,18.0,7.0,1.0,7.0,1.0,,14515.0,1451500,14000.0,1400000,14515.0,1451500,0.0,0,14515.0,1451500,0.0,0,,0.0,,0.0
183,1,183,10,25,,,,,,,2026-08-27 09:05:12.179711,1.0,10.0,15.0,18.0,7.0,1.0,7.0,1.0,,14515.0,1451500,14000.0,1400000,14515.0,1451500,0.0,0,14515.0,1451500,0.0,0,,0.0,,0.0
184,1,184,8,17,,,,,,,2026-08-27 09:23:30.161529,1.0,18.0,13.0,7.0,,0.0,,0.0,,4554.0,455400,4234.0,423400,4554.0,455400,0.0,0,4554.0,455400,0.0,0,,0.0,,0.0
185,1,185,8,17,,,,,,,2026-08-27 09:29:06.666920,1.0,18.0,13.0,7.0,,0.0,,0.0,,4554.0,455400,4234.0,423400,4554.0,455400,0.0,0,4554.0,455400,0.0,0,,0.0,,0.0
186,1,186,61,89,,,,,,,2026-08-27 09:29:06.705314,188.9,19.0,89.0,98.0,8.0,1.0,8.0,1.0,,806.0,80600,756.0,75600,806.0,80600,0.0,0,806.0,80600,0.0,0,,0.0,,0.0
187,1,187,8,17,,,,,,,2026-08-27 09:29:24.103339,1.0,18.0,13.0,7.0,,0.0,,0.0,,4554.0,455400,4234.0,423400,4554.0,455400,0.0,0,4554.0,455400,0.0,0,,0.0,,0.0
188,1,188,61,89,,,,,,,2026-08-27 09:29:24.130976,188.9,19.0,89.0,98.0,8.0,1.0,8.0,1.0,,806.0,80600,756.0,75600,806.0,80600,0.0,0,806.0,80600,0.0,0,,0.0,,0.0
189,1,189,8,17,,,,,,,2026-08-27 09:31:30.535389,1.0,18.0,13.0,7.0,,0.0,,0.0,,4554.0,455400,4234.0,423400,4554.0,455400,0.0,0,4554.0,455400,0.0,0,,0.0,,0.0
190,1,190,61,89,,,,,,,2026-08-27 09:31:30.569557,188.9,19.0,89.0,98.0,8.0,1.0,8.0,1.0,,806.0,80600,756.0,75600,806.0,80600,0.0,0,806.0,80600,0.0,0,,0.0,,0.0
191,1,191,62,90,,,,,,,2026-08-27 09:33:55.642139,189.0,19.0,89.0,98.0,8.0,1.0,8.0,1.0,,1.2,120,1.0,100,1.2,120,0.0,0,1.2,120,0.0,0,,0.0,,0.0
192,1,192,62,90,,,,,,,2026-08-27 09:39:14.968086,189.0,19.0,89.0,98.0,8.0,1.0,8.0,1.0,,1.2,120,1.0,100,1.2,120,0.0,0,1.2,120,0.0,0,,0.0,,0.0
193,1,193,29,51,,,,,,,2026-08-27 09:39:15.001348,188.9,19.0,89.0,98.0,8.0,1.0,8.0,1.0,,6541.0,654100,6491.0,649100,6541.0,654100,0.0,0,6541.0,654100,0.0,0,,0.0,,0.0
194,1,194,62,90,,,,,,,2026-08-27 09:40:49.946916,189.0,19.0,89.0,98.0,8.0,1.0,8.0,1.0,,1.2,120,1.0,100,1.2,120,0.0,0,1.2,120,0.0,0,,0.0,,0.0
195,1,195,62,90,,,,,,,2026-08-27 10:34:43.352327,189.0,19.0,89.0,98.0,8.0,1.0,8.0,1.0,,1.2,120,1.0,100,1.2,120,0.0,0,1.2,120,0.0,0,,0.0,,0.0
196,1,196,62,90,,,,,,,2026-08-27 10:36:23.941950,189.0,19.0,89.0,98.0,8.0,1.0,8.0,1.0,,1.2,120,1.0,100,1.2,120,0.0,0,1.2,120,0.0,0,,0.0,,0.0
197,1,197,46,71,,,,,,,2026-08-27 10:43:01.600825,150.0,100.0,100.0,100.0,14.0,1.0,14.0,1.0,,51125.0,5112500,51000.0,5100000,51125.0,5112500,0.0,0,51125.0,5112500,0.0,0,,0.0,,0.0
198,1,198,61,89,,,,,,,2026-08-27 10:55:59.442814,188.9,19.0,89.0,98.0,8.0,1.0,8.0,1.0,,806.0,80600,756.0,75600,806.0,80600,0.0,0,806.0,80600,0.0,0,,0.0,,0.0
199,1,199,27,49,,,,,,,2026-08-27 11:08:21.935208,25.0,20.0,20.0,20.0,,0.0,,0.0,,1074.0,107400,999.0,99900,1074.0,107400,0.0,0,1074.0,107400,0.0,0,,0.0,,0.0
200,1,200,51,76,,,,,,,2026-08-28 08:45:24.965957,60.0,50.0,50.0,50.0,3.0,1.0,4.0,1.0,,2075.0,207500,1725.0,172500,2075.0,207500,0.0,0,2075.0,207500,0.0,0,,0.0,,0.0
201,1,201,60,88,,,,,,,2026-08-29 06:30:12.414143,188.9,19.0,89.0,98.0,8.0,1.0,8.0,1.0,,2885.0,288500,2835.0,283500,2885.0,288500,0.0,0,2885.0,288500,0.0,0,,0.0,,0.0
202,1,202,60,88,,,,,,,2026-08-29 07:10:01.244558,188.9,19.0,89.0,98.0,8.0,1.0,8.0,1.0,,2885.0,288500,2835.0,283500,2885.0,288500,0.0,0,2885.0,288500,0.0,0,,0.0,,0.0
203,1,203,62,90,,,,,,,2026-08-29 07:11:04.481651,189.0,19.0,89.0,98.0,8.0,1.0,8.0,1.0,,1.2,120,1.0,100,1.2,120,0.0,0,1.2,120,0.0,0,,0.0,,0.0
204,1,204,62,90,,,,,,,2026-08-29 07:13:33.655544,189.0,19.0,89.0,98.0,8.0,1.0,8.0,1.0,,1.2,120,1.0,100,1.2,120,0.0,0,1.2,120,0.0,0,,0.0,,0.0
205,1,205,51,76,,,,,,,2026-08-31 08:57:48.921012,60.0,50.0,50.0,50.0,,0.0,,0.0,,2075.0,207500,1725.0,172500,2075.0,207500,0.0,0,2075.0,207500,0.0,0,,0.0,,0.0
206,1,206,51,76,,,,,,,2026-08-31 14:41:08.655620,60.0,50.0,50.0,50.0,,0.0,,0.0,,2075.0,207500,1725.0,172500,2075.0,207500,0.0,0,2075.0,207500,0.0,0,,0.0,,0.0
207,1,207,62,90,,,,,,,2026-09-01 04:30:39.329870,189.0,19.0,89.0,98.0,8.0,1.0,8.0,1.0,,1.2,120,1.0,100,1.2,120,0.0,0,1.2,120,0.0,0,,0.0,,0.0
208,1,208,51,76,,,,,,,2026-09-01 05:27:17.233645,60.0,50.0,50.0,50.0,,0.0,,0.0,,2075.0,207500,1725.0,172500,2075.0,207500,0.0,0,2075.0,207500,0.0,0,,0.0,,0.0
209,1,209,62,90,,,,,,,2026-09-01 05:27:17.277426,189.0,19.0,89.0,98.0,8.0,1.0,8.0,1.0,,1.2,120,1.0,100,1.2,120,0.0,0,1.2,120,0.0,0,,0.0,,0.0
210,1,210,51,76,,,,,,,2026-09-01 05:54:31.779477,60.0,50.0,50.0,50.0,,0.0,,0.0,,2075.0,207500,1725.0,172500,2075.0,207500,0.0,0,2075.0,207500,0.0,0,,0.0,,0.0
211,1,211,62,90,,,,,,,2026-09-01 07:26:18.087207,189.0,19.0,89.0,98.0,8.0,1.0,8.0,1.0,,1.2,120,1.0,100,1.2,120,0.0,0,1.2,120,0.0,0,,0.0,,0.0
212,1,212,62,90,,,,,,,2026-09-01 09:27:43.156532,189.0,19.0,89.0,98.0,8.0,1.0,8.0,1.0,,1.2,120,1.0,100,1.2,120,0.0,0,1.2,120,0.0,0,,0.0,,0.0
213,1,213,3,3,,,,,,,2026-09-01 11:27:04.550258,50.0,30.0,30.0,30.0,10.0,1.0,10.0,1.0,,1565.0,156500,1490.0,149000,1565.0,156500,0.0,0,1565.0,156500,0.0,0,,0.0,,0.0
214,1,214,27,49,,,,,,,2026-09-02 10:09:49.900835,25.0,20.0,20.0,20.0,,0.0,,0.0,,1074.0,107400,999.0,99900,1074.0,107400,0.0,0,1074.0,107400,0.0,0,,0.0,,0.0
215,1,215,16,36,,,,,,,2026-09-02 10:12:58.653521,50.0,50.0,50.0,50.0,10.0,1.0,10.0,1.0,,1725.0,172500,1675.0,167500,1725.0,172500,0.0,0,1725.0,172500,0.0,0,,0.0,,0.0
216,1,216,27,49,,,,,,,2026-09-02 10:19:55.413223,25.0,20.0,20.0,20.0,,0.0,,0.0,,1074.0,107400,999.0,99900,1074.0,107400,0.0,0,1074.0,107400,0.0,0,,0.0,,0.0
217,1,217,62,90,,,,,,,2026-09-02 10:22:32.465179,189.0,19.0,89.0,98.0,8.0,1.0,8.0,1.0,,1.2,120,1.0,100,1.2,120,0.0,0,1.2,120,0.0,0,,0.0,,0.0
218,1,218,16,36,,,,,,,2026-09-02 10:33:17.524924,50.0,50.0,50.0,50.0,10.0,1.0,10.0,1.0,,1725.0,172500,1675.0,167500,1725.0,172500,0.0,0,1725.0,172500,0.0,0,,0.0,,0.0
219,1,219,61,89,,,,11.0,Monsoon Sale_Fixed_840,FIXED_AMOUNT,2026-09-02 11:42:53.621460,188.9,19.0,89.0,98.0,8.0,1.0,8.0,1.0,,806.0,80600,756.0,75600,806.0,80600,500.0,50000,306.0,30600,0.0,0,,0.0,500.0,50000.0
220,1,220,62,90,,,,,,,2026-09-02 11:42:53.657942,189.0,19.0,89.0,98.0,8.0,1.0,8.0,1.0,,1.2,120,1.0,100,1.2,120,0.0,0,1.2,120,0.0,0,,0.0,,0.0
221,1,221,62,90,,,,,,,2026-09-02 12:53:45.174554,189.0,19.0,89.0,98.0,8.0,1.0,8.0,1.0,,1.2,120,1.0,100,1.2,120,0.0,0,1.2,120,0.0,0,,0.0,,0.0
222,1,222,16,36,,,,,,,2026-09-02 13:58:28.705442,50.0,50.0,50.0,50.0,10.0,1.0,10.0,1.0,,1725.0,172500,1675.0,167500,1725.0,172500,0.0,0,1725.0,172500,0.0,0,,0.0,,0.0
223,1,223,51,76,,,,,,,2026-09-02 14:15:42.819329,60.0,50.0,50.0,50.0,,0.0,,0.0,,2075.0,207500,1725.0,172500,2075.0,207500,0.0,0,2075.0,207500,0.0,0,,0.0,,0.0
224,1,224,61,89,,,,11.0,Monsoon Sale_Fixed_840,FIXED_AMOUNT,2026-09-02 14:15:42.852824,188.9,19.0,89.0,98.0,8.0,1.0,8.0,1.0,,806.0,80600,756.0,75600,806.0,80600,500.0,50000,306.0,30600,0.0,0,,0.0,500.0,50000.0
225,1,225,62,90,,,,,,,2026-09-02 14:15:42.892338,189.0,19.0,89.0,98.0,8.0,1.0,8.0,1.0,,1.2,120,1.0,100,1.2,120,0.0,0,1.2,120,0.0,0,,0.0,,0.0
226,1,226,51,76,,,,,,,2026-09-02 14:15:55.428076,60.0,50.0,50.0,50.0,,0.0,,0.0,,2075.0,207500,1725.0,172500,2075.0,207500,0.0,0,2075.0,207500,0.0,0,,0.0,,0.0
227,1,227,61,89,,,,11.0,Monsoon Sale_Fixed_840,FIXED_AMOUNT,2026-09-02 14:15:55.450501,188.9,19.0,89.0,98.0,8.0,1.0,8.0,1.0,,806.0,80600,756.0,75600,806.0,80600,500.0,50000,306.0,30600,0.0,0,,0.0,500.0,50000.0
228,1,228,62,90,,,,,,,2026-09-02 14:15:55.476346,189.0,19.0,89.0,98.0,8.0,1.0,8.0,1.0,,1.2,120,1.0,100,1.2,120,0.0,0,1.2,120,0.0,0,,0.0,,0.0
229,1,229,17,37,,,,,,,2026-09-02 14:18:19.853684,30.0,15.0,15.0,20.0,,0.0,,0.0,,748.0,74800,698.0,69800,748.0,74800,0.0,0,748.0,74800,0.0,0,,0.0,,0.0
230,1,230,17,37,,,,,,,2026-09-03 04:46:16.567100,30.0,15.0,15.0,20.0,,0.0,,0.0,,748.0,74800,698.0,69800,748.0,74800,0.0,0,748.0,74800,0.0,0,,0.0,,0.0
231,1,231,62,90,,,,,,,2026-09-03 04:46:16.635086,189.0,19.0,89.0,98.0,8.0,1.0,8.0,1.0,,1.2,120,1.0,100,1.2,120,0.0,0,1.2,120,0.0,0,,0.0,,0.0
232,2,232,3,3,,,,,,,2026-09-03 04:49:30.283226,50.0,30.0,30.0,30.0,10.0,1.0,10.0,1.0,,1565.0,156500,1490.0,149000,3130.0,313000,0.0,0,3130.0,313000,0.0,0,,0.0,,0.0
233,2,233,16,36,,,,,,,2026-09-03 04:49:30.305715,50.0,50.0,50.0,50.0,10.0,1.0,10.0,1.0,,1725.0,172500,1675.0,167500,3450.0,345000,0.0,0,3450.0,345000,0.0,0,,0.0,,0.0
234,2,234,27,49,,,,,,,2026-09-03 04:49:30.329149,25.0,20.0,20.0,20.0,,0.0,,0.0,,1074.0,107400,999.0,99900,2148.0,214800,0.0,0,2148.0,214800,0.0,0,,0.0,,0.0
235,1,235,61,89,,,,11.0,Monsoon Sale_Fixed_840,FIXED_AMOUNT,2026-09-03 05:02:31.532025,188.9,19.0,89.0,98.0,8.0,1.0,8.0,1.0,,806.0,80600,756.0,75600,806.0,80600,500.0,50000,306.0,30600,0.0,0,,0.0,500.0,50000.0
236,1,236,62,90,,,,,,,2026-09-03 05:03:03.750070,189.0,19.0,89.0,98.0,8.0,1.0,8.0,1.0,,1.2,120,1.0,100,1.2,120,0.0,0,1.2,120,0.0,0,,0.0,,0.0
237,1,237,59,87,,,,,,,2026-09-03 05:05:45.938820,188.9,19.0,89.0,98.0,8.0,1.0,8.0,1.0,,9555.0,955500,9505.0,950500,9555.0,955500,0.0,0,9555.0,955500,0.0,0,,0.0,,0.0
238,1,238,3,3,,,,,,,2026-09-03 05:08:53.590926,50.0,30.0,30.0,30.0,10.0,1.0,10.0,1.0,,1565.0,156500,1490.0,149000,1565.0,156500,0.0,0,1565.0,156500,0.0,0,,0.0,,0.0
239,1,239,27,49,,,,,,,2026-09-03 05:50:47.485497,25.0,20.0,20.0,20.0,,0.0,,0.0,,1074.0,107400,999.0,99900,1074.0,107400,0.0,0,1074.0,107400,0.0,0,,0.0,,0.0
240,1,240,62,90,,,,,,,2026-09-03 05:54:06.191787,189.0,19.0,89.0,98.0,8.0,1.0,8.0,1.0,,1.2,120,1.0,100,1.2,120,0.0,0,1.2,120,0.0,0,,0.0,,0.0
241,1,241,62,90,,,,,,,2026-09-03 06:04:45.973047,189.0,19.0,89.0,98.0,8.0,1.0,8.0,1.0,,1.2,120,1.0,100,1.2,120,0.0,0,1.2,120,0.0,0,,0.0,,0.0
242,1,242,51,76,,,,,,,2026-09-03 06:19:10.157244,60.0,50.0,50.0,50.0,,0.0,,0.0,,2075.0,207500,1725.0,172500,2075.0,207500,0.0,0,2075.0,207500,0.0,0,,0.0,,0.0
243,1,243,27,49,,,,,,,2026-09-03 06:20:25.392578,25.0,20.0,20.0,20.0,,0.0,,0.0,,1074.0,107400,999.0,99900,1074.0,107400,0.0,0,1074.0,107400,0.0,0,,0.0,,0.0
244,1,244,16,36,,,,,,,2026-09-03 06:36:46.590871,50.0,50.0,50.0,50.0,10.0,1.0,10.0,1.0,,1725.0,172500,1675.0,167500,1725.0,172500,0.0,0,1725.0,172500,0.0,0,,0.0,,0.0
245,1,245,62,90,,,,,,,2026-09-03 07:46:49.373948,189.0,19.0,89.0,98.0,8.0,1.0,8.0,1.0,,6.1,610,1.0,100,6.1,610,0.0,0,6.1,610,0.0,0,,0.0,,0.0
246,1,246,62,90,,,,,,,2026-09-03 07:55:53.239469,189.0,19.0,89.0,98.0,8.0,1.0,8.0,1.0,,6.1,610,1.0,100,6.1,610,0.0,0,6.1,610,0.0,0,,0.0,,0.0
247,1,247,27,49,,,,,,,2026-09-03 08:39:11.653818,25.0,20.0,20.0,20.0,,0.0,,0.0,,1074.0,107400,999.0,99900,1074.0,107400,0.0,0,1074.0,107400,0.0,0,,0.0,,0.0
248,1,248,61,89,,,,11.0,Monsoon Sale_Fixed_840,FIXED_AMOUNT,2026-09-03 08:54:56.108737,188.9,19.0,89.0,98.0,8.0,1.0,8.0,1.0,,806.0,80600,756.0,75600,806.0,80600,500.0,50000,306.0,30600,0.0,0,,0.0,500.0,50000.0
249,1,249,62,90,,,,,,,2026-09-03 08:54:56.160403,189.0,19.0,89.0,98.0,8.0,1.0,8.0,1.0,,6.1,610,1.0,100,6.1,610,0.0,0,6.1,610,0.0,0,,0.0,,0.0
250,1,250,27,49,,,,,,,2026-09-03 08:59:50.801285,25.0,20.0,20.0,20.0,,0.0,,0.0,,1074.0,107400,999.0,99900,1074.0,107400,0.0,0,1074.0,107400,0.0,0,,0.0,,0.0
251,1,251,16,36,,,,,,,2026-09-03 09:15:45.631737,50.0,50.0,50.0,50.0,10.0,1.0,10.0,1.0,,1725.0,172500,1675.0,167500,1725.0,172500,0.0,0,1725.0,172500,0.0,0,,0.0,,0.0
252,1,252,51,76,,,,,,,2026-09-03 09:54:29.450129,60.0,50.0,50.0,50.0,,0.0,,0.0,,2075.0,207500,1725.0,172500,2075.0,207500,0.0,0,2075.0,207500,0.0,0,,0.0,,0.0
253,1,253,3,3,,,,,,,2026-09-03 10:29:55.241613,50.0,30.0,30.0,30.0,10.0,1.0,10.0,1.0,,1565.0,156500,1490.0,149000,1565.0,156500,0.0,0,1565.0,156500,0.0,0,,0.0,,0.0
254,1,254,62,90,,,,,,,2026-09-03 10:53:40.289211,189.0,19.0,89.0,98.0,8.0,1.0,8.0,1.0,,6.1,610,1.0,100,6.1,610,0.0,0,6.1,610,0.0,0,,0.0,,0.0
255,1,255,59,87,,,,,,,2026-09-03 11:03:44.681466,188.9,19.0,89.0,98.0,8.0,1.0,8.0,1.0,,9555.0,955500,9505.0,950500,9555.0,955500,0.0,0,9555.0,955500,0.0,0,,0.0,,0.0
256,1,256,59,87,,,,,,,2026-09-03 11:05:06.032877,188.9,19.0,89.0,98.0,8.0,1.0,8.0,1.0,,9555.0,955500,9505.0,950500,9555.0,955500,0.0,0,9555.0,955500,0.0,0,,0.0,,0.0
257,1,257,60,88,,,,,,,2026-09-03 11:13:37.931354,188.9,19.0,89.0,98.0,8.0,1.0,8.0,1.0,,2885.0,288500,2835.0,283500,2885.0,288500,0.0,0,2885.0,288500,0.0,0,,0.0,,0.0
258,1,258,60,88,,,,,,,2026-09-03 11:13:45.738882,188.9,19.0,89.0,98.0,8.0,1.0,8.0,1.0,,2885.0,288500,2835.0,283500,2885.0,288500,0.0,0,2885.0,288500,0.0,0,,0.0,,0.0
259,1,259,62,90,,,,,,,2026-09-03 11:43:30.775092,189.0,19.0,89.0,98.0,8.0,1.0,8.0,1.0,,6.1,610,1.0,100,6.1,610,0.0,0,6.1,610,0.0,0,,0.0,,0.0
260,1,260,61,89,,,,11.0,Monsoon Sale_Fixed_840,FIXED_AMOUNT,2026-09-03 11:44:44.905356,188.9,19.0,89.0,98.0,8.0,1.0,8.0,1.0,,806.0,80600,756.0,75600,806.0,80600,500.0,50000,306.0,30600,0.0,0,,0.0,500.0,50000.0
261,1,261,61,89,,,,11.0,Monsoon Sale_Fixed_840,FIXED_AMOUNT,2026-09-03 11:56:51.362274,188.9,19.0,89.0,98.0,8.0,1.0,8.0,1.0,,806.0,80600,756.0,75600,806.0,80600,500.0,50000,306.0,30600,0.0,0,,0.0,500.0,50000.0
262,1,262,61,89,,,,11.0,Monsoon Sale_Fixed_840,FIXED_AMOUNT,2026-09-03 13:58:01.325251,188.9,19.0,89.0,98.0,8.0,1.0,8.0,1.0,,806.0,80600,756.0,75600,806.0,80600,500.0,50000,306.0,30600,0.0,0,,0.0,500.0,50000.0
263,1,263,62,90,,,,,,,2026-09-03 13:58:42.895648,189.0,19.0,89.0,98.0,8.0,1.0,8.0,1.0,,6.1,610,1.0,100,6.1,610,0.0,0,6.1,610,0.0,0,,0.0,,0.0
264,1,264,82,105,,,,,,,2026-09-04 04:13:40.026607,9.5,30.0,25.0,110.0,,0.0,,0.0,,29000.0,2900000,28500.0,2850000,29000.0,2900000,0.0,0,29000.0,2900000,0.0,0,,0.0,,0.0
265,1,265,82,104,,,,,,,2026-09-04 04:45:55.300800,5.2,20.0,15.0,30.0,,0.0,,0.0,,20000.0,2000000,18500.0,1850000,20000.0,2000000,0.0,0,20000.0,2000000,0.0,0,,0.0,,0.0
266,1,266,82,104,,,,,,,2026-09-04 05:05:50.878746,5.2,20.0,15.0,30.0,,0.0,,0.0,,20000.0,2000000,18500.0,1850000,20000.0,2000000,0.0,0,20000.0,2000000,0.0,0,,0.0,,0.0
267,1,267,51,76,,,,,,,2026-09-04 05:17:49.695373,60.0,50.0,50.0,50.0,,0.0,,0.0,,2075.0,207500,1725.0,172500,2075.0,207500,0.0,0,2075.0,207500,0.0,0,,0.0,,0.0
268,1,268,3,3,,,,,,,2026-09-04 08:33:13.498538,50.0,30.0,30.0,30.0,10.0,1.0,10.0,1.0,,1565.0,156500,1490.0,149000,1565.0,156500,0.0,0,1565.0,156500,0.0,0,,0.0,,0.0
269,1,269,27,49,,,,,,,2026-09-04 09:36:22.663031,25.0,20.0,20.0,20.0,,0.0,,0.0,,1074.0,107400,999.0,99900,1074.0,107400,0.0,0,1074.0,107400,0.0,0,,0.0,,0.0
270,1,270,3,3,,,,,,,2026-09-04 10:44:38.330545,50.0,30.0,30.0,30.0,10.0,1.0,10.0,1.0,,1565.0,156500,1490.0,149000,1565.0,156500,0.0,0,1565.0,156500,0.0,0,,0.0,,0.0
271,1,271,82,105,,,,,,,2026-09-04 10:48:08.404350,9.5,30.0,25.0,110.0,,0.0,,0.0,,29000.0,2900000,28500.0,2850000,29000.0,2900000,0.0,0,29000.0,2900000,0.0,0,,0.0,,0.0
272,1,272,82,104,,,,,,,2026-09-04 12:16:05.518968,5.0,20.0,15.0,30.0,7.0,1.0,7.0,1.0,,20000.0,2000000,18500.0,1850000,20000.0,2000000,0.0,0,20000.0,2000000,0.0,0,,0.0,,0.0
273,1,273,83,106,,,,,,,2026-09-05 06:16:16.717722,3.5,300.0,300.0,140.0,10.0,1.0,10.0,1.0,,4274.0,427400,4149.0,414900,4274.0,427400,0.0,0,4274.0,427400,0.0,0,,0.0,,0.0
274,1,274,83,106,,,,,,,2026-09-05 08:23:52.405776,3.5,300.0,300.0,140.0,10.0,1.0,10.0,1.0,,4274.0,427400,4149.0,414900,4274.0,427400,0.0,0,4274.0,427400,0.0,0,,0.0,,0.0
275,1,275,83,106,,,,,,,2026-09-05 08:24:02.940152,3.5,300.0,300.0,140.0,10.0,1.0,10.0,1.0,,4274.0,427400,4149.0,414900,4274.0,427400,0.0,0,4274.0,427400,0.0,0,,0.0,,0.0
276,1,276,83,106,,,,,,,2026-09-05 08:24:07.438777,3.5,300.0,300.0,140.0,10.0,1.0,10.0,1.0,,4274.0,427400,4149.0,414900,4274.0,427400,0.0,0,4274.0,427400,0.0,0,,0.0,,0.0
277,1,277,83,106,,,,,,,2026-09-05 08:58:33.132386,3.5,300.0,300.0,140.0,10.0,1.0,10.0,1.0,,,427400,,414900,,427400,,0,,427400,,0,,,,
278,1,278,17,37,,,,,,,2026-09-05 09:44:59.344132,30.0,15.0,15.0,20.0,,0.0,,0.0,,,74800,,69800,,74800,,0,,74800,,0,,,,
279,1,279,83,106,,,,,,,2026-09-05 09:44:59.370317,3.5,300.0,300.0,140.0,10.0,1.0,10.0,1.0,,,427400,,414900,,427400,,0,,427400,,0,,,,
280,1,280,17,37,,,,,,,2026-09-05 09:56:16.085320,30.0,15.0,15.0,20.0,,0.0,,0.0,,,74800,,69800,,74800,,0,,74800,,0,,,,
281,1,281,83,106,,,,,,,2026-09-05 09:56:16.132946,3.5,300.0,300.0,140.0,10.0,1.0,10.0,1.0,,,427400,,414900,,427400,,0,,427400,,0,,,,
282,1,282,83,106,,,,,,,2026-09-05 10:03:23.770246,,,,,,,,,,,427400,,0,,427400,,0,,427400,,0,,0.0,,0.0
283,1,283,83,106,,,,,,,2026-09-05 10:39:57.932808,3.5,300.0,300.0,140.0,10.0,1.0,10.0,1.0,,,427400,,414900,,427400,,0,,427400,,0,,,,
284,1,284,83,106,,,,,,,2026-09-05 10:53:34.730615,,,,,,,,,,,427400,,0,,427400,,0,,427400,,0,,,,
285,1,285,83,106,,,,,,,2026-09-05 11:42:48.452021,3.5,300.0,300.0,140.0,10.0,1.0,10.0,1.0,,,427400,,414900,,427400,,0,,427400,,0,,,,
286,1,286,83,106,,,,,,,2026-09-07 06:18:09.801277,3.5,300.0,300.0,140.0,10.0,1.0,10.0,1.0,,,427400,,414900,,427400,,0,,427400,,0,,,,
287,1,287,83,106,,,,,,,2026-09-07 10:21:11.371485,3.5,300.0,300.0,140.0,10.0,1.0,10.0,1.0,,,427400,,414900,,427400,,0,,427400,,0,,,,
288,1,288,83,106,,,,,,,2026-09-07 10:21:23.493175,3.5,300.0,300.0,140.0,10.0,1.0,10.0,1.0,,,427400,,414900,,427400,,0,,427400,,0,,,,
289,1,289,83,106,,,,,,,2026-09-07 12:13:58.425872,3.5,300.0,300.0,140.0,10.0,1.0,10.0,1.0,,,427400,,414900,,427400,,0,,427400,,0,,,,
290,1,290,16,36,,,,,,,2026-09-07 12:20:52.219450,50.0,50.0,50.0,50.0,10.0,1.0,10.0,1.0,,,172500,,167500,,172500,,0,,172500,,0,,,,
291,1,291,17,37,,,,,,,2026-09-07 13:36:21.983913,30.0,15.0,15.0,20.0,,0.0,,0.0,,,74800,,69800,,74800,,0,,74800,,0,,,,
292,1,292,17,37,,,,,,,2026-09-07 13:36:38.700007,30.0,15.0,15.0,20.0,,0.0,,0.0,,,74800,,69800,,74800,,0,,74800,,0,,,,
293,1,293,83,106,,,,,,,2026-09-08 09:04:34.542488,3.5,300.0,300.0,140.0,10.0,1.0,10.0,1.0,,,427400,,414900,,427400,,0,,427400,,0,,,,
294,1,294,27,49,,,,,,,2026-09-08 09:27:09.092140,25.0,20.0,20.0,20.0,,0.0,,0.0,,,107400,,99900,,107400,,0,,107400,,0,,,,
295,1,295,27,49,,,,,,,2026-09-08 09:28:17.956531,25.0,20.0,20.0,20.0,,0.0,,0.0,,,107400,,99900,,107400,,0,,107400,,0,,,,
296,1,296,83,106,,,,,,,2026-09-08 09:29:00.872038,3.5,300.0,300.0,140.0,10.0,1.0,10.0,1.0,,,427400,,414900,,427400,,0,,427400,,0,,,,
297,1,297,3,3,,,,,,,2026-09-08 09:30:47.963440,50.0,30.0,30.0,30.0,10.0,1.0,10.0,1.0,,,156500,,149000,,156500,,0,,156500,,0,,,,
298,1,298,3,3,,,,,,,2026-09-08 09:31:08.101394,50.0,30.0,30.0,30.0,10.0,1.0,10.0,1.0,,,156500,,149000,,156500,,0,,156500,,0,,,,
299,1,299,16,36,,,,,,,2026-09-08 09:32:43.950560,50.0,50.0,50.0,50.0,10.0,1.0,10.0,1.0,,,172500,,167500,,172500,,0,,172500,,0,,,,
300,1,300,82,104,,,,,,,2026-09-08 10:46:31.604892,5.0,20.0,15.0,30.0,7.0,1.0,7.0,1.0,BEFORE_INBOUND_SHIPMENT,,2000000,,1850000,,2000000,,0,,2000000,,0,,,,
301,1,301,82,104,,,,,,,2026-09-08 10:46:45.452384,5.0,20.0,15.0,30.0,7.0,1.0,7.0,1.0,BEFORE_INBOUND_SHIPMENT,,2000000,,1850000,,2000000,,0,,2000000,,0,,,,
302,1,302,83,106,,,,,,,2026-09-08 11:12:48.133154,3.5,300.0,300.0,140.0,10.0,1.0,10.0,1.0,ALWAYS_ALLOWED,,427400,,414900,,427400,,0,,427400,,0,,,,
303,1,303,61,89,,,,,,,2026-09-08 12:17:37.949437,188.9,19.0,89.0,98.0,8.0,1.0,8.0,1.0,ALWAYS_ALLOWED,,80600,,75600,,80600,,0,,80600,,0,,,,
304,1,304,26,48,,,,,,,2026-09-08 12:29:05.260049,188.9,19.0,89.0,98.0,8.0,1.0,8.0,1.0,ALWAYS_ALLOWED,,1056600,,1051600,,1056600,,0,,1056600,,0,,,,
305,1,305,60,88,,,,,,,2026-09-08 12:50:07.733371,188.9,19.0,89.0,98.0,8.0,1.0,8.0,1.0,ALWAYS_ALLOWED,,288500,,283500,,288500,,0,,288500,,0,,,,
306,1,306,83,106,,,,,,,2026-09-08 17:28:02.650338,3.5,300.0,300.0,140.0,10.0,1.0,10.0,1.0,ALWAYS_ALLOWED,,427400,,414900,,427400,,0,,427400,,0,,,,
307,1,307,83,106,,,,,,,2026-09-08 17:50:05.133903,3.5,300.0,300.0,140.0,10.0,1.0,10.0,1.0,ALWAYS_ALLOWED,,427400,,414900,,427400,,0,,427400,,0,,,,
308,1,308,83,106,,,,,,,2026-09-08 17:50:14.333163,3.5,300.0,300.0,140.0,10.0,1.0,10.0,1.0,ALWAYS_ALLOWED,,427400,,414900,,427400,,0,,427400,,0,,,,
309,1,309,83,106,,,,,,,2026-09-09 05:14:19.445034,3.5,300.0,300.0,140.0,10.0,1.0,10.0,1.0,ALWAYS_ALLOWED,,427400,,414900,,427400,,0,,427400,,0,,,,
310,1,310,83,106,,,,,,,2026-09-09 06:20:18.944012,3.5,300.0,300.0,140.0,10.0,1.0,10.0,1.0,ALWAYS_ALLOWED,,427400,,414900,,427400,,0,,427400,,0,,,,
311,1,311,83,106,,,,,,,2026-09-09 06:33:26.693541,,,,,,,,,,,427400,,0,,427400,,0,,427400,,0,,,,
312,1,312,82,104,,,,,,,2026-09-09 06:56:54.739625,5.0,20.0,15.0,30.0,7.0,1.0,7.0,1.0,BEFORE_INBOUND_SHIPMENT,,2000000,,1850000,,2000000,,0,,2000000,,0,,,,
313,1,313,82,104,,,,,,,2026-09-09 06:57:28.371255,5.0,20.0,15.0,30.0,7.0,1.0,7.0,1.0,BEFORE_INBOUND_SHIPMENT,,2000000,,1850000,,2000000,,0,,2000000,,0,,,,
314,1,314,83,106,,,,,,,2026-09-09 07:29:28.129617,3.5,300.0,300.0,140.0,10.0,1.0,10.0,1.0,ALWAYS_ALLOWED,,427400,,414900,,427400,,0,,427400,,0,,,,
315,1,315,16,36,,,,,,,2026-09-09 07:49:30.446114,50.0,50.0,50.0,50.0,10.0,1.0,10.0,1.0,ALWAYS_ALLOWED,,172500,,167500,,172500,,0,,172500,,0,,,,
316,1,316,16,36,,,,,,,2026-09-09 08:59:37.801783,50.0,50.0,50.0,50.0,10.0,1.0,10.0,1.0,ALWAYS_ALLOWED,,172500,,167500,,172500,,0,,172500,,0,,,,
317,1,317,16,36,,,,,,,2026-09-09 09:09:26.393482,,,,,,,,,,,172500,,0,,172500,,0,,172500,,0,,,,
318,1,318,86,111,,,,,,,2026-09-09 09:59:19.538583,6.0,105.0,8.0,8.0,,0.0,,0.0,NOT_ALLOWED,,2808000,,2800000,,2808000,,0,,2808000,,0,,,,
319,1,319,83,106,,,,,,,2026-09-09 10:19:20.581026,3.5,300.0,300.0,140.0,10.0,1.0,10.0,1.0,ALWAYS_ALLOWED,,427400,,414900,,427400,,0,,427400,,0,,,,
320,1,320,83,106,,,,,,,2026-09-09 10:55:20.482951,3.5,300.0,300.0,140.0,10.0,1.0,10.0,1.0,ALWAYS_ALLOWED,,427400,,414900,,427400,,0,,427400,,0,,,,
321,1,321,83,106,,,,,,,2026-09-09 11:03:39.496663,,,,,,,,,,,427400,,0,,427400,,0,,427400,,0,,,,
322,1,322,60,88,,,,,,,2026-09-09 11:19:17.872537,188.9,19.0,89.0,98.0,8.0,1.0,8.0,1.0,ALWAYS_ALLOWED,,288500,,283500,,288500,,0,,288500,,0,,,,
323,1,323,83,106,,,,,,,2026-09-09 11:39:02.522211,3.5,300.0,300.0,140.0,10.0,1.0,10.0,1.0,ALWAYS_ALLOWED,,427400,,414900,,427400,,0,,427400,,0,,,,
324,1,324,83,106,,,,,,,2026-09-09 11:50:54.803415,3.5,300.0,300.0,140.0,10.0,1.0,10.0,1.0,ALWAYS_ALLOWED,,427400,,414900,,427400,,0,,427400,,0,,,,
325,1,325,83,106,,,,,,,2026-09-09 12:20:33.252031,3.5,300.0,300.0,140.0,10.0,1.0,10.0,1.0,ALWAYS_ALLOWED,,427400,,414900,,427400,,0,,427400,,0,,,,
326,1,326,86,111,,,,,,,2026-09-09 13:55:05.505548,6.0,105.0,8.0,8.0,,0.0,,0.0,NOT_ALLOWED,,2808000,,2800000,,2808000,,0,,2808000,,0,,,,
327,1,327,86,111,,,,,,,2026-09-09 13:55:22.710735,6.0,105.0,8.0,8.0,,0.0,,0.0,NOT_ALLOWED,,2808000,,2800000,,2808000,,0,,2808000,,0,,,,
328,1,328,86,111,,,,,,,2026-09-09 13:55:29.117089,6.0,105.0,8.0,8.0,,0.0,,0.0,NOT_ALLOWED,,2808000,,2800000,,2808000,,0,,2808000,,0,,,,
329,1,329,86,111,,,,,,,2026-09-09 13:55:48.460065,6.0,105.0,8.0,8.0,,0.0,,0.0,NOT_ALLOWED,,2808000,,2800000,,2808000,,0,,2808000,,0,,,,
330,1,330,83,106,,,,,,,2026-09-09 13:56:14.509715,3.5,300.0,300.0,140.0,10.0,1.0,10.0,1.0,ALWAYS_ALLOWED,,427400,,414900,,427400,,0,,427400,,0,,,,
331,1,331,83,106,,,,,,,2026-09-09 13:57:05.997498,3.5,300.0,300.0,140.0,10.0,1.0,10.0,1.0,ALWAYS_ALLOWED,,427400,,414900,,427400,,0,,427400,,0,,,,
332,1,332,83,106,,,,,,,2026-09-09 13:57:25.026842,3.5,300.0,300.0,140.0,10.0,1.0,10.0,1.0,ALWAYS_ALLOWED,,427400,,414900,,427400,,0,,427400,,0,,,,
333,1,333,83,106,,,,,,,2026-09-10 05:47:53.748814,3.5,300.0,300.0,140.0,10.0,1.0,10.0,1.0,ALWAYS_ALLOWED,,427400,,414900,,427400,,0,,427400,,0,,,,
334,1,334,83,106,,,,,,,2026-09-10 05:58:40.092474,,,,,,,,,,,427400,,0,,427400,,0,,427400,,0,,,,
335,1,335,83,106,,,,,,,2026-09-10 06:11:19.266147,3.5,300.0,300.0,140.0,10.0,1.0,10.0,1.0,ALWAYS_ALLOWED,,439900,,414900,,439900,,0,,439900,,0,,,,
336,1,336,83,106,,,,,,,2026-09-10 06:23:16.303096,,,,,,,,,,,439900,,0,,439900,,0,,439900,,0,,,,
337,1,337,62,90,,,,,,,2026-09-10 08:59:52.457995,189.0,19.0,89.0,98.0,8.0,1.0,8.0,1.0,ALWAYS_ALLOWED,,610,,100,,610,,0,,610,,0,,,,
338,1,338,62,90,,,,,,,2026-09-10 08:59:58.899264,189.0,19.0,89.0,98.0,8.0,1.0,8.0,1.0,ALWAYS_ALLOWED,,610,,100,,610,,0,,610,,0,,,,
339,1,339,83,106,,,,,,,2026-09-10 09:19:58.636736,3.5,300.0,300.0,140.0,10.0,1.0,10.0,1.0,ALWAYS_ALLOWED,,439900,,414900,,439900,,0,,439900,,0,,,,
340,1,340,83,106,,,,,,,2026-09-10 09:25:03.350726,,,,,,,,,,,439900,,0,,439900,,0,,439900,,0,,,,
341,1,341,83,106,,,,,,,2026-09-10 09:25:44.876702,3.5,300.0,300.0,140.0,10.0,1.0,10.0,1.0,ALWAYS_ALLOWED,,439900,,414900,,439900,,0,,439900,,0,,,,
342,1,342,83,106,,,,,,,2026-09-10 10:03:52.401002,3.5,300.0,300.0,140.0,10.0,1.0,10.0,1.0,ALWAYS_ALLOWED,,439900,,414900,,439900,,0,,439900,,0,,,,
343,1,343,86,111,,,,,,,2026-09-10 11:01:06.900655,6.0,105.0,8.0,8.0,,0.0,,0.0,NOT_ALLOWED,,2808000,,2800000,,2808000,,0,,2808000,,0,,,,
344,1,344,83,106,,,,,,,2026-09-10 11:43:34.507830,3.5,300.0,300.0,140.0,10.0,1.0,10.0,1.0,ALWAYS_ALLOWED,,439900,,414900,,439900,,0,,439900,,0,,,,
345,1,345,83,106,,,,,,,2026-09-10 12:11:44.208355,3.5,300.0,300.0,140.0,10.0,1.0,10.0,1.0,ALWAYS_ALLOWED,,439900,,414900,,439900,,0,,439900,,0,,,,
346,1,346,83,106,,,,,,,2026-09-11 05:15:41.850897,3.5,300.0,300.0,140.0,10.0,1.0,10.0,1.0,ALWAYS_ALLOWED,,439900,,414900,,439900,,0,,439900,,0,,,,
347,1,347,83,106,,,,,,,2026-09-11 05:35:11.466223,3.5,300.0,300.0,140.0,10.0,1.0,10.0,1.0,ALWAYS_ALLOWED,,439900,,414900,,439900,,0,,439900,,0,,,,
348,1,348,83,106,,,,,,,2026-09-11 08:49:49.845770,3.5,300.0,300.0,140.0,10.0,1.0,10.0,1.0,ALWAYS_ALLOWED,,439900,,414900,,439900,,0,,439900,,0,,,,
349,1,349,83,106,,,,,,,2026-09-11 09:37:25.116696,3.5,300.0,300.0,140.0,10.0,1.0,10.0,1.0,ALWAYS_ALLOWED,,439900,,414900,,439900,,0,,439900,,0,,,,
350,1,350,83,106,,,,,,,2026-09-11 09:51:21.699368,,,,,,,,,,,439900,,0,,439900,,0,,439900,,0,,,,
351,1,351,83,106,,,,,,,2026-09-11 10:03:48.511806,3.5,300.0,300.0,140.0,10.0,1.0,10.0,1.0,ALWAYS_ALLOWED,,439900,,414900,,439900,,0,,439900,,0,,,,
352,1,352,83,106,,,,,,,2026-09-11 10:05:06.400448,3.5,300.0,300.0,140.0,10.0,1.0,10.0,1.0,ALWAYS_ALLOWED,,439900,,414900,,439900,,0,,439900,,0,,,,
353,1,353,83,106,,,,,,,2026-09-11 10:07:13.391346,3.5,300.0,300.0,140.0,10.0,1.0,10.0,1.0,ALWAYS_ALLOWED,,439900,,414900,,439900,,0,,439900,,0,,,,
354,1,354,83,106,,,,,,,2026-09-11 10:07:22.995903,3.5,300.0,300.0,140.0,10.0,1.0,10.0,1.0,ALWAYS_ALLOWED,,439900,,414900,,439900,,0,,439900,,0,,,,
355,1,355,83,106,,,,,,,2026-09-11 10:07:33.038076,3.5,300.0,300.0,140.0,10.0,1.0,10.0,1.0,ALWAYS_ALLOWED,,439900,,414900,,439900,,0,,439900,,0,,,,
356,1,356,83,106,,,,,,,2026-09-11 10:07:52.380083,3.5,300.0,300.0,140.0,10.0,1.0,10.0,1.0,ALWAYS_ALLOWED,,439900,,414900,,439900,,0,,439900,,0,,,,
357,1,357,83,106,,,,,,,2026-09-11 10:15:17.621080,3.5,300.0,300.0,140.0,10.0,1.0,10.0,1.0,ALWAYS_ALLOWED,,439900,,414900,,439900,,0,,439900,,0,,,,
358,1,358,83,106,,,,,,,2026-09-11 10:19:11.221144,3.5,300.0,300.0,140.0,10.0,1.0,10.0,1.0,ALWAYS_ALLOWED,,439900,,414900,,439900,,0,,439900,,0,,,,
359,1,359,83,106,,,,,,,2026-09-11 10:19:47.232392,3.5,300.0,300.0,140.0,10.0,1.0,10.0,1.0,ALWAYS_ALLOWED,,439900,,414900,,439900,,0,,439900,,0,,,,
360,1,360,83,106,,,,,,,2026-09-11 10:36:12.460532,3.5,300.0,300.0,140.0,10.0,1.0,10.0,1.0,ALWAYS_ALLOWED,,439900,,414900,,439900,,0,,439900,,0,,,,
361,1,361,83,106,,,,,,,2026-09-11 11:15:27.630482,3.5,300.0,300.0,140.0,10.0,1.0,10.0,1.0,ALWAYS_ALLOWED,,439900,,414900,,439900,,0,,439900,,0,,,,
362,1,362,83,106,,,,,,,2026-09-11 11:39:31.803805,,,,,,,,,,,439900,,0,,439900,,0,,439900,,0,,,,
363,1,363,83,106,,,,,,,2026-09-11 11:45:12.203535,3.5,300.0,300.0,140.0,10.0,1.0,10.0,1.0,ALWAYS_ALLOWED,,439900,,414900,,439900,,0,,439900,,0,,,,
364,1,364,83,106,,,,,,,2026-09-11 11:45:39.498756,3.5,300.0,300.0,140.0,10.0,1.0,10.0,1.0,ALWAYS_ALLOWED,,439900,,414900,,439900,,0,,439900,,0,,,,
365,1,365,46,71,,,,,,,2026-09-11 11:46:02.447312,150.0,100.0,100.0,100.0,14.0,1.0,14.0,1.0,ALWAYS_ALLOWED,,5112500,,5100000,,5112500,,0,,5112500,,0,,,,
366,1,366,46,71,,,,,,,2026-09-11 11:46:15.693231,150.0,100.0,100.0,100.0,14.0,1.0,14.0,1.0,ALWAYS_ALLOWED,,5112500,,5100000,,5112500,,0,,5112500,,0,,,,
367,1,367,83,106,,,,,,,2026-09-11 11:48:12.042248,3.5,300.0,300.0,140.0,10.0,1.0,10.0,1.0,ALWAYS_ALLOWED,,439900,,414900,,439900,,0,,439900,,0,,,,
368,1,368,83,106,,,,,,,2026-09-11 11:48:22.540968,3.5,300.0,300.0,140.0,10.0,1.0,10.0,1.0,ALWAYS_ALLOWED,,439900,,414900,,439900,,0,,439900,,0,,,,
369,1,369,46,71,,,,,,,2026-09-11 11:49:13.971160,150.0,100.0,100.0,100.0,14.0,1.0,14.0,1.0,ALWAYS_ALLOWED,,5112500,,5100000,,5112500,,0,,5112500,,0,,,,
370,1,370,27,49,,,,,,,2026-09-11 11:49:45.758124,25.0,20.0,20.0,20.0,,0.0,,0.0,BEFORE_INBOUND_SHIPMENT,,107400,,99900,,107400,,0,,107400,,0,,,,
371,1,371,27,49,,,,,,,2026-09-11 11:49:59.941019,25.0,20.0,20.0,20.0,,0.0,,0.0,BEFORE_INBOUND_SHIPMENT,,107400,,99900,,107400,,0,,107400,,0,,,,
372,1,372,83,106,,,,,,,2026-09-11 11:59:20.384476,3.5,300.0,300.0,140.0,10.0,1.0,10.0,1.0,ALWAYS_ALLOWED,,439900,,414900,,439900,,0,,439900,,0,,,,
373,1,373,46,71,,,,,,,2026-09-11 14:04:51.710419,150.0,100.0,100.0,100.0,14.0,1.0,14.0,1.0,ALWAYS_ALLOWED,,5112500,,5100000,,5112500,,0,,5112500,,0,,,,
374,1,374,77,112,,,,,,,2026-09-15 05:23:03.004321,0.55,10.0,10.0,10.0,,0.0,,0.0,NOT_ALLOWED,,30000,,20000,,30000,,0,,30000,,0,,,,
375,1,375,83,106,,,,,,,2026-09-15 10:19:15.444252,3.5,300.0,300.0,140.0,10.0,1.0,10.0,1.0,ALWAYS_ALLOWED,,439900,,414900,,439900,,0,,439900,,0,,,,
376,1,376,83,106,,,,,,,2026-09-15 10:53:57.829858,3.5,300.0,300.0,140.0,10.0,1.0,10.0,1.0,ALWAYS_ALLOWED,,439900,,414900,,439900,,0,,439900,,0,,,,
377,1,377,83,106,,,,,,,2026-09-15 10:54:57.347162,3.5,300.0,300.0,140.0,10.0,1.0,10.0,1.0,ALWAYS_ALLOWED,,439900,,414900,,439900,,0,,439900,,0,,,,
378,1,378,83,106,,,,,,,2026-09-15 11:24:55.268542,3.5,300.0,300.0,140.0,10.0,1.0,10.0,1.0,ALWAYS_ALLOWED,,439900,,414900,,439900,,0,,439900,,0,,,,
379,1,379,83,106,,,,,,,2026-09-15 11:25:22.980224,3.5,300.0,300.0,140.0,10.0,1.0,10.0,1.0,ALWAYS_ALLOWED,,439900,,414900,,439900,,0,,439900,,0,,,,
380,1,380,83,106,,,,,,,2026-09-15 11:30:46.813151,3.5,300.0,300.0,140.0,10.0,1.0,10.0,1.0,ALWAYS_ALLOWED,,439900,,414900,,439900,,0,,439900,,0,,,,
