id,sku,stock,product_id,deleted,createdAt,updatedAt,deletedAt,commission_percent,product_description,generic_keywords,images,handling_time,item_length,item_width,item_height,item_package_length,item_package_width,item_package_height,item_weight,package_weight,item_weight_unit_id,package_weight_unit_id,packaging_id,functional_condition_id,fulfillment_channel_id,regulatory_certifications,compliance_media,maximum_order_quantity,offering_release_date,product_tax_code_id,offering_can_be_gift_messaged,is_gift_wrap_available,restock_date,number_of_boxes,item_length_unit_id,item_width_unit_id,item_height_unit_id,package_length_unit_id,package_width_unit_id,package_height_unit_id,price_legacy,price,maximum_retail_price_legacy,maximum_retail_price,minimum_seller_allowed_price_legacy,minimum_seller_allowed_price,maximum_seller_allowed_price_legacy,maximum_seller_allowed_price,platform_commission_amount_legacy,platform_commission_amount,packaging_cost_legacy,packaging_cost
1,SKU-!23,100,1.0,0,2026-08-04 06:36:28.549946,2026-09-05 08:51:32.468019,,0.0,"A pipe is a hollow, cylindrical section used primarily to transport fluids, gases, slurries, or finely divided solids, as well as for structural applications. In industrial engineering, a pipe is strictly defined by its Nominal Pipe Size (NPS) or Diameter Nominal (DN) and its wall thickness, which is determined by a Schedule (SCH) number.",,/uploads/products/1785825269579-449427231.jpg,,,,,1.0,1.0,1.0,,1.0,,2,,,,"[{""type"": ""FDA"", ""identification"": """"}]",[],100,,2,0.0,0.0,,1.0,,,,6.0,6.0,6.0,100.0,10000,100.0,10000,,0.0,,0.0,10.0,1000.0,10.0,1000.0
2,asd,12,2.0,0,2026-08-04 06:44:58.898209,2026-09-05 08:51:32.468019,,0.0,a,,/uploads/products/1785825845924-369203089.jpg,,,,,1.0,1.0,1.0,,1.0,,3,,,,"[{""type"": ""CDPR"", ""identification"": """"}]",[],12,,2,0.0,0.0,,1.0,,,,6.0,10.0,9.0,100.0,10000,100.0,10000,,0.0,,0.0,10.0,1000.0,10.0,1000.0
3,ALT-RT-25MM-0001,146,3.0,0,2026-08-04 06:59:35.497047,2026-09-11 10:00:08,,0.0,"Elevate your industrial projects and DIY endeavors with the TOP-VIGOR 6063 Aluminum Round Tube. Crafted from premium-grade 6063 aluminum, these tubes offer exceptional durability and corrosion resistance, ensuring reliable performance in various applications. The seamless straight tubing design ensures uniformity and smoothness, facilitating easy installation and providing a sleek finish to your projects. Whether you're a professional builder or a DIY enthusiast, these aluminum round tubes are the perfect choice for your next project.

Description:
Product Name: Aluminum Round Tube
Material: 6063 Aluminum
Color: Silver",,/uploads/products/1785826774561-161179947.webp,2.0,,,,30.0,30.0,30.0,,50.0,,2,,,1.0,"[{""type"": ""quality"", ""identification"": """"}]","[{""language"": ""en"", ""content_type"": ""manual"", ""source_location"": ""/uploads/products/1785826772291-77718764.png""}]",150,,4,0.0,0.0,,1.0,,,,7.0,7.0,7.0,1490.0,149000,1490.0,149000,,0.0,,0.0,25.0,2500.0,50.0,5000.0
4,CS-PIPE-A106B-2IN-001,8,4.0,0,2026-08-04 10:45:29.967501,2026-09-05 08:51:32.468019,,0.0,"Product Description: High-grade ASTM A106 Grade B seamless carbon steel pipe designed for high-temperature and high-pressure fluid transfer. Features smooth internal surface finish, excellent corrosion resistance under standard operating conditions, and precise dimensional tolerance for industrial piping networks.",,/uploads/products/1785840303489-770392293.jpg,,,,,10.0,8.0,12.0,,199.0,,2,,,,"[{""type"": ""REACH"", ""identification"": """"}]",[],29,,2,0.0,0.0,,7.0,,,,,,,1178.0,117800,1178.0,117800,,0.0,,0.0,30.0,3000.0,26.0,2600.0
5,V0-SMSUNIONCO-SS-304-25-MM-01,150,5.0,0,2026-08-07 04:55:46.771769,2026-09-05 08:51:32.468019,,0.0,"SMS Union Complete Set:----
SMS Union Male Part: SS304
SMS Union  Liner Moc: SS304
SMS Union Round Slotted Nut,
SMS Union Gasket: Silicone 
SMS Union is without Coller
Matt Polish",,/uploads/variants/1786078545984-960580622.jpg,2.0,5.0,2.0,2.0,8.0,5.0,5.0,192.0,200.0,3.0,3,,8.0,2.0,"[{""type"": ""FDA"", ""identification"": """"}]",[],150,,4,0.0,0.0,,1.0,7.0,7.0,7.0,7.0,7.0,7.0,450.0,45000,450.0,45000,430.0,43000.0,440.0,44000.0,16.0,1600.0,4.0,400.0
6,V0-SMSUNIONCO-SS-304-63-5-MM-04,20,5.0,0,2026-08-07 04:55:46.846238,2026-09-05 08:51:32.468019,,0.0,"SMS Union Complete Set:----
SMS Union Male Part: SS304
SMS Union  Liner Moc: SS304
SMS Union Round Slotted Nut,
SMS Union Gasket: Silicone 
SMS Union is without Coller
Matt Polish",,/uploads/variants/1786078546018-415082195.jpg,2.0,10.0,4.0,4.0,13.0,7.0,4.0,780.0,800.0,3.0,3,,8.0,2.0,"[{""type"": ""FDA"", ""identification"": """"}]",[],150,,4,0.0,0.0,,1.0,7.0,7.0,7.0,7.0,7.0,7.0,950.0,95000,950.0,95000,430.0,43000.0,440.0,44000.0,12.0,1200.0,5.0,500.0
7,V0-SMSUNIONCO-SS-316-25-MM-05,100,5.0,0,2026-08-07 04:55:46.906021,2026-09-05 08:51:32.468019,,0.0,"SMS Union Complete Set:----
SMS Union Male Part: SS304
SMS Union  Liner Moc: SS316
SMS Union Round Slotted Nut,
SMS Union Gasket: Silicone 
SMS Union is without Coller
Matt Polish",,/uploads/variants/1786078546052-308540680.jpg,2.0,5.0,2.0,2.0,8.0,5.0,5.0,192.0,200.0,3.0,3,,8.0,2.0,"[{""type"": ""FDA"", ""identification"": """"}]",[],150,,4,0.0,0.0,,1.0,7.0,7.0,7.0,7.0,7.0,7.0,550.0,55000,550.0,55000,430.0,43000.0,440.0,44000.0,10.0,1000.0,4.0,400.0
8,V0-SMSUNIONCO-SS-316-38-MM-06,100,5.0,0,2026-08-07 04:55:46.939394,2026-09-05 08:51:32.468019,,0.0,"SMS Union Complete Set:----
SMS Union Male Part: SS304
SMS Union  Liner Moc: SS316
SMS Union Round Slotted Nut,
SMS Union Gasket: Silicone 
Sms Union is without Coller
Matt Polish",,/uploads/variants/1786078546088-420002617.jpg,2.0,8.0,3.0,3.0,11.0,5.0,5.0,470.0,500.0,3.0,3,,8.0,2.0,"[{""type"": ""FDA"", ""identification"": """"}]",[],150,,4,0.0,0.0,,1.0,7.0,7.0,7.0,7.0,7.0,7.0,600.0,60000,600.0,60000,430.0,43000.0,440.0,44000.0,10.0,1000.0,4.0,400.0
9,V0-SMSUNIONCO-SS-316-51-MM-07,100,5.0,0,2026-08-07 04:55:46.983448,2026-09-05 08:51:32.468019,,0.0,"SMS Union Complete Set:----
SMS Union Male Part: SS304
SMS Union  Liner Moc: SS316
SMS Union Round Slotted Nut,
SMS Union Gasket: Silicone 
SMS Union is without Coller
Matt Polish",,/uploads/variants/1786078546349-872293112.jpg,2.0,9.0,3.0,3.0,13.0,5.0,5.0,534.0,600.0,3.0,3,,8.0,2.0,"[{""type"": ""FDA"", ""identification"": """"}]",[],150,,4,0.0,0.0,,1.0,7.0,7.0,7.0,7.0,7.0,7.0,700.0,70000,700.0,70000,430.0,43000.0,440.0,44000.0,10.0,1000.0,4.0,400.0
10,SKU-234,100,6.0,0,2026-08-07 05:05:00.594527,2026-09-05 08:51:32.468019,,0.0,"High-quality steel pipe designed for strength, durability, and long-lasting performance. Suitable for construction, fabrication, plumbing, industrial applications, structural work, and general engineering use. The pipe offers excellent resistance to pressure, impact, and wear, making it reliable for both commercial and industrial projects.",,/uploads/products/1786079100313-925250085.jpg,,,,,1.0,1.0,1.0,,100.0,,2,,1.0,2.0,"[{""type"": ""FDA"", ""identification"": """"}]",[],100,,2,0.0,0.0,,1.0,,,,8.0,8.0,8.0,1000.0,100000,1000.0,100000,,0.0,,0.0,0.0,0.0,0.0,0.0
11,V0-DISCFILTER-SS-304-25-MM-01,5,7.0,0,2026-08-07 05:13:18.320402,2026-09-05 08:51:32.468019,,0.0,"*Sanitary disc type in line filter consists of two disc. The filter assembled by mean of tri-clover clamp,
filter consists of perforated circle with 40 microns mess zali & seal gasket
Minimum flow resistance/pressure drop.
------TECHNICAL INFORMATIONS:-----
Maximum Pressure :- I0 Bar
Maximum Temp. :- + 90° C
Minimum Temp. :- -20° C.
------SPECIFICATIONS-----
Product wetted :- AISI 304 
Rubber Part :-  Silicon 
Finish :- Buffed & Electropolish.
CONNECTIONS : SMS",,/uploads/variants/1786079597816-125601081.jpg,2.0,31.0,31.0,24.0,34.0,34.0,27.0,4500.0,4600.0,3.0,3,,1.0,2.0,"[{""type"": ""FDA"", ""identification"": """"}]",[],5,,4,0.0,0.0,,10.0,7.0,7.0,7.0,7.0,7.0,7.0,5200.0,520000,5200.0,520000,4500.0,450000.0,4900.0,490000.0,100.0,10000.0,20.0,2000.0
12,V0-DISCFILTER-SS-304-38-MM-02,7,7.0,0,2026-08-07 05:13:18.402079,2026-09-05 08:51:32.468019,,0.0,"*Sanitary disc type in line filter consists of two disc. The filter assembled by mean of tri-clover clamp,
filter consists of perforated circle with 40 microns mess zali & seal gasket
Minimum flow resistance/pressure drop.
------TECHNICAL INFORMATIONS:-----
Maximum Pressure :- I0 Bar
Maximum Temp. :- + 90° C
Minimum Temp. :- -20° C.
------SPECIFICATIONS-----
Product wetted :- AISI 304 
Rubber Part :-  Silicon 
Finish :- Buffed & Electropolish.
CONNECTIONS : SMS",,/uploads/variants/1786079597962-689269404.jpg,2.0,31.0,31.0,24.0,34.0,34.0,27.0,4500.0,4600.0,3.0,3,,1.0,2.0,"[{""type"": ""FDA"", ""identification"": """"}]",[],5,,4,0.0,0.0,,10.0,7.0,7.0,7.0,7.0,7.0,7.0,5500.0,550000,5500.0,550000,4500.0,450000.0,4900.0,490000.0,230.0,23000.0,20.0,2000.0
13,V0-DISCFILTER-SS-304-51-MM-03,10,7.0,0,2026-08-07 05:13:18.471975,2026-09-05 08:51:32.468019,,0.0,"*Sanitary disc type in line filter consists of two disc. The filter assembled by mean of tri-clover clamp,
filter consists of perforated circle with 40 microns mess zali & seal gasket
Minimum flow resistance/pressure drop.
------TECHNICAL INFORMATIONS:-----
Maximum Pressure :- I0 Bar
Maximum Temp. :- + 90° C
Minimum Temp. :- -20° C.
------SPECIFICATIONS-----
Product wetted :- AISI 304 
Rubber Part :-  Silicon 
Finish :- Buffed & Electropolish.
CONNECTIONS : SMS",,/uploads/variants/1786079598057-616207725.jpg,2.0,31.0,31.0,24.0,34.0,34.0,27.0,4400.0,4500.0,3.0,3,,1.0,2.0,"[{""type"": ""FDA"", ""identification"": """"}]",[],5,,4,0.0,0.0,,10.0,7.0,7.0,7.0,7.0,7.0,7.0,6300.0,630000,6300.0,630000,4500.0,450000.0,4900.0,490000.0,300.0,30000.0,20.0,2000.0
14,V0-DISCFILTER-SS-316-25-MM-04,5,7.0,0,2026-08-07 05:13:18.519990,2026-09-05 08:51:32.468019,,0.0,"*Sanitary disc type in line filter consists of two disc. The filter assembled by mean of tri-clover clamp,
filter consists of perforated circle with 40 microns mess zali & seal gasket
Minimum flow resistance/pressure drop.
------TECHNICAL INFORMATIONS:-----
Maximum Pressure :- I0 Bar
Maximum Temp. :- + 90° C
Minimum Temp. :- -20° C.
------SPECIFICATIONS-----
Product wetted :- AISI 316
Rubber Part :-  Silicon 
Finish :- Buffed & Electropolish.
CONNECTIONS : SMS",,/uploads/variants/1786079598093-158409240.jpg,2.0,31.0,31.0,24.0,34.0,34.0,27.0,4500.0,4600.0,3.0,3,,1.0,2.0,"[{""type"": ""FDA"", ""identification"": """"}]",[],5,,4,0.0,0.0,,10.0,7.0,7.0,7.0,7.0,7.0,7.0,5700.0,570000,5700.0,570000,4500.0,450000.0,4900.0,490000.0,240.0,24000.0,20.0,2000.0
15,V0-DISCFILTER-SS-316-38-MM-05,6,7.0,0,2026-08-07 05:13:18.562570,2026-09-05 08:51:32.468019,,0.0,"*Sanitary disc type in line filter consists of two disc. The filter assembled by mean of tri-clover clamp,
filter consists of perforated circle with 40 microns mess zali & seal gasket
Minimum flow resistance/pressure drop.
------TECHNICAL INFORMATIONS:-----
Maximum Pressure :- I0 Bar
Maximum Temp. :- + 90° C
Minimum Temp. :- -20° C.
------SPECIFICATIONS-----
Product wetted :- AISI 316
Rubber Part :-  Silicon 
Finish :- Buffed & Electropolish.
CONNECTIONS : SMS",,/uploads/variants/1786079598123-753928835.jpg,2.0,31.0,5.0,24.0,34.0,34.0,27.0,4500.0,4600.0,3.0,3,,1.0,2.0,"[{""type"": ""FDA"", ""identification"": """"}]",[],5,,4,0.0,0.0,,10.0,7.0,7.0,7.0,7.0,7.0,7.0,6200.0,620000,6200.0,620000,4500.0,450000.0,4900.0,490000.0,300.0,30000.0,20.0,2000.0
16,V0-DISCFILTER-SS-316-51-MM-06,5,7.0,0,2026-08-07 05:13:18.631245,2026-09-05 08:51:32.468019,,0.0,"*Sanitary disc type in line filter consists of two disc. The filter assembled by mean of tri-clover clamp,
filter consists of perforated circle with 40 microns mess zali & seal gasket
Minimum flow resistance/pressure drop.
------TECHNICAL INFORMATIONS:-----
Maximum Pressure :- I0 Bar
Maximum Temp. :- + 90° C
Minimum Temp. :- -20° C.
------SPECIFICATIONS-----
Product wetted :- AISI 316
Rubber Part :-  Silicon 
Finish :- Buffed & Electropolish.
CONNECTIONS : SMS",,/uploads/variants/1786079598155-348181092.jpg,2.0,31.0,31.0,24.0,34.0,34.0,34.0,4400.0,4500.0,3.0,3,,1.0,2.0,"[{""type"": ""FDA"", ""identification"": """"}]",[],5,,4,0.0,0.0,,10.0,7.0,7.0,7.0,7.0,7.0,7.0,7000.0,700000,7000.0,700000,4500.0,450000.0,4900.0,490000.0,320.0,32000.0,20.0,2000.0
17,V0-SANITARYBU-SS-304-L-25-MM-01,19,8.0,0,2026-08-07 05:27:25.696853,2026-09-05 08:51:32.468019,,0.0,"Type:Manual Butterfly Valve
End Connection	:Weldable (Butt Weld End)
Body Material : SS304 L
Disc Material	: SS304 L
Stem Material :Stainless Steel
Seat Material :	EPDM 
Pressure Rating :	PN10 
Operating Temperature	-20°C to +120°C 
Operation :Lever Operated
Application :	Water, Food & Beverage, Dairy, Pharmaceutical, Chemical & Process Industries",,/uploads/variants/1786080445407-337201611.jpg,2.0,16.0,11.0,5.0,18.0,13.0,7.0,1.0,1.0,2.0,2,,,2.0,"[{""type"": ""other"", ""other_remark"": ""OTHER"", ""identification"": """"}]",[],20,,4,0.0,0.0,,1.0,7.0,7.0,7.0,7.0,7.0,7.0,4234.0,423400,4234.0,423400,3900.0,390000.0,4000.0,400000.0,300.0,30000.0,20.0,2000.0
18,V0-SANITARYBU-SS-304-L-38-MM-02,15,8.0,0,2026-08-07 05:27:25.789832,2026-09-05 08:51:32.468019,,0.0,"Type:Manual Butterfly Valve
End Connection	:Weldable (Butt Weld End)
Body Material : SS304 L
Disc Material	: SS304 L
Stem Material :Stainless Steel
Seat Material :	EPDM 
Pressure Rating :	PN10 
Operating Temperature	-20°C to +120°C 
Operation :Lever Operated
Application :	Water, Food & Beverage, Dairy, Pharmaceutical, Chemical & Process Industries",,/uploads/variants/1786080445442-775076674.jpg,2.0,16.0,11.0,5.0,18.0,13.0,7.0,1.0,1.0,2.0,2,,,2.0,"[{""type"": ""other"", ""other_remark"": ""OTHER"", ""identification"": """"}]",[],20,,4,0.0,0.0,,1.0,7.0,7.0,7.0,7.0,7.0,7.0,4350.0,435000,4350.0,435000,3900.0,390000.0,4000.0,400000.0,350.0,35000.0,20.0,2000.0
19,V0-SANITARYBU-SS-316-L-38-MM-05,14,8.0,0,2026-08-07 05:27:25.865042,2026-09-05 08:51:32.468019,,0.0,"Type:Manual Butterfly Valve
End Connection	:Weldable (Butt Weld End)
Body Material : SS316L
Disc Material	: SS316L
Stem Material :Stainless Steel
Seat Material :	EPDM 
Pressure Rating :	PN10 
Operating Temperature	-20°C to +120°C 
Operation :Lever Operated
Application :	Water, Food & Beverage, Dairy, Pharmaceutical, Chemical & Process Industries",,/uploads/variants/1786080445478-360847449.jpg,2.0,16.0,11.0,5.0,18.0,13.0,7.0,1.0,1.0,2.0,2,,,2.0,"[{""type"": ""other"", ""other_remark"": ""OTHER"", ""identification"": """"}]",[],20,,4,0.0,0.0,,1.0,7.0,7.0,7.0,7.0,7.0,7.0,4944.0,494400,4944.0,494400,3900.0,390000.0,4000.0,400000.0,350.0,35000.0,20.0,2000.0
20,V0-SANITARYBU-SS-316-L-51-MM-06,8,8.0,0,2026-08-07 05:27:25.938351,2026-09-05 08:51:32.468019,,0.0,"Type:Manual Butterfly Valve
End Connection	:Weldable (Butt Weld End)
Body Material : SS316L
Disc Material	: SS316L
Stem Material :Stainless Steel
Seat Material :	EPDM 
Pressure Rating :	 PN16
Operating Temperature	-20°C to +120°C 
Operation :Lever Operated
Application :	Water, Food & Beverage, Dairy, Pharmaceutical, Chemical & Process Industries",,/uploads/variants/1786080445512-405215262.jpg,2.0,16.0,12.0,5.0,18.0,14.0,7.0,1.0,1.0,2.0,2,,,2.0,"[{""type"": ""other"", ""other_remark"": ""OTHER"", ""identification"": """"}]",[],20,,4,0.0,0.0,,1.0,7.0,7.0,7.0,7.0,7.0,7.0,5336.0,533600,5336.0,533600,3900.0,390000.0,4000.0,400000.0,400.0,40000.0,20.0,2000.0
21,V0-ANGULARTUB-SS-316-25-MM-01,5,9.0,0,2026-08-07 05:38:24.389013,2026-09-05 08:51:32.468019,,0.0,"Angular filter: the inlet and the outlet form a right angle.
Filter body AISI 316L
Gaskets EPDM
Connection: SMS Union
External surface finish:Matt
Working temperature :10oC to +120oC
Max.working pressure : 10 bar",,"/uploads/variants/1786081104067-826923047.jpeg,/uploads/variants/1786081104069-703570723.png",2.0,45.8,9.0,13.02,50.8,10.0,20.02,1.0,1.0,2.0,2,,,2.0,"[{""type"": ""FDA"", ""identification"": """"}]",[],5,,4,0.0,0.0,,1.0,7.0,7.0,7.0,7.0,7.0,7.0,40500.0,4050000,40500.0,4050000,39000.0,3900000.0,39500.0,3950000.0,1400.0,140000.0,100.0,10000.0
22,V0-ANGULARTUB-SS-316-38-MM-02,3,9.0,0,2026-08-07 05:38:24.567663,2026-09-05 08:51:32.468019,,0.0,"Angular filter: the inlet and the outlet form a right angle.
Filter body AISI 316L
Gaskets EPDM
Connection: SMS Union
External surface finish:Matt
Working temperature :10oC to +120oC
Max.working pressure : 10 bar",,/uploads/variants/1786081104101-672356462.jpeg,2.0,47.2,10.0,15.21,55.2,21.0,20.21,1.0,1.0,2.0,2,,,2.0,"[{""type"": ""FDA"", ""identification"": """"}]",[],5,,4,0.0,0.0,,1.0,7.0,7.0,7.0,7.0,7.0,7.0,42500.0,4250000,42500.0,4250000,39000.0,3900000.0,39500.0,3950000.0,1400.0,140000.0,100.0,10000.0
23,V0-ANGULARTUB-SS-316-51-MM-03,1,9.0,0,2026-08-07 05:38:24.646507,2026-09-05 08:51:32.468019,,0.0,"Angular filter: the inlet and the outlet form a right angle.
Filter body AISI 316L
Gaskets EPDM
Connection: SMS Union
External surface finish:Matt
Working temperature :10oC to +120oC
Max.working pressure : 10 bar",,/uploads/variants/1786081104131-267975135.jpeg,2.0,52.2,10.0,16.03,65.2,22.0,25.03,1.0,1.0,2.0,2,,,2.0,"[{""type"": ""FDA"", ""identification"": """"}]",[],5,,4,0.0,0.0,,1.0,7.0,7.0,7.0,7.0,7.0,7.0,49600.0,4960000,49600.0,4960000,39000.0,3900000.0,39500.0,3950000.0,1700.0,170000.0,100.0,10000.0
24,V0-ANGULARTUB-SS-316-76-MM-04,1,9.0,0,2026-08-07 05:38:24.734151,2026-09-05 08:51:32.468019,,0.0,"Angular filter: the inlet and the outlet form a right angle.
Filter body AISI 316L
Gaskets EPDM
Connection: SMS Union
External surface finish:Matt
Working temperature :10oC to +120oC
Max.working pressure : 10 bar",,/uploads/variants/1786081104158-316919532.jpeg,2.0,70.85,14.0,22.09,75.85,25.0,30.09,1.0,1.0,2.0,2,,,2.0,"[{""type"": ""FDA"", ""identification"": """"}]",[],5,,4,0.0,0.0,,1.0,7.0,7.0,7.0,7.0,7.0,7.0,56250.0,5625000,56250.0,5625000,39000.0,3900000.0,39500.0,3950000.0,1800.0,180000.0,100.0,10000.0
25,V0-ELECTROPNE-CONTROL--500-AC-01,4,10.0,0,2026-08-07 05:51:37.994834,2026-09-05 08:51:32.468019,,0.0,"Control Air Make I/P Converter,
Model : 500 AC,
Input : 4...20 mA,
Output : 3...15 PSI,
Supply Pressure : 100 PSI",,/uploads/variants/1786081897811-189566666.jpg,2.0,6.0,7.0,14.0,10.0,15.0,18.0,1.0,1.0,2.0,2,,1.0,2.0,"[{""type"": ""other"", ""other_remark"": ""OTHER"", ""identification"": """"}]",[],5,,4,0.0,0.0,,1.0,7.0,7.0,7.0,7.0,7.0,7.0,14000.0,1400000,14000.0,1400000,13600.0,1360000.0,13800.0,1380000.0,500.0,50000.0,15.0,1500.0
26,V0-REDUCER-SS-316-38-MM-X--01,60,,1,2026-08-07 06:07:02.183852,2026-09-05 08:51:32.468019,2026-08-11 10:24:43,0.0,Concentric Reducer is a conical pipe fitting used to join pipes of different diameters along the same central axis,,"/uploads/products/1786082821853-128408541.jpg,/uploads/products/1786099612158-30814327.jpg",2.0,5.0,5.0,5.3,8.0,8.0,9.3,54.0,60.0,3.0,3,,,2.0,"[{""type"": ""FDA"", ""identification"": """"}]",[],60,,4,0.0,0.0,,1.0,7.0,7.0,7.0,7.0,7.0,7.0,2500.0,250000,2500.0,250000,1800.0,180000.0,2000.0,200000.0,0.0,0.0,0.0,0.0
27,V0-REDUCER-SS-316-38-MM-X--02,50,,0,2026-08-07 06:07:02.296920,2026-09-05 08:51:32.468019,,0.0,"Type: Concentric Reducer
Size: 50 mm x 38 mm
Function: Reduces pipe size while maintaining a uniform flow path and minimizing turbulence.
Configuration: Concentric design with both ends aligned on the same central axis.
Application: Suitable for hygienic and industrial piping systems requiring smooth flow transition and proper alignment.",,/uploads/variants/1786082821916-787313269.jpg,2.0,5.0,5.0,3.0,8.0,8.0,6.0,24.0,35.0,3.0,3,,,2.0,"[{""type"": ""FDA"", ""identification"": """"}]",[],60,,4,0.0,0.0,,1.0,7.0,7.0,7.0,7.0,7.0,7.0,2800.0,280000,2800.0,280000,1800.0,180000.0,2000.0,200000.0,0.0,0.0,0.0,0.0
28,V0-REDUCER-SS-316-51-MM-X--03,50,,0,2026-08-07 06:07:02.366284,2026-09-05 08:51:32.468019,,0.0,"Type: Concentric Reducer
Size: 75 mm x 51 mm
Function: Provides a smooth transition from a larger pipe diameter to a smaller pipe diameter.
Configuration: Concentric design with both ends aligned on the same center axis.
Application: Suitable for piping systems requiring uniform flow transition and compact installation",,/uploads/variants/1786082821945-400948105.jpg,2.0,7.5,7.5,7.7,11.5,11.5,10.7,138.0,144.0,3.0,3,,,2.0,"[{""type"": ""FDA"", ""identification"": """"}]",[],60,,4,0.0,0.0,,1.0,7.0,7.0,7.0,7.0,7.0,7.0,3000.0,300000,3000.0,300000,1800.0,180000.0,2000.0,200000.0,0.0,0.0,0.0,0.0
29,V0-REDUCER-SS-316-25-MM-X--04,78,,1,2026-08-07 06:07:02.426025,2026-09-05 08:51:32.468019,2026-08-07 10:29:59,0.0,"Type: Eccentric Reducer
Size: 100 mm x 25 mm
Function: Provides a smooth transition from a larger pipe diameter to a smaller diameter while maintaining a flat side alignment.
Configuration: Eccentric design with offset centerlines between inlet and outlet pipes.
Application: Suitable for horizontal piping systems where prevention of air accumulation and proper fluid drainage are required.",,/uploads/variants/1786082821973-185840667.jpg,2.0,10.5,10.5,15.0,14.5,1.5,18.0,493.0,500.0,3.0,3,,,2.0,"[{""type"": ""FDA"", ""identification"": """"}]",[],60,,4,0.0,0.0,,1.0,7.0,7.0,7.0,7.0,7.0,7.0,3500.0,350000,3500.0,350000,1800.0,180000.0,2000.0,200000.0,0.0,0.0,0.0,0.0
30,SKU_265,18,13.0,0,2026-08-07 10:36:18.604991,2026-09-05 08:51:32.468019,,0.0,"GI Angle (Galvanized Iron Angle Bar) is an L-shaped structural steel profile coated with a protective zinc layer through a hot-dip galvanizing process. Designed to provide high tensile strength and superior resistance against atmospheric corrosion, rust, and moisture, GI angles are widely used as load-bearing structural supports and framing components in civil engineering and industrial construction.

Featuring a 90-degree bend with equal or unequal leg dimensions, GI angles offer exceptional mechanical stability, ease of fabrication, and long-lasting durability without requiring frequent repainting or surface maintenance.","Keyword 1,Keyword 2",/uploads/products/1786098978291-169162791.jpg,10.0,19.0,18.0,19.0,19.0,89.0,98.0,179.0,189.0,2.0,2,,2.0,1.0,"[{""type"": ""RoHS"", ""identification"": """"}]","[{""language"": ""hi"", ""content_type"": ""manual"", ""source_location"": """"}]",19,,3,0.0,0.0,,10.0,7.0,7.0,7.0,7.0,7.0,7.0,165.0,16500,165.0,16500,148.0,14800.0,,0.0,98.0,9800.0,56.0,5600.0
31,V0-PEN-A1-01,92,14.0,0,2026-08-07 11:06:33.985710,2026-09-05 08:51:32.468019,,0.0,abc,,/uploads/variants/1786100793164-792303494.jpg,,9.0,5.0,56.0,5.0,5.0,4.99,8.0,5.0,2.0,2,,,,"[{""type"": ""quality"", ""identification"": """"}]",[],92,,2,0.0,0.0,,,6.0,6.0,6.0,7.0,6.0,6.0,100.0,10000,100.0,10000,,0.0,,0.0,10.0,1000.0,10.0,1000.0
32,V0-PEN-A2-02,100,14.0,0,2026-08-07 11:06:34.046683,2026-09-05 08:51:32.468019,,0.0,abc xyz,,/uploads/variants/1786100793259-790993868.jpg,,5.0,56.0,56.0,54.0,546.0,5.0,5.0,5.0,2.0,2,,,,"[{""type"": ""quality"", ""identification"": """"}]",[],92,,2,0.0,0.0,,,6.0,6.0,6.0,6.0,6.0,6.0,780.0,78000,780.0,78000,,0.0,,0.0,10.0,1000.0,10.0,1000.0
33,V4-SANITARYBU-SS-304-25-MM-P1501,20,15.0,0,2026-08-08 05:33:49.353881,2026-09-05 08:51:32.468019,,0.0,"Type:Manual Butterfly Valve
End Connection	:Weldable (Butt Weld End)
Body Material : SS304 L
Disc Material	: SS304 L
Stem Material :Stainless Steel
Seat Material :	EPDM 
Pressure Rating :	PN10 
Operating Temperature	-20°C to +120°C 
Operation :Lever Operated
Application :	Water, Food & Beverage, Dairy, Pharmaceutical, Chemical & Process Industries",,/uploads/variants/1786167215479-503600803.jpg,2.0,16.0,11.0,5.0,20.0,13.0,10.0,1.0,1.0,2.0,2,,,2.0,[],[],20,,4,0.0,0.0,,1.0,7.0,7.0,7.0,7.0,7.0,7.0,4234.0,423400,4234.0,423400,3900.0,390000.0,4000.0,400000.0,0.0,0.0,0.0,0.0
34,V4-SANITARYBU-SS-304-38-MM-P1502,15,15.0,0,2026-08-08 05:33:49.419054,2026-09-05 08:51:32.468019,,0.0,"Type:Manual Butterfly Valve
End Connection	:Weldable (Butt Weld End)
Body Material : SS304 L
Disc Material	: SS304 L
Stem Material :Stainless Steel
Seat Material :	EPDM 
Pressure Rating :	PN10 
Operating Temperature	-20°C to +120°C 
Operation :Lever Operated
Application :	Water, Food & Beverage, Dairy, Pharmaceutical, Chemical & Process Industries",,/uploads/variants/1786167215517-21122299.jpg,2.0,16.0,11.0,5.0,18.0,13.0,7.0,1.0,1.0,2.0,2,,,2.0,[],[],20,,4,0.0,0.0,,1.0,7.0,7.0,7.0,7.0,7.0,7.0,4350.0,435000,4350.0,435000,3900.0,390000.0,4000.0,400000.0,0.0,0.0,0.0,0.0
35,V4-SANITARYBU-SS-316-38-MM-P1505,14,15.0,0,2026-08-08 05:33:49.475672,2026-09-05 08:51:32.468019,,0.0,"Type:Manual Butterfly Valve
End Connection	:Weldable (Butt Weld End)
Body Material : SS316L
Disc Material	: SS316L
Stem Material :Stainless Steel
Seat Material :	EPDM 
Pressure Rating :	PN10 
Operating Temperature	-20°C to +120°C 
Operation :Lever Operated
Application :	Water, Food & Beverage, Dairy, Pharmaceutical, Chemical & Process Industries",,/uploads/variants/1786167215588-442970867.jpg,2.0,16.0,11.0,5.0,18.0,13.0,7.0,1.0,1.0,2.0,2,,,2.0,[],[],20,,4,0.0,0.0,,1.0,7.0,7.0,7.0,7.0,7.0,7.0,4944.0,494400,4944.0,494400,3900.0,390000.0,4000.0,400000.0,0.0,0.0,0.0,0.0
36,CELAEIC004BLCK0001,89,16.0,0,2026-08-08 06:51:39.254553,2026-09-09 08:59:37,,0.0,"Durable Construction: This hydraulic hose pipe is made of industrial-grade steel braided rubber, ensuring long-lasting durability and resistance to high pressure.
Pressure Resistant: Designed to withstand intense pressure, making it suitable for use with pressure washers and other high-pressure applications.
Convenient Length: With a length of 5 metres, this hose offers ample reach for various cleaning tasks.
Compatible Fittings: Equipped with M22 x M22 threaded fittings, allowing for easy connection to compatible pressure washer units.
Versatile Application: Suitable for a wide range of industrial and commercial cleaning tasks, including vehicle washing, surface cleaning, and more.",,/uploads/products/1786171898909-43943278.jpg,2.0,,,,50.0,50.0,50.0,,50.0,,2,,,,"[{""type"": ""safety"", ""identification"": """"}]",[],100,,4,0.0,0.0,,1.0,,,,7.0,7.0,7.0,1675.0,167500,1675.0,167500,,0.0,,0.0,20.0,2000.0,30.0,3000.0
37,BMH126001,89,17.0,0,2026-08-08 07:16:43.899955,2026-09-10 14:00:00,,0.0,"Material: Stainless Steel,High Quality, machine grade , accurate size .
USES -Industrial and construction fasteners used widely in the home and office appliance,communication equipments,ship assembly and other machinery industry Suitable for indoor or outdoor use.
Hex bolts are threaded fasteners with a hexagon head shape and are designed for installation with a wrench.Bolts and accessories are made of 304 stainless steel, which has higher hardness, corrosion resistance and rust resistance, moisture resistance, oxidation resistance, acid and alkali resistance.
PACKAGE INCLUDED : 25PCS Set Contains TOTAL 100PCS ( INCLUDED 25PCS OF HEX BOLT + 25PCS OF NUT + 25PCS OF WASHER + 25PCS OF SPRING WASHER )
Key Size - 13mm",,/uploads/products/1786173403609-378520025.jpg,,,,,15.0,15.0,20.0,,30.0,,2,,,,"[{""type"": ""safety"", ""identification"": """"}]",[],100,,4,0.0,0.0,,1.0,,,,7.0,7.0,7.0,698.0,69800,698.0,69800,,0.0,,0.0,20.0,2000.0,30.0,3000.0
38,V4-CONCENTRIC-SS-316-51-MM-X--P1101,50,11.0,0,2026-08-11 10:24:43.418432,2026-09-05 08:51:32.468019,,0.0,"A pipe fitting used to connect two pipes of different diameters.
Reduces the pipe size concentrically, maintaining the same centerline for both pipes.
Designed for smooth and uniform reduction of fluid flow.
Suitable for use in water, steam, air, gas, oil, and other process piping systems.
Manufactured from materials such as carbon steel, stainless steel, alloy steel, or other specified materials.
Available in various sizes, wall thicknesses, and pressure ratings.",,/uploads/variants/1786443850637-619712126.jfif,2.0,7.5,7.5,7.7,8.0,8.0,9.0,138.0,141.0,3.0,3,,,1.0,"[{""type"": ""FDA"", ""identification"": """"}]","[{""language"": ""en"", ""content_type"": ""manual"", ""source_location"": """"}]",50,,4,0.0,0.0,,1.0,7.0,7.0,7.0,7.0,7.0,7.0,300.0,30000,300.0,30000,,0.0,,0.0,330.0,33000.0,10.0,1000.0
39,V4-CONCENTRIC-SS-316-38-MM-X--P1102,29,11.0,0,2026-08-11 10:24:43.569408,2026-09-05 08:51:32.468019,,0.0,"Available in various sizes, wall thicknesses, and pressure ratings.
Can be supplied with butt-weld ends as per applicable piping standards.
Provides reliable performance with proper alignment and installation.
Commonly used in process plants, refineries, power plants, chemical plants, and industrial piping systems.
Dimensions and specifications can be provided as per applicable standards such as ASME B16.9.",,/uploads/variants/1786443850670-738120932.jfif,2.0,5.1,5.1,5.3,6.0,6.0,7.0,54.0,65.0,3.0,3,,,1.0,"[{""type"": ""FDA"", ""identification"": """"}]","[{""language"": ""en"", ""content_type"": ""manual"", ""source_location"": """"}]",50,,4,0.0,0.0,,1.0,7.0,7.0,7.0,7.0,7.0,7.0,200.0,20000,200.0,20000,,0.0,,0.0,230.0,23000.0,10.0,1000.0
40,SKU_228,19,18.0,0,2026-08-12 09:47:34.161543,2026-09-05 08:51:32.468019,,0.0,Mahesh Vaidya Kirana Store 1,"Keyword 1,Keyword 2",/uploads/products/1786528053376-470006638.jpg,10.0,19.0,18.0,19.0,19.0,89.0,98.0,179.0,188.9,2.0,2,,2.0,1.0,"[{""type"": ""RoHS"", ""identification"": """"}]","[{""language"": ""hi"", ""content_type"": ""manual"", ""source_location"": """"}]",19,,3,0.0,0.0,,10.0,7.0,7.0,7.0,7.0,7.0,7.0,850.0,85000,850.0,85000,765.0,76500.0,,0.0,30.0,3000.0,20.0,2000.0
41,SKU_162,18,19.0,0,2026-08-12 10:00:10.650111,2026-09-05 08:51:32.468019,,0.0,"Here is a product description and key features summary for an Eccentric Reducer tailored for the Pipes & Tubes category:

Product Description
The Eccentric Reducer Pipe Fitting is engineered to join two pipes of different diameters where one side of the fitting remains flat or parallel to the pipe run. Unlike concentric reducers, which taper centered on a single axis, an eccentric reducer features an offset centerline. This design allows for a smooth, flat-bottom or flat-top alignment across pipe transitions.

Ideal for horizontal piping applications, eccentric reducers are primarily installed flat-side-down in liquid suction lines to prevent vapor bubbles from collecting and causing pump cavitation. They are also installed flat-side-top in steam and gas transport systems to prevent condensation pooling. Manufactured from industrial-grade Stainless Steel, Carbon Steel, and Alloy Steel, these fittings ensure exceptional resistance to pressure, stress, and corrosive process media.","Keyword 1,Keyword 2",/uploads/products/1786528810282-240159102.jpg,10.0,19.0,18.0,19.0,19.0,89.0,98.0,179.0,189.0,2.0,2,,2.0,1.0,"[{""type"": ""RoHS"", ""identification"": """"}]","[{""language"": ""hi"", ""content_type"": ""manual"", ""source_location"": """"}]",19,,3,0.0,0.0,,10.0,7.0,7.0,7.0,7.0,7.0,7.0,1428.0,142800,1428.0,142800,1285.0,128500.0,,0.0,30.0,3000.0,20.0,2000.0
42,SKU_494,19,20.0,0,2026-08-12 12:36:19.478704,2026-09-05 08:51:32.468019,,0.0,Mahesh Vaidya Kirana Store 1,"Keyword 1,Keyword 2",/uploads/products/1786538179038-64368974.jpg,10.0,19.0,18.0,19.0,19.0,89.0,98.0,179.0,188.9,2.0,2,,2.0,1.0,"[{""type"": ""RoHS"", ""identification"": """"}]","[{""language"": ""hi"", ""content_type"": ""manual"", ""source_location"": """"}]",19,,3,0.0,0.0,,10.0,7.0,7.0,7.0,7.0,7.0,7.0,2923.0,292300,2923.0,292300,2630.0,263000.0,,0.0,0.0,0.0,0.0,0.0
43,SKU_230,17,21.0,0,2026-08-13 05:10:55.679466,2026-09-05 08:51:32.468019,,0.0,"The Manual Butterfly Valve is a reliable, cost-effective quarter-turn valve designed for efficient flow regulation, throttling, and complete shut-off in industrial piping systems. Operated via a hand lever or gear operator, this valve allows system operators to quickly control fluid dynamics with simple manual rotation.

Featuring a compact, lightweight construction (available in wafer, lug, or flanged designs), it takes up minimal space along the pipeline while delivering high flow capacity with minimal friction loss. Constructed with resilient seats (such as EPDM, PTFE, or NBR) and durable metallic bodies (Cast Iron, Ductile Iron, or Stainless Steel), it ensures leak-free sealing across water lines, utilities, and general manufacturing process lines.","Keyword 1,Keyword 2",/uploads/products/1786597854770-381360804.jpg,10.0,19.0,18.0,19.0,19.0,89.0,98.0,179.0,189.0,2.0,2,,2.0,1.0,"[{""type"": ""RoHS"", ""identification"": """"}]","[{""language"": ""hi"", ""content_type"": ""manual"", ""source_location"": """"}]",19,,3,0.0,0.0,,10.0,7.0,7.0,7.0,7.0,7.0,7.0,5828.0,582800,5828.0,582800,5245.0,524500.0,,0.0,30.0,3000.0,20.0,2000.0
44,SKU_526,16,22.0,0,2026-08-13 06:04:22.722151,2026-09-05 08:51:32.468019,,0.0,"Here is a product description and key features summary for Carbon Steel Pipe tailored for the Pipes & Tubes category:

Product Description
Carbon Steel Pipes are heavy-duty, high-strength piping solutions designed for transporting liquids, gases, and steam under extreme pressure and temperature conditions. Manufactured from premium-grade steel alloyed with controlled carbon content, these pipes offer structural integrity, tensile strength, and resistance to deformation.

Available in both Seamless (for high-pressure, critical operations) and Welded/ERW (for standard structural and fluid conveyance) options, carbon steel pipes are widely used across industrial manufacturing, power plants, oil & gas transportation, petrochemical processing, and heavy construction projects.","Keyword 1,Keyword 2",/uploads/products/1786601062347-537113187.jpg,10.0,19.0,18.0,19.0,19.0,89.0,98.0,179.0,189.0,2.0,2,,2.0,1.0,"[{""type"": ""RoHS"", ""identification"": """"}]","[{""language"": ""hi"", ""content_type"": ""manual"", ""source_location"": """"}]",19,,3,0.0,0.0,,10.0,7.0,7.0,7.0,7.0,7.0,7.0,329.0,32900,329.0,32900,296.0,29600.0,,0.0,30.0,3000.0,20.0,2000.0
45,SKU_159,18,23.0,0,2026-08-13 06:15:35.969124,2026-09-05 08:51:32.468019,,0.0,"Here is a tailored product description and feature summary for a Pneumatic Butterfly Valve:

Product Description
The Pneumatic Butterfly Valve is an automated, high-performance flow control valve engineered for fast response, precise throttling, and reliable shut-off in industrial piping systems. Driven by a pneumatic actuator (air-operated), this quarter-turn valve provides rapid opening and closing operations, making it ideal for automated process lines and safety shut-off applications.

Designed with a compact, lightweight body (wafer, lug, or flanged style) and a streamlined disc, it minimizes pressure drops while ensuring a tight seal against gases, liquids, and slurry mixtures. Manufactured from high-grade materials such as Cast Iron, Ductile Iron, or Stainless Steel with resilient seating choices (EPDM, PTFE, NBR), it delivers exceptional durability and low maintenance under harsh operating conditions.","Keyword 1,Keyword 2",/uploads/products/1786601735544-310259425.jpg,10.0,19.0,18.0,19.0,19.0,89.0,98.0,179.0,189.0,2.0,2,,2.0,1.0,"[{""type"": ""RoHS"", ""identification"": """"}]","[{""language"": ""hi"", ""content_type"": ""manual"", ""source_location"": """"}]",19,,3,0.0,0.0,,10.0,7.0,7.0,7.0,7.0,7.0,7.0,6235.0,623500,6235.0,623500,5611.0,561100.0,,0.0,30.0,3000.0,20.0,2000.0
46,SKU_243,18,24.0,0,2026-08-13 06:22:22.370115,2026-09-05 08:51:32.468019,,0.0,"Here is a detailed, product description along with standard bullet points for a Concentric Reducer under the Pipes and Tubes category.Product DescriptionThe Concentric Reducer Pipe Fitting is engineered to connect two pipes or tubes of differing diameters along a single, shared central axis. Designed with a cone-like transition, this fitting ensures a smooth, symmetrical, and centered fluid flow while minimizing inline turbulence and friction loss.Ideal for both vertical piping runs and straight horizontal gas/liquid pipelines, this high-durability concentric reducer maintains precise centerline alignment across system transitions. Manufactured using premium industrial-grade metals and alloys (such as Stainless Steel, Carbon Steel, and Alloy Steel), it provides resistance to heat, pressure, and chemical corrosion.","Keyword 1,Keyword 2",/uploads/products/1786602142004-726613007.jpg,10.0,19.0,18.0,19.0,19.0,89.0,98.0,179.0,189.0,2.0,2,,2.0,1.0,"[{""type"": ""RoHS"", ""identification"": """"}]","[{""language"": ""hi"", ""content_type"": ""manual"", ""source_location"": """"}]",19,,3,0.0,0.0,,10.0,7.0,7.0,7.0,7.0,7.0,7.0,852.0,85200,852.0,85200,766.0,76600.0,,0.0,30.0,3000.0,20.0,2000.0
47,SKU_398,14,25.0,0,2026-08-13 06:41:20.946095,2026-09-05 08:51:32.468019,,0.0,"Manufactured from premium-grade steel, these pipes and tubes are engineered for high-pressure applications, structural frameworks, and demanding industrial environments. Offering exceptional tensile strength and superior resistance to corrosion, wear, and mechanical impact, they ensure long-lasting durability and peak performance across diverse operating conditions. Suitable for oil & gas, construction, structural support, and fluid transport applications.","steel pipe,seamless tube",/uploads/products/1786603280528-851281351.jpg,10.0,19.0,18.0,19.0,19.0,89.0,98.0,179.0,188.9,2.0,2,,2.0,1.0,"[{""type"": ""RoHS"", ""identification"": """"}]","[{""language"": ""hi"", ""content_type"": ""manual"", ""source_location"": """"}]",19,,3,0.0,0.0,,10.0,7.0,7.0,7.0,7.0,7.0,7.0,1585.0,158500,1585.0,158500,1426.0,142600.0,,0.0,30.0,3000.0,20.0,2000.0
48,SKU_742,17,26.0,0,2026-08-13 07:07:57.532615,2026-09-11 13:00:02,,0.0,"Manufactured from premium-grade steel, these pipes and tubes are engineered for high-pressure applications, structural frameworks, and demanding industrial environments. Offering exceptional tensile strength and superior resistance to corrosion, wear, and mechanical impact, they ensure long-lasting durability and peak performance across diverse operating conditions. Suitable for oil & gas, construction, structural support, and fluid transport applications.","steel pipe,seamless tube",/uploads/products/1786604877173-282630108.jpg,10.0,19.0,18.0,19.0,19.0,89.0,98.0,179.0,188.9,2.0,2,,2.0,1.0,"[{""type"": ""RoHS"", ""identification"": """"}]","[{""language"": ""hi"", ""content_type"": ""manual"", ""source_location"": """"}]",19,,3,0.0,0.0,,10.0,7.0,7.0,7.0,7.0,7.0,7.0,10516.0,1051600,10516.0,1051600,9464.0,946400.0,,0.0,30.0,3000.0,20.0,2000.0
49,JSL-SPC-304-25,92,27.0,0,2026-08-13 10:07:23.422387,2026-09-14 12:00:12,,0.0,"Suitable for gas/water/oil pipe fixed, accessories for car & motorcycle Spring clips are designed to distribute pressure uniformly around the application zone
Durable product"";Spring clips are made to distribute pressure uniformly around the application zone"";The spring clip maintains pressure during this process, thereby preventing leaks""
Hose clamp with knob are used in securing hoses, pipe, cable, tube, fuel lines etc. Perfect to apply in automotive, industrial, boat/marine, shield, household etc both indoor or outdoor.
ADJUSTABLE SIZE - Clamp kit are flexible and ductile with wide adjustable size range from 19 mm to 24 mm. This 1/2 inch clamps fits small hoses.
Package Includes: 10 x Spring hose clamps",,/uploads/products/1786615592188-73172461.jpg,,,,,20.0,20.0,20.0,,25.0,,2,,,,"[{""type"": ""safety"", ""identification"": """"}]",[],100,,4,0.0,0.0,,1.0,,,,7.0,7.0,7.0,999.0,99900,999.0,99900,,0.0,,0.0,25.0,2500.0,50.0,5000.0
50,SKU_551,19,28.0,0,2026-08-17 07:13:15.983420,2026-09-05 08:51:32.468019,,0.0,"Manufactured from premium-grade steel, these pipes and tubes are engineered for high-pressure applications, structural frameworks, and demanding industrial environments. Offering exceptional tensile strength and superior resistance to corrosion, wear, and mechanical impact, they ensure long-lasting durability and peak performance across diverse operating conditions. Suitable for oil & gas, construction, structural support, and fluid transport applications.","steel pipe,seamless tube",/uploads/products/1786950795580-543832173.jpg,10.0,19.0,18.0,19.0,19.0,89.0,98.0,179.0,188.9,2.0,2,,2.0,1.0,"[{""type"": ""RoHS"", ""identification"": """"}]","[{""language"": ""hi"", ""content_type"": ""manual"", ""source_location"": """"}]",19,,3,0.0,0.0,,10.0,7.0,7.0,7.0,7.0,7.0,7.0,11877.0,1187700,11877.0,1187700,10689.0,1068900.0,,0.0,30.0,3000.0,20.0,2000.0
51,SKU_979,16,29.0,0,2026-08-17 07:18:15.905524,2026-09-05 08:51:32.468019,,0.0,"Manufactured from premium-grade steel, these pipes and tubes are engineered for high-pressure applications, structural frameworks, and demanding industrial environments. Offering exceptional tensile strength and superior resistance to corrosion, wear, and mechanical impact, they ensure long-lasting durability and peak performance across diverse operating conditions. Suitable for oil & gas, construction, structural support, and fluid transport applications.","steel pipe,seamless tube",/uploads/products/1786951095467-195402287.jpg,10.0,19.0,18.0,19.0,19.0,89.0,98.0,179.0,188.9,2.0,2,,2.0,1.0,"[{""type"": ""RoHS"", ""identification"": """"}]","[{""language"": ""hi"", ""content_type"": ""manual"", ""source_location"": """"}]",19,,3,0.0,0.0,,10.0,7.0,7.0,7.0,7.0,7.0,7.0,6491.0,649100,6491.0,649100,5841.0,584100.0,,0.0,30.0,3000.0,20.0,2000.0
52,SKU_933,10,30.0,0,2026-08-17 07:28:35.405254,2026-09-10 08:35:31,,0.0,"Manufactured from premium-grade steel, these pipes and tubes are engineered for high-pressure applications, structural frameworks, and demanding industrial environments. Offering exceptional tensile strength and superior resistance to corrosion, wear, and mechanical impact, they ensure long-lasting durability and peak performance across diverse operating conditions. Suitable for oil & gas, construction, structural support, and fluid transport applications.","steel pipe,seamless tube",/uploads/products/1786951715051-732436275.jpg,10.0,19.0,18.0,19.0,19.0,89.0,98.0,179.0,189.0,2.0,2,,2.0,1.0,"[{""type"": ""RoHS"", ""identification"": """"}]","[{""language"": ""hi"", ""content_type"": ""manual"", ""source_location"": """"}]",19,,3,0.0,0.0,,10.0,7.0,7.0,7.0,7.0,7.0,7.0,766.0,8500000,766.0,76600,689.0,68900.0,,0.0,30.0,3000.0,20.0,2000.0
53,SKU_540,19,31.0,0,2026-08-17 07:29:23.204592,2026-09-05 08:51:32.468019,,0.0,"Manufactured from premium-grade steel, these pipes and tubes are engineered for high-pressure applications, structural frameworks, and demanding industrial environments. Offering exceptional tensile strength and superior resistance to corrosion, wear, and mechanical impact, they ensure long-lasting durability and peak performance across diverse operating conditions. Suitable for oil & gas, construction, structural support, and fluid transport applications.","steel pipe,seamless tube",/uploads/products/1786951762846-113945930.jpg,10.0,19.0,18.0,19.0,19.0,89.0,98.0,179.0,188.9,2.0,2,,2.0,1.0,"[{""type"": ""RoHS"", ""identification"": """"}]","[{""language"": ""hi"", ""content_type"": ""manual"", ""source_location"": """"}]",19,,3,0.0,0.0,,10.0,7.0,7.0,7.0,7.0,7.0,7.0,255.0,25500,255.0,25500,229.0,22900.0,,0.0,30.0,3000.0,20.0,2000.0
54,SKU_941,17,32.0,0,2026-08-17 09:11:33.648338,2026-09-05 08:51:32.468019,,0.0,"Manufactured from premium-grade steel, these pipes and tubes are engineered for high-pressure applications, structural frameworks, and demanding industrial environments. Offering exceptional tensile strength and superior resistance to corrosion, wear, and mechanical impact, they ensure long-lasting durability and peak performance across diverse operating conditions. Suitable for oil & gas, construction, structural support, and fluid transport applications.","steel pipe,seamless tube",/uploads/products/1786957893350-105319988.jpg,10.0,19.0,18.0,19.0,19.0,89.0,98.0,179.0,188.9,2.0,2,,2.0,1.0,"[{""type"": ""RoHS"", ""identification"": """"}]","[{""language"": ""hi"", ""content_type"": ""manual"", ""source_location"": """"}]",19,,3,0.0,0.0,,10.0,7.0,7.0,7.0,7.0,7.0,7.0,1059.0,105900,1059.0,105900,953.0,95300.0,,0.0,30.0,3000.0,20.0,2000.0
55,SKU_244,16,33.0,0,2026-08-17 09:12:14.829679,2026-09-05 08:51:32.468019,,0.0,"Manufactured from premium-grade steel, these pipes and tubes are engineered for high-pressure applications, structural frameworks, and demanding industrial environments. Offering exceptional tensile strength and superior resistance to corrosion, wear, and mechanical impact, they ensure long-lasting durability and peak performance across diverse operating conditions. Suitable for oil & gas, construction, structural support, and fluid transport applications.","steel pipe,seamless tube",/uploads/products/1786957934499-829377182.jpg,10.0,19.0,18.0,19.0,19.0,89.0,98.0,179.0,188.9,2.0,2,,2.0,1.0,"[{""type"": ""RoHS"", ""identification"": """"}]","[{""language"": ""hi"", ""content_type"": ""manual"", ""source_location"": """"}]",19,,3,0.0,0.0,,10.0,7.0,7.0,7.0,7.0,7.0,7.0,6294.0,629400,6294.0,629400,5664.0,566400.0,,0.0,30.0,3000.0,20.0,2000.0
56,SKU_684,19,34.0,0,2026-08-17 09:22:52.576802,2026-09-05 08:51:32.468019,,0.0,"Manufactured from premium-grade steel, these pipes and tubes are engineered for high-pressure applications, structural frameworks, and demanding industrial environments. Offering exceptional tensile strength and superior resistance to corrosion, wear, and mechanical impact, they ensure long-lasting durability and peak performance across diverse operating conditions. Suitable for oil & gas, construction, structural support, and fluid transport applications.","steel pipe,seamless tube",/uploads/products/1786958572288-943447088.jpg,10.0,19.0,18.0,19.0,19.0,89.0,98.0,179.0,188.9,2.0,2,,2.0,1.0,"[{""type"": ""RoHS"", ""identification"": """"}]","[{""language"": ""hi"", ""content_type"": ""manual"", ""source_location"": """"}]",19,,3,0.0,0.0,,10.0,7.0,7.0,7.0,7.0,7.0,7.0,4930.0,493000,4930.0,493000,4437.0,443700.0,,0.0,30.0,3000.0,20.0,2000.0
57,SKU_752,14,35.0,0,2026-08-17 09:49:23.155278,2026-09-05 08:51:32.468019,,0.0,"Manufactured from premium-grade steel, these pipes and tubes are engineered for high-pressure applications, structural frameworks, and demanding industrial environments. Offering exceptional tensile strength and superior resistance to corrosion, wear, and mechanical impact, they ensure long-lasting durability and peak performance across diverse operating conditions. Suitable for oil & gas, construction, structural support, and fluid transport applications.","steel pipe,seamless tube",/uploads/products/1786960162836-51804734.jpg,10.0,19.0,18.0,19.0,19.0,89.0,98.0,179.0,189.0,2.0,2,,2.0,1.0,"[{""type"": ""RoHS"", ""identification"": """"}]","[{""language"": ""hi"", ""content_type"": ""manual"", ""source_location"": """"}]",19,,3,0.0,0.0,,10.0,7.0,7.0,7.0,7.0,7.0,7.0,1498.0,149800,1498.0,149800,1348.0,134800.0,,0.0,30.0,3000.0,20.0,2000.0
58,SKU_461,19,36.0,0,2026-08-17 09:51:59.101457,2026-09-05 08:51:32.468019,,0.0,"Manufactured from premium-grade steel, these pipes and tubes are engineered for high-pressure applications, structural frameworks, and demanding industrial environments. Offering exceptional tensile strength and superior resistance to corrosion, wear, and mechanical impact, they ensure long-lasting durability and peak performance across diverse operating conditions. Suitable for oil & gas, construction, structural support, and fluid transport applications.","steel pipe,seamless tube",/uploads/products/1786960318783-414884245.jpg,10.0,19.0,18.0,19.0,19.0,89.0,98.0,179.0,188.9,2.0,2,,2.0,1.0,"[{""type"": ""RoHS"", ""identification"": """"}]","[{""language"": ""hi"", ""content_type"": ""manual"", ""source_location"": """"}]",19,,3,0.0,0.0,,10.0,7.0,7.0,7.0,7.0,7.0,7.0,913.0,91300,913.0,91300,821.0,82100.0,,0.0,30.0,3000.0,20.0,2000.0
59,SKU_666,19,37.0,0,2026-08-17 09:52:39.424049,2026-09-05 08:51:32.468019,,0.0,"Manufactured from premium-grade steel, these pipes and tubes are engineered for high-pressure applications, structural frameworks, and demanding industrial environments. Offering exceptional tensile strength and superior resistance to corrosion, wear, and mechanical impact, they ensure long-lasting durability and peak performance across diverse operating conditions. Suitable for oil & gas, construction, structural support, and fluid transport applications.","steel pipe,seamless tube",/uploads/products/1786960359077-323514986.jpg,10.0,19.0,18.0,19.0,19.0,89.0,98.0,179.0,188.9,2.0,2,,2.0,1.0,"[{""type"": ""RoHS"", ""identification"": """"}]","[{""language"": ""hi"", ""content_type"": ""manual"", ""source_location"": """"}]",19,,3,0.0,0.0,,10.0,7.0,7.0,7.0,7.0,7.0,7.0,3161.0,316100,3161.0,316100,2844.0,284400.0,,0.0,30.0,3000.0,20.0,2000.0
60,SKU_500,19,38.0,0,2026-08-17 10:05:37.648716,2026-09-05 08:51:32.468019,,0.0,"Manufactured from premium-grade steel, these pipes and tubes are engineered for high-pressure applications, structural frameworks, and demanding industrial environments. Offering exceptional tensile strength and superior resistance to corrosion, wear, and mechanical impact, they ensure long-lasting durability and peak performance across diverse operating conditions. Suitable for oil & gas, construction, structural support, and fluid transport applications.","steel pipe,seamless tube",/uploads/products/1786961137321-61284210.jpg,10.0,19.0,18.0,19.0,19.0,89.0,98.0,179.0,188.9,2.0,2,,2.0,1.0,"[{""type"": ""RoHS"", ""identification"": """"}]","[{""language"": ""hi"", ""content_type"": ""manual"", ""source_location"": """"}]",19,,3,0.0,0.0,,10.0,7.0,7.0,7.0,7.0,7.0,7.0,3742.0,374200,3742.0,374200,3367.0,336700.0,,0.0,30.0,3000.0,20.0,2000.0
61,SKU_816,18,39.0,0,2026-08-17 10:07:18.376277,2026-09-05 08:51:32.468019,,0.0,"Manufactured from premium-grade steel, these pipes and tubes are engineered for high-pressure applications, structural frameworks, and demanding industrial environments. Offering exceptional tensile strength and superior resistance to corrosion, wear, and mechanical impact, they ensure long-lasting durability and peak performance across diverse operating conditions. Suitable for oil & gas, construction, structural support, and fluid transport applications.","steel pipe,seamless tube",/uploads/products/1786961237976-194910098.jpg,10.0,19.0,18.0,19.0,19.0,89.0,98.0,179.0,188.9,2.0,2,,2.0,1.0,"[{""type"": ""RoHS"", ""identification"": """"}]","[{""language"": ""hi"", ""content_type"": ""manual"", ""source_location"": """"}]",19,,3,0.0,0.0,,10.0,7.0,7.0,7.0,7.0,7.0,7.0,949.0,94900,949.0,94900,854.0,85400.0,,0.0,30.0,3000.0,11.0,1100.0
62,QA-SMP-BOTTLE-001,40,40.0,0,2026-08-17 14:34:41.443047,2026-09-05 08:51:32.468019,,0.0,Insulated bottle for daily travel and office use.,,"/uploads/products/1786977281287-884609960.jpg,/uploads/products/1786977281288-966685957.jpg",,,,,28.0,7.0,7.0,,0.42,,2,,,,[],[],40,,4,,,,,,,,7.0,7.0,7.0,899.0,89900,899.0,89900,,0.0,,0.0,0.0,0.0,0.0,0.0
63,QA-SMP-LED-001,100,41.0,0,2026-08-17 14:34:41.648234,2026-09-05 08:51:32.468019,,0.0,Energy efficient LED bulb for home and office.,,"/uploads/products/1786977281539-258026640.jpg,/uploads/products/1786977281539-437468511.jpg",,,,,12.0,6.0,6.0,,0.09,,2,,,,[],[],100,,4,,,,,,,,7.0,7.0,7.0,199.0,19900,199.0,19900,,0.0,,0.0,0.0,0.0,0.0,0.0
64,QA-SMP-TAPE-001,75,42.0,0,2026-08-17 14:34:41.781865,2026-09-05 08:51:32.468019,,0.0,Strong adhesive tape for cartons and shipping boxes.,,"/uploads/products/1786977281694-959556680.jpg,/uploads/products/1786977281694-883562144.jpg",,,,,10.0,10.0,5.0,,0.18,,2,,,,[],[],75,,4,,,,,,,,7.0,7.0,7.0,149.0,14900,149.0,14900,,0.0,,0.0,0.0,0.0,0.0,0.0
65,QA-PIPE-20MM,30,43.0,0,2026-08-17 14:34:41.946433,2026-09-05 08:51:32.468019,,0.0,Durable PVC pipe for residential water supply.,,"/uploads/products/1786977281840-992831904.jpg,/uploads/products/1786977281842-107150733.jpg",,,,,200.0,2.0,2.0,,1.1,,2,,,,[],[],30,,4,,,,,,,,7.0,7.0,7.0,650.0,65000,650.0,65000,,0.0,,0.0,0.0,0.0,0.0,0.0
66,QA-PIPE-25MM,25,43.0,0,2026-08-17 14:34:42.035556,2026-09-05 08:51:32.468019,,0.0,Durable PVC pipe for residential water supply.,,"/uploads/products/1786977281843-666046418.jpg,/uploads/products/1786977281844-652677428.jpg",,,,,200.0,2.5,2.5,,1.45,,2,,,,[],[],30,,4,,,,,,,,7.0,7.0,7.0,820.0,82000,650.0,65000,,0.0,,0.0,0.0,0.0,0.0,0.0
67,QA-TAPE-48MM,60,44.0,0,2026-08-17 14:34:42.273317,2026-09-05 08:51:32.468019,,0.0,Premium transparent tape for secure carton sealing.,,"/uploads/products/1786977282119-633451666.jpg,/uploads/products/1786977282120-776317858.jpg",,,,,10.0,10.0,5.0,,0.22,,2,,,,[],[],60,,4,,,,,,,,7.0,7.0,7.0,189.0,18900,189.0,18900,,0.0,,0.0,0.0,0.0,0.0,0.0
68,QA-TAPE-72MM,45,44.0,0,2026-08-17 14:34:42.345208,2026-09-05 08:51:32.468019,,0.0,Premium transparent tape for secure carton sealing.,,"/uploads/products/1786977282120-728105172.jpg,/uploads/products/1786977282121-197568930.jpg",,,,,10.0,10.0,6.0,,0.28,,2,,,,[],[],60,,4,,,,,,,,7.0,7.0,7.0,249.0,24900,189.0,18900,,0.0,,0.0,0.0,0.0,0.0,0.0
69,QA-FLOOD-30W,35,45.0,0,2026-08-17 14:34:42.478552,2026-09-05 08:51:32.468019,,0.0,Outdoor LED flood light for residential and commercial use.,,"/uploads/products/1786977282391-224416986.jpg,/uploads/products/1786977282391-418740909.jpg",,,,,18.0,14.0,4.0,,0.75,,2,,,,[],[],35,,4,,,,,,,,7.0,7.0,7.0,1499.0,149900,1499.0,149900,,0.0,,0.0,0.0,0.0,0.0,0.0
70,QA-FLOOD-50W,25,45.0,0,2026-08-17 14:34:42.535519,2026-09-05 08:51:32.468019,,0.0,Outdoor LED flood light for residential and commercial use.,,"/uploads/products/1786977282392-2187887.jpg,/uploads/products/1786977282392-928086224.jpg",,,,,22.0,17.0,4.5,,1.05,,2,,,,[],[],35,,4,,,,,,,,7.0,7.0,7.0,1999.0,199900,1499.0,149900,,0.0,,0.0,0.0,0.0,0.0,0.0
71,HPMRJ50T001,96,46.0,0,2026-08-19 12:20:43.189988,2026-09-14 15:00:00,,0.0,"We “Om Engineering And Hydraulic” are a prominent firm that is engaged in manufacturing a wide range of Crimping Machine, Hose Pipe, etc. Located in Ahmedabad (Gujarat, India), we are manufacture the offered products as per the set industry norms. Our valued clients can avail these products from us at reasonable rates.",,/uploads/products/1787142042724-655452968.jpg,,,,,100.0,100.0,100.0,,150.0,,2,,,3.0,"[{""type"": ""safety"", ""identification"": """"}]",[],100,,4,0.0,0.0,,1.0,,,,7.0,7.0,7.0,51000.0,5100000,51000.0,5100000,,0.0,,0.0,25.0,2500.0,100.0,10000.0
72,TAPE-430,8,47.0,0,2026-08-20 09:43:37.550985,2026-09-05 08:51:32.468019,,0.0,a,,/uploads/products/1787219017167-631190198.png,,,,,10.0,4.0,3.0,,19.0,,16,,,,[],[],8,,2,0.0,0.0,,,,,,6.0,7.0,6.0,87.0,8700,87.0,8700,,0.0,,0.0,0.0,0.0,0.0,0.0
73,V0-VERTICALHO-VARIANT--ABC123-01,130,48.0,0,2026-08-21 05:47:37.552732,2026-09-05 08:51:32.468019,,0.0,"We “Om Engineering And Hydraulic” are a prominent firm that is engaged in manufacturing a wide range of Crimping Machine, Hose Pipe, etc. Located in Ahmedabad (Gujarat, India), we are manufacture the offered products as per the set industry norms. Our valued clients can avail these products from us at reasonable rates.",,/uploads/products/1787291257178-431627102.jpg,2.0,800.0,600.0,1200.0,900.0,700.0,1350.0,50.0,180.0,2.0,2,,,,"[{""type"": ""quality"", ""identification"": """"}]","[{""language"": ""en"", ""content_type"": ""manual"", ""source_location"": ""/uploads/products/1787290774768-624431668.png""}]",130,,4,0.0,0.0,,,6.0,6.0,6.0,6.0,6.0,6.0,174999.0,17499900,174999.0,17499900,,0.0,,0.0,0.0,0.0,0.0,0.0
74,V0-CYCLE-12-12-01,12,49.0,0,2026-08-21 15:18:10.117578,2026-09-05 08:51:32.468019,,0.0,same,,/uploads/variants/1787325489697-624301947.jpg,,,,,2.0,3.0,4.0,,1.0,,16,,,,[],[],12,,2,0.0,0.0,,,,,,8.0,8.0,6.0,100.0,10000,100.0,10000,,0.0,,0.0,0.0,0.0,0.0,0.0
75,JSL-SPC-304-25_SS,100,50.0,0,2026-08-21 15:19:26.575472,2026-09-05 08:51:32.468019,,0.0,"Suitable for gas/water/oil pipe fixed, accessories for car & motorcycle Spring clips are designed to distribute pressure uniformly around the application zone Durable product"";Spring clips are made to distribute pressure uniformly around the application zone"";The spring clip maintains pressure during this process, thereby preventing leaks"" Hose clamp with knob are used in securing hoses, pipe, cable, tube, fuel lines etc. Perfect to apply in automotive, industrial, boat/marine, shield, household etc both indoor or outdoor. ADJUSTABLE SIZE - Clamp kit are flexible and ductile with wide adjustable size range from 19 mm to 24 mm. This 1/2 inch clamps fits small hoses. Package Includes: 10 x Spring hose clamps",,/uploads/products/1787325566491-116914232.jpg,,,,,20.0,20.0,20.0,,30.0,,2,,,,[],[],100,,4,,,,,,,,7.0,7.0,7.0,1074.0,107400,1074.0,107400,,0.0,,0.0,0.0,0.0,0.0,0.0
76,CELAEIC004BLCK0001_AA,85,51.0,0,2026-08-21 15:19:26.660117,2026-09-05 08:51:32.468019,,0.0,"Durable Construction: This hydraulic hose pipe is made of industrial-grade steel braided rubber, ensuring long-lasting durability and resistance to high pressure. Pressure Resistant: Designed to withstand intense pressure, making it suitable for use with pressure washers and other high-pressure applications. Convenient Length: With a length of 5 metres, this hose offers ample reach for various cleaning tasks. Compatible Fittings: Equipped with M22 x M22 threaded fittings, allowing for easy connection to compatible pressure washer units. Versatile Application: Suitable for a wide range of industrial and commercial cleaning tasks, including vehicle washing, surface cleaning, and more.",,/uploads/products/1787325566580-715955521.jpg,3.0,,,,50.0,50.0,50.0,,60.0,,2,,,,[],[],97,,4,0.0,0.0,,,,,,7.0,7.0,7.0,1725.0,172500,1725.0,172500,,0.0,,0.0,150.0,15000.0,200.0,20000.0
77,JSL-SS304-SCH40-2IN-6M,25,52.0,0,2026-08-22 09:00:39.805557,2026-09-05 08:51:32.468019,,0.0,"High-grade 304 seamless stainless steel pipe engineered for high-pressure industrial applications, offering exceptional corrosion resistance, superior structural strength, and reliable long-term durability in harsh environments.","stainless steel pipe, seamless tube, sch 40 pipe, 2 inch steel pipe, industrial piping",/uploads/products/1787382181329-808734548.jpg,3.0,6.0,60.0,60.0,6.1,8.0,8.0,29.0,30.0,2.0,2,,1.0,1.0,"[{""type"": ""quality"", ""identification"": ""ISO-9001-2015-JSL""}]","[{""language"": ""en"", ""content_type"": ""certificate"", ""source_location"": ""/uploads/products/1787381303907-628668236.jpg""}]",25,2026-08-27,4,0.0,0.0,2026-08-22,1.0,6.0,7.0,7.0,6.0,7.0,7.0,12500.0,1250000,12500.0,1250000,11000.0,1100000.0,12000.0,1200000.0,0.0,0.0,0.0,0.0
78,V0-STAINLESSS-RED-GOLD-5-8-01,198,53.0,0,2026-08-22 09:01:50.764969,2026-09-05 08:51:32.468019,,0.0,"Stainless steel water bottle, 750 ml capacity, matte green finish with gold accents. Durable, leak-proof, and ideal for daily hydration.",,/uploads/variants/1787389310323-683387536.webp,5.0,7.0,5.0,8.0,5.0,8.0,8.0,320.0,500.0,2.0,2,,,,"[{""type"": ""REACH"", ""identification"": """"}]",[],200,,4,0.0,0.0,,,6.0,6.0,6.0,6.0,6.0,6.0,700.0,70000,700.0,70000,,0.0,,0.0,20.0,2000.0,30.0,3000.0
79,V0-STAINLESSS-GREEN-GOLD-5-8-02,300,53.0,0,2026-08-22 09:01:50.873889,2026-09-05 08:51:32.468019,,0.0,"Stainless steel water bottle, 750 ml capacity, matte green finish with gold accents. Durable, leak-proof, and ideal for daily hydration.",,/uploads/variants/1787389310370-344514810.webp,2.0,8.0,8.0,10.0,8.0,8.0,10.0,320.0,320.0,2.0,2,,,,"[{""type"": ""REACH"", ""identification"": """"}]",[],200,,4,0.0,0.0,,,6.0,6.0,6.0,6.0,6.0,6.0,800.0,80000,800.0,80000,,0.0,,0.0,30.0,3000.0,50.0,5000.0
80,PIPE-SS316-1M,40,54.0,0,2026-08-22 12:18:03.702756,2026-09-05 08:51:32.468019,,0.0,"Seamless SS 316 stainless steel pipe suitable for industrial fluid handling, sanitary applications and general fabrication. Supplied in a 1 meter length.",,/uploads/products/1787401083576-416583823.jpg,,,,,105.0,6.0,6.0,,1.8,,2,,,,[],[],40,,4,,,,,,,,7.0,7.0,7.0,1850.0,185000,1850.0,185000,,0.0,,0.0,0.0,0.0,0.0,0.0
81,PIPE-PVC-2M,80,55.0,0,2026-08-22 12:18:03.822934,2026-09-05 08:51:32.468019,,0.0,"Durable PVC pipe for industrial water transfer and utility applications. Lightweight, corrosion resistant and easy to install.",,/uploads/products/1787401083717-43063433.jpg,,,,,205.0,5.0,5.0,,0.9,,2,,,,[],[],80,,4,,,,,,,,7.0,7.0,7.0,650.0,65000,650.0,65000,,0.0,,0.0,0.0,0.0,0.0,0.0
82,SBFV-25-SS304,25,56.0,0,2026-08-22 12:18:03.986265,2026-09-05 08:51:32.468019,,0.0,Sanitary stainless steel butterfly valve designed for hygienic process lines. This product is supplied in multiple size variants.,,/uploads/products/1787401083824-853422360.jpg,,,,,18.0,10.0,10.0,,1.2,,2,,,,[],[],25,,4,,,,,,,,7.0,7.0,7.0,2400.0,240000,2400.0,240000,,0.0,,0.0,0.0,0.0,0.0,0.0
83,SBFV-40-SS304,20,56.0,0,2026-08-22 12:18:04.091329,2026-09-05 08:51:32.468019,,0.0,Sanitary stainless steel butterfly valve designed for hygienic process lines. This product is supplied in multiple size variants.,,/uploads/products/1787401083826-415745945.jpg,,,,,20.0,12.0,12.0,,1.7,,2,,,,[],[],25,,4,,,,,,,,7.0,7.0,7.0,2900.0,290000,2400.0,240000,,0.0,,0.0,0.0,0.0,0.0,0.0
84,ELBOW90-1-SS304,60,57.0,0,2026-08-22 12:18:04.314165,2026-09-05 08:51:32.468019,,0.0,Sanitary 90 degree stainless steel pipe elbow for hygienic piping systems. Available in multiple connection size variants.,,/uploads/products/1787401084136-996186946.jpg,,,,,10.0,7.0,7.0,,0.35,,2,,,,[],[],60,,4,,,,,,,,7.0,7.0,7.0,850.0,85000,850.0,85000,,0.0,,0.0,0.0,0.0,0.0,0.0
85,ELBOW90-15-SS304,45,57.0,0,2026-08-22 12:18:04.366470,2026-09-05 08:51:32.468019,,0.0,Sanitary 90 degree stainless steel pipe elbow for hygienic piping systems. Available in multiple connection size variants.,,/uploads/products/1787401084139-255434500.jpg,,,,,12.0,8.0,8.0,,0.5,,2,,,,[],[],60,,4,,,,,,,,7.0,7.0,7.0,1100.0,110000,850.0,85000,,0.0,,0.0,0.0,0.0,0.0,0.0
86,SKU_996,19,58.0,0,2026-08-25 11:19:46.196120,2026-09-05 08:51:32.468019,,0.0,"Manufactured from premium-grade steel, these pipes and tubes are engineered for high-pressure applications, structural frameworks, and demanding industrial environments. Offering exceptional tensile strength and superior resistance to corrosion, wear, and mechanical impact, they ensure long-lasting durability and peak performance across diverse operating conditions. Suitable for oil & gas, construction, structural support, and fluid transport applications.","steel pipe,seamless tube",/uploads/products/1787656785880-428717205.jpg,10.0,19.0,18.0,19.0,19.0,89.0,98.0,179.0,188.9,2.0,2,,2.0,1.0,"[{""type"": ""RoHS"", ""identification"": """"}]","[{""language"": ""hi"", ""content_type"": ""manual"", ""source_location"": """"}]",19,,3,0.0,0.0,,10.0,7.0,7.0,7.0,7.0,7.0,7.0,448.0,44800,448.0,44800,403.0,40300.0,,0.0,0.0,0.0,0.0,0.0
87,SKU_691,16,59.0,0,2026-08-25 11:24:30.880519,2026-09-05 08:51:32.468019,,0.0,"Manufactured from premium-grade steel, these pipes and tubes are engineered for high-pressure applications, structural frameworks, and demanding industrial environments. Offering exceptional tensile strength and superior resistance to corrosion, wear, and mechanical impact, they ensure long-lasting durability and peak performance across diverse operating conditions. Suitable for oil & gas, construction, structural support, and fluid transport applications.","steel pipe,seamless tube",/uploads/products/1787657070646-419524917.jpg,10.0,19.0,18.0,19.0,19.0,89.0,98.0,179.0,188.9,2.0,2,,2.0,1.0,"[{""type"": ""RoHS"", ""identification"": """"}]","[{""language"": ""hi"", ""content_type"": ""manual"", ""source_location"": """"}]",19,,3,0.0,0.0,,10.0,7.0,7.0,7.0,7.0,7.0,7.0,9505.0,950500,9505.0,950500,8554.0,855400.0,,0.0,30.0,3000.0,20.0,2000.0
88,SKU_251,14,60.0,0,2026-08-25 11:46:10.261262,2026-09-11 13:00:04,,0.0,"Manufactured from premium-grade steel, these pipes and tubes are engineered for high-pressure applications, structural frameworks, and demanding industrial environments. Offering exceptional tensile strength and superior resistance to corrosion, wear, and mechanical impact, they ensure long-lasting durability and peak performance across diverse operating conditions. Suitable for oil & gas, construction, structural support, and fluid transport applications.","steel pipe,seamless tube",/uploads/products/1787658369995-395080127.jpg,10.0,19.0,18.0,19.0,19.0,89.0,98.0,179.0,188.9,2.0,2,,2.0,1.0,"[{""type"": ""RoHS"", ""identification"": """"}]","[{""language"": ""hi"", ""content_type"": ""manual"", ""source_location"": """"}]",19,,3,0.0,0.0,,10.0,7.0,7.0,7.0,7.0,7.0,7.0,2835.0,283500,2835.0,283500,2551.0,255100.0,,0.0,30.0,3000.0,20.0,2000.0
89,SKU_360,13,61.0,0,2026-08-25 11:47:47.996634,2026-09-11 13:00:00,,0.0,"Manufactured from premium-grade steel, these pipes and tubes are engineered for high-pressure applications, structural frameworks, and demanding industrial environments. Offering exceptional tensile strength and superior resistance to corrosion, wear, and mechanical impact, they ensure long-lasting durability and peak performance across diverse operating conditions. Suitable for oil & gas, construction, structural support, and fluid transport applications.","steel pipe,seamless tube",/uploads/products/1787658467755-561708799.jpg,10.0,19.0,18.0,19.0,19.0,89.0,98.0,179.0,188.9,2.0,2,,2.0,1.0,"[{""type"": ""RoHS"", ""identification"": """"}]","[{""language"": ""hi"", ""content_type"": ""manual"", ""source_location"": """"}]",19,,3,0.0,0.0,,10.0,7.0,7.0,7.0,7.0,7.0,7.0,756.0,75600,756.0,75600,680.0,68000.0,,0.0,30.0,3000.0,20.0,2000.0
90,SKU_677,195,62.0,0,2026-08-25 12:05:38.896548,2026-09-13 09:00:00,,0.0,"Manufactured from premium-grade steel, these pipes and tubes are engineered for high-pressure applications, structural frameworks, and demanding industrial environments. Offering exceptional tensile strength and superior resistance to corrosion, wear, and mechanical impact, they ensure long-lasting durability and peak performance across diverse operating conditions. Suitable for oil & gas, construction, structural support, and fluid transport applications.","steel pipe,seamless tube",/uploads/products/1787659538640-912736515.jpg,10.0,19.0,18.0,19.0,19.0,89.0,98.0,179.0,189.0,2.0,2,,2.0,1.0,"[{""type"": ""RoHS"", ""identification"": """"}]","[{""language"": ""hi"", ""content_type"": ""manual"", ""source_location"": """"}]",19,,3,0.0,0.0,,10.0,7.0,7.0,7.0,7.0,7.0,7.0,1.0,100,245.0,24500,220.0,22000.0,,0.0,5.0,500.0,0.1,10.0
91,SKU_602,19,63.0,0,2026-08-26 07:04:33.856891,2026-09-05 08:51:32.468019,,0.0,"Manufactured from premium-grade steel, these pipes and tubes are engineered for high-pressure applications, structural frameworks, and demanding industrial environments. Offering exceptional tensile strength and superior resistance to corrosion, wear, and mechanical impact, they ensure long-lasting durability and peak performance across diverse operating conditions. Suitable for oil & gas, construction, structural support, and fluid transport applications.","steel pipe,seamless tube",/uploads/products/1787727873550-851225670.jpg,10.0,19.0,18.0,19.0,19.0,89.0,98.0,179.0,188.9,2.0,2,,2.0,1.0,"[{""type"": ""RoHS"", ""identification"": """"}]","[{""language"": ""hi"", ""content_type"": ""manual"", ""source_location"": """"}]",19,,3,0.0,0.0,,10.0,7.0,7.0,7.0,7.0,7.0,7.0,432.0,43200,432.0,43200,388.0,38800.0,,0.0,0.0,0.0,0.0,0.0
92,SKU_913,19,64.0,0,2026-09-01 06:46:43.984217,2026-09-05 08:51:32.468019,,0.0,"Manufactured from premium-grade steel, these pipes and tubes are engineered for high-pressure applications, structural frameworks, and demanding industrial environments. Offering exceptional tensile strength and superior resistance to corrosion, wear, and mechanical impact, they ensure long-lasting durability and peak performance across diverse operating conditions. Suitable for oil & gas, construction, structural support, and fluid transport applications.","steel pipe,seamless tube",/uploads/products/ac9b6da4-6874-4e32-96ff-cc5e70bc197f.jpg,10.0,19.0,18.0,19.0,19.0,89.0,98.0,179.0,188.9,2.0,2,,2.0,1.0,"[{""type"": ""RoHS"", ""identification"": """"}]","[{""language"": ""hi"", ""content_type"": ""manual"", ""source_location"": """"}]",19,,3,0.0,0.0,,10.0,7.0,7.0,7.0,7.0,7.0,7.0,2126.0,212600,2126.0,212600,1913.0,191300.0,,0.0,0.0,0.0,0.0,0.0
93,SKU_315,19,65.0,0,2026-09-01 08:51:11.093037,2026-09-05 08:51:32.468019,,0.0,"Manufactured from premium-grade steel, these pipes and tubes are engineered for high-pressure applications, structural frameworks, and demanding industrial environments. Offering exceptional tensile strength and superior resistance to corrosion, wear, and mechanical impact, they ensure long-lasting durability and peak performance across diverse operating conditions. Suitable for oil & gas, construction, structural support, and fluid transport applications.","steel pipe,seamless tube",/uploads/products/d1065418-455a-4eef-bc46-35fb54a4c371.jpg,10.0,19.0,18.0,19.0,19.0,89.0,98.0,179.0,188.9,2.0,2,,2.0,1.0,"[{""type"": ""RoHS"", ""identification"": """"}]","[{""language"": ""hi"", ""content_type"": ""manual"", ""source_location"": """"}]",19,,3,0.0,0.0,,10.0,7.0,7.0,7.0,7.0,7.0,7.0,277.0,27700,277.0,27700,249.0,24900.0,,0.0,0.0,0.0,0.0,0.0
94,SKU_448,19,66.0,0,2026-09-01 09:02:11.491147,2026-09-05 08:51:32.468019,,0.0,"Manufactured from premium-grade steel, these pipes and tubes are engineered for high-pressure applications, structural frameworks, and demanding industrial environments. Offering exceptional tensile strength and superior resistance to corrosion, wear, and mechanical impact, they ensure long-lasting durability and peak performance across diverse operating conditions. Suitable for oil & gas, construction, structural support, and fluid transport applications.","steel pipe,seamless tube",/uploads/products/59214a2c-2fe2-416a-a456-8e256aa99268.jpg,10.0,19.0,18.0,19.0,19.0,89.0,98.0,179.0,188.9,2.0,2,,2.0,1.0,"[{""type"": ""RoHS"", ""identification"": """"}]","[{""language"": ""hi"", ""content_type"": ""manual"", ""source_location"": """"}]",19,,3,0.0,0.0,,10.0,7.0,7.0,7.0,7.0,7.0,7.0,726.0,72600,726.0,72600,653.0,65300.0,,0.0,0.0,0.0,0.0,0.0
95,SKU_218,19,67.0,0,2026-09-01 09:06:25.262449,2026-09-05 08:51:32.468019,,0.0,"Manufactured from premium-grade steel, these pipes and tubes are engineered for high-pressure applications, structural frameworks, and demanding industrial environments. Offering exceptional tensile strength and superior resistance to corrosion, wear, and mechanical impact, they ensure long-lasting durability and peak performance across diverse operating conditions. Suitable for oil & gas, construction, structural support, and fluid transport applications.","steel pipe,seamless tube",/uploads/products/592597ba-8b43-4473-9bd2-db5eccbb97e1.jpg,10.0,19.0,18.0,19.0,19.0,89.0,98.0,179.0,188.9,2.0,2,,2.0,1.0,"[{""type"": ""RoHS"", ""identification"": """"}]","[{""language"": ""hi"", ""content_type"": ""manual"", ""source_location"": """"}]",19,,3,0.0,0.0,,10.0,7.0,7.0,7.0,7.0,7.0,7.0,700.0,70000,700.0,70000,630.0,63000.0,,0.0,0.0,0.0,0.0,0.0
96,SKU_210,19,70.0,0,2026-09-02 07:00:01.140726,2026-09-05 08:51:32.468019,,0.0,"Manufactured from premium-grade steel, these pipes and tubes are engineered for high-pressure applications, structural frameworks, and demanding industrial environments. Offering exceptional tensile strength and superior resistance to corrosion, wear, and mechanical impact, they ensure long-lasting durability and peak performance across diverse operating conditions. Suitable for oil & gas, construction, structural support, and fluid transport applications.","steel pipe,seamless tube",/uploads/products/d52921b7-3f44-483b-bc28-489b8c91b19e.jpg,10.0,19.0,18.0,19.0,19.0,89.0,98.0,179.0,188.9,2.0,2,,2.0,1.0,"[{""type"": ""RoHS"", ""identification"": """"}]","[{""language"": ""hi"", ""content_type"": ""manual"", ""source_location"": """"}]",19,,3,0.0,0.0,,10.0,7.0,7.0,7.0,7.0,7.0,7.0,851.0,85100,851.0,85100,765.0,76500.0,,0.0,0.0,0.0,0.0,0.0
97,SKU_141,19,72.0,0,2026-09-02 07:04:50.517902,2026-09-05 08:51:32.468019,,0.0,"Manufactured from premium-grade steel, these pipes and tubes are engineered for high-pressure applications, structural frameworks, and demanding industrial environments. Offering exceptional tensile strength and superior resistance to corrosion, wear, and mechanical impact, they ensure long-lasting durability and peak performance across diverse operating conditions. Suitable for oil & gas, construction, structural support, and fluid transport applications.","steel pipe,seamless tube",/uploads/products/f1e5372e-25cc-4424-b8e2-1cdf4587d4ba.jpg,10.0,19.0,18.0,19.0,19.0,89.0,98.0,179.0,188.9,2.0,2,,2.0,1.0,"[{""type"": ""RoHS"", ""identification"": """"}]","[{""language"": ""hi"", ""content_type"": ""manual"", ""source_location"": """"}]",19,,3,0.0,0.0,,10.0,7.0,7.0,7.0,7.0,7.0,7.0,2405.0,240500,2405.0,240500,2164.0,216400.0,,0.0,0.0,0.0,0.0,0.0
98,SKU_431,19,74.0,0,2026-09-02 07:10:52.904090,2026-09-05 08:51:32.468019,,0.0,"Manufactured from premium-grade steel, these pipes and tubes are engineered for high-pressure applications, structural frameworks, and demanding industrial environments. Offering exceptional tensile strength and superior resistance to corrosion, wear, and mechanical impact, they ensure long-lasting durability and peak performance across diverse operating conditions. Suitable for oil & gas, construction, structural support, and fluid transport applications.",,/uploads/products/242e48d1-a706-43a9-a586-654dc737543a.jpg,10.0,19.0,18.0,19.0,19.0,89.0,98.0,179.0,188.9,2.0,2,,2.0,1.0,"[{""type"": ""RoHS"", ""identification"": """"}]","[{""language"": ""hi"", ""content_type"": ""manual"", ""source_location"": """"}]",19,,3,0.0,0.0,,10.0,7.0,7.0,7.0,7.0,7.0,7.0,337.0,33700,337.0,33700,303.0,30300.0,,0.0,0.0,0.0,0.0,0.0
99,SKU_490,19,76.0,0,2026-09-02 08:46:11.131064,2026-09-05 08:51:32.468019,,0.0,"Manufactured from premium-grade steel, these pipes and tubes are engineered for high-pressure applications, structural frameworks, and demanding industrial environments. Offering exceptional tensile strength and superior resistance to corrosion, wear, and mechanical impact, they ensure long-lasting durability and peak performance across diverse operating conditions. Suitable for oil & gas, construction, structural support, and fluid transport applications.",,/uploads/products/0b1b2f76-cc65-4307-9fa4-e8c781182fd3.jpg,10.0,19.0,18.0,19.0,19.0,89.0,98.0,179.0,188.9,2.0,2,,2.0,1.0,"[{""type"": ""RoHS"", ""identification"": """"}]","[{""language"": ""hi"", ""content_type"": ""manual"", ""source_location"": """"}]",19,,3,0.0,0.0,,10.0,7.0,7.0,7.0,7.0,7.0,7.0,1135.0,113500,1135.0,113500,1021.0,102100.0,,0.0,0.0,0.0,0.0,0.0
100,SKU_693,19,78.0,0,2026-09-02 08:51:27.744547,2026-09-05 08:51:32.468019,,0.0,"Manufactured from premium-grade steel, these pipes and tubes are engineered for high-pressure applications, structural frameworks, and demanding industrial environments. Offering exceptional tensile strength and superior resistance to corrosion, wear, and mechanical impact, they ensure long-lasting durability and peak performance across diverse operating conditions. Suitable for oil & gas, construction, structural support, and fluid transport applications.",,/uploads/products/a5919e27-7f3d-4294-9756-31865e56c449.jpg,10.0,19.0,18.0,19.0,19.0,89.0,98.0,179.0,188.9,2.0,2,,2.0,1.0,"[{""type"": ""RoHS"", ""identification"": """"}]","[{""language"": ""hi"", ""content_type"": ""manual"", ""source_location"": """"}]",19,,3,0.0,0.0,,10.0,7.0,7.0,7.0,7.0,7.0,7.0,849.0,84900,849.0,84900,764.0,76400.0,,0.0,0.0,0.0,0.0,0.0
101,SKU_567,19,79.0,0,2026-09-02 08:52:31.079715,2026-09-05 08:51:32.468019,,0.0,"Manufactured from premium-grade steel, these pipes and tubes are engineered for high-pressure applications, structural frameworks, and demanding industrial environments. Offering exceptional tensile strength and superior resistance to corrosion, wear, and mechanical impact, they ensure long-lasting durability and peak performance across diverse operating conditions. Suitable for oil & gas, construction, structural support, and fluid transport applications.",,/uploads/products/5fbbf7f9-7ae8-419b-95cd-fec90654a59a.jpg,10.0,19.0,18.0,19.0,19.0,89.0,98.0,179.0,188.9,2.0,2,,2.0,1.0,"[{""type"": ""RoHS"", ""identification"": """"}]","[{""language"": ""hi"", ""content_type"": ""manual"", ""source_location"": """"}]",19,,3,0.0,0.0,,10.0,7.0,7.0,7.0,7.0,7.0,7.0,702.0,70200,702.0,70200,631.0,63100.0,,0.0,0.0,0.0,0.0,0.0
102,SKU_530,19,80.0,0,2026-09-02 08:53:32.018472,2026-09-05 08:51:32.468019,,0.0,"Manufactured from premium-grade steel, these pipes and tubes are engineered for high-pressure applications, structural frameworks, and demanding industrial environments. Offering exceptional tensile strength and superior resistance to corrosion, wear, and mechanical impact, they ensure long-lasting durability and peak performance across diverse operating conditions. Suitable for oil & gas, construction, structural support, and fluid transport applications.",,/uploads/products/700a7b34-5596-4178-9e7a-6ff3af5be4c5.jpg,10.0,19.0,18.0,19.0,19.0,89.0,98.0,179.0,188.9,2.0,2,,2.0,1.0,"[{""type"": ""RoHS"", ""identification"": """"}]","[{""language"": ""hi"", ""content_type"": ""manual"", ""source_location"": """"}]",19,,3,0.0,0.0,,10.0,7.0,7.0,7.0,7.0,7.0,7.0,406.0,40600,406.0,40600,365.0,36500.0,,0.0,0.0,0.0,0.0,0.0
103,SKU_535,19,81.0,0,2026-09-02 08:54:21.593461,2026-09-05 08:51:32.468019,,0.0,"Manufactured from premium-grade steel, these pipes and tubes are engineered for high-pressure applications, structural frameworks, and demanding industrial environments. Offering exceptional tensile strength and superior resistance to corrosion, wear, and mechanical impact, they ensure long-lasting durability and peak performance across diverse operating conditions. Suitable for oil & gas, construction, structural support, and fluid transport applications.",,/uploads/products/3249b8df-2ac6-4db6-8e0c-5241a5391ec6.jpg,10.0,19.0,18.0,19.0,19.0,89.0,98.0,179.0,188.9,2.0,2,,2.0,1.0,"[{""type"": ""RoHS"", ""identification"": """"}]","[{""language"": ""hi"", ""content_type"": ""manual"", ""source_location"": """"}]",19,,3,0.0,0.0,,10.0,7.0,7.0,7.0,7.0,7.0,7.0,769.0,76900,769.0,76900,692.0,69200.0,,0.0,0.0,0.0,0.0,0.0
104,V0-HIGH-FLOWS-SILVER-SS-304-S-10-INCH-100-MM-01,801,82.0,0,2026-09-04 04:08:40.516438,2026-09-11 11:00:00,,0.0,"Compact 10-inch Silver Stainless Steel (SS 304) Industrial Filter Housing with 100mm entry width, designed for standard flow liquid filtration.",,/uploads/variants/f9693a6d-2428-4afc-9896-777932b90af9.webp,2.0,,,,20.0,15.0,30.0,4.0,5.0,,2,,,,[],[],630,,4,0.0,0.0,,,,,,7.0,7.0,7.0,18500.0,1850000,18500.0,1850000,,0.0,,0.0,500.0,50000.0,1000.0,100000.0
105,V0-HIGH-FLOWS-METALLIC-POLYPROP-40-INCH-200-MM-16,398,82.0,0,2026-09-04 04:08:40.601187,2026-09-09 10:27:35,,0.0,"High-capacity 40-inch Metallic Grey Polypropylene Industrial Filter Housing with 200mm entry width, designed for heavy-duty chemical and water filtration.",,/uploads/variants/f7043608-7209-45ba-8c97-b2f5d7c11504.webp,2.0,,,,30.0,25.0,110.0,4.0,10.0,,2,,,,[],[],630,,4,0.0,0.0,,,,,,7.0,7.0,7.0,28500.0,28500,28500.0,2850000,,0.0,,0.0,250.0,25000.0,250.0,25000.0
106,V0-HYDRAULICG-150W-POWDER-C-LED-WARM-BRO-ALUMINIU-ALUMINIU-250W-300MM-200W-01,68,83.0,0,2026-09-05 06:13:02.671809,2026-09-15 11:30:46,,0.0,"Industrial LED High Bay Light with 100W power, 200 mm size, Aluminium 6063 construction, powder-coated finish, and cool white illumination, suitable for warehouses, factories, workshops, and other industrial areas.",,/uploads/variants/813e99b5-8ae4-49cd-8a5f-0a79a0d18d2c.webp,2.0,250.0,250.0,,300.0,300.0,140.0,3.0,3.5,2.0,2,,,2.0,"[{""type"": ""quality"", ""identification"": """"}]","[{""language"": ""en"", ""content_type"": ""manual"", ""source_location"": ""/uploads/compliance-media/35dd5b94-4433-4304-b5e6-7a6679796e78.png""}]",100,,4,0.0,0.0,,,6.0,6.0,,6.0,6.0,6.0,4149.0,414900,4149.0,414900,,0.0,,0.0,25.0,10000.0,100.0,15000.0
107,SBFV-25-SS3041,250,84.0,0,2026-09-09 04:29:50.679671,2026-09-10 06:14:53,,0.0,Sanitary stainless steel butterfly valve designed for hygienic process lines. This product is supplied in multiple size variants.,,/uploads/products/1788928190565-540800492.jpg,,,,,18.0,10.0,10.0,,1.2,,2,,,,[],[],25,,4,,,,,,,,7.0,7.0,7.0,,240000,,240000,,,,,,,,
108,SBFV-40-SS3041,2,84.0,0,2026-09-09 04:29:50.732361,2026-09-10 06:14:51,,0.0,Sanitary stainless steel butterfly valve designed for hygienic process lines. This product is supplied in multiple size variants.,,/uploads/products/1788928190567-89392055.jpg,,,,,20.0,12.0,12.0,,1.7,,2,,,,[],[],25,,4,,,,,,,,7.0,7.0,7.0,,290000,,240000,,,,,,,,
109,ELBOW90-1-SS3014,60,85.0,0,2026-09-09 04:29:50.850971,2026-09-09 04:29:50.850971,,0.0,Sanitary 90 degree stainless steel pipe elbow for hygienic piping systems. Available in multiple connection size variants.,,/uploads/products/1788928190767-320194213.jpg,,,,,10.0,7.0,7.0,,0.35,,2,,,,[],[],60,,4,,,,,,,,7.0,7.0,7.0,,85000,,85000,,,,,,,,
110,ELBOW90-15-SS3104,45,85.0,0,2026-09-09 04:29:50.882100,2026-09-09 04:29:50.882100,,0.0,Sanitary 90 degree stainless steel pipe elbow for hygienic piping systems. Available in multiple connection size variants.,,/uploads/products/1788928190768-401297188.jpg,,,,,12.0,8.0,8.0,,0.5,,2,,,,[],[],60,,4,,,,,,,,7.0,7.0,7.0,,110000,,85000,,,,,,,,
111,JSL-SS304-2IN-01,47,86.0,0,2026-09-09 09:28:55.476238,2026-09-12 14:00:04,,0.0,"Premium Grade 304 seamless stainless steel pipe designed for high-pressure industrial fluid transport, chemical processing, and structural applications. Offers exceptional corrosion resistance and durability.",,/uploads/products/a1f1af7a-c04d-4271-af3e-05f366908ce6.jpg,2.0,100.0,5.0,5.0,105.0,8.0,8.0,5.0,6.0,2.0,2,,1.0,1.0,"[{""type"": ""CDPR"", ""identification"": """"}]",[],50,2026-09-09,3,0.0,0.0,2026-10-01,1.0,7.0,7.0,7.0,7.0,7.0,7.0,,2800000,,2800000,,2200000.0,,2800000.0,,5000.0,,3000.0
112,TST-BTL-750-BLU,99,77.0,0,2026-09-10 08:43:21.462379,2026-09-15 05:23:03,,0.0,"Manufactured from premium-grade steel, these pipes and tubes are engineered for high-pressure applications, structural frameworks, and demanding industrial environments. Offering exceptional tensile strength and superior resistance to corrosion, wear, and mechanical impact, they ensure long-lasting durability and peak performance across diverse operating conditions. Suitable for oil & gas, construction, structural support, and fluid transport applications.",,/uploads/products/d31bf63b-afa9-4da7-9a54-8b2505f54cce.jpg,2.0,,,,10.0,10.0,10.0,,0.55,,2,,1.0,1.0,"[{""type"": ""FDA"", ""identification"": """"}]",[],100,,3,0.0,0.0,2026-09-10,1.0,,,,7.0,7.0,7.0,,20000,,20000,,20000.0,,20000.0,,7000.0,,3000.0
