shipment_item_id,quantity,item_weight,created_on,updated_on,shipment_id,order_item_id
1,1,50.0,2026-08-04 07:10:21.030458,2026-08-04 07:10:21.030458,1,1
2,1,50.0,2026-08-04 07:15:44.190395,2026-08-04 07:15:44.190395,2,1
3,1,50.0,2026-08-04 07:35:22.448229,2026-08-04 07:35:22.448229,3,1
4,1,50.0,2026-08-04 07:48:38.231607,2026-08-04 07:48:38.231607,4,2
5,1,50.0,2026-08-04 07:50:47.876494,2026-08-04 07:50:47.876494,5,2
6,1,50.0,2026-08-04 08:16:24.158020,2026-08-04 08:16:24.158020,6,3
7,1,50.0,2026-08-04 08:20:55.589415,2026-08-04 08:20:55.589415,7,3
8,1,50.0,2026-08-04 08:31:01.444925,2026-08-04 08:31:01.444925,8,3
9,1,50.0,2026-08-04 08:38:57.275520,2026-08-04 08:38:57.275520,9,4
10,1,50.0,2026-08-04 08:40:36.571608,2026-08-04 08:40:36.571608,10,4
11,1,50.0,2026-08-04 08:42:23.693895,2026-08-04 08:42:23.693895,11,4
12,1,50.0,2026-08-04 08:58:19.177832,2026-08-04 08:58:19.177832,12,2
13,1,50.0,2026-08-04 09:10:50.324468,2026-08-04 09:10:50.324468,13,5
14,1,50.0,2026-08-04 09:12:04.658217,2026-08-04 09:12:04.658217,14,5
15,1,50.0,2026-08-04 09:39:12.863523,2026-08-04 09:39:12.863523,15,6
16,1,50.0,2026-08-04 09:40:38.547309,2026-08-04 09:40:38.547309,16,6
17,1,50.0,2026-08-04 09:41:59.390173,2026-08-04 09:41:59.390173,17,6
18,3,50.0,2026-08-04 09:55:02.417793,2026-08-04 09:55:02.417793,18,7
19,3,50.0,2026-08-04 09:56:52.560504,2026-08-04 09:56:52.560504,19,7
20,3,50.0,2026-08-04 10:13:23.327110,2026-08-04 10:13:23.327110,20,7
21,1,50.0,2026-08-04 10:26:33.392345,2026-08-04 10:26:33.392345,21,8
22,1,50.0,2026-08-04 10:27:41.551549,2026-08-04 10:27:41.551549,22,8
23,1,50.0,2026-08-04 10:29:28.701874,2026-08-04 10:29:28.701874,23,8
24,1,199.0,2026-08-04 10:48:25.317440,2026-08-04 10:48:25.317440,24,9
25,1,199.0,2026-08-04 10:50:22.000547,2026-08-04 10:50:22.000547,25,9
26,1,199.0,2026-08-04 10:54:59.357763,2026-08-04 10:54:59.357763,26,9
27,1,50.0,2026-08-04 11:22:22.067927,2026-08-04 11:22:22.067927,27,11
28,1,50.0,2026-08-04 11:24:49.217252,2026-08-04 11:24:49.217252,28,11
29,1,50.0,2026-08-04 11:27:00.873589,2026-08-04 11:27:00.873589,29,11
30,1,50.0,2026-08-04 11:50:02.622824,2026-08-04 11:50:02.622824,30,12
31,1,50.0,2026-08-04 11:51:11.637558,2026-08-04 11:51:11.637558,31,12
32,1,50.0,2026-08-04 11:55:43.579815,2026-08-04 11:55:43.579815,32,12
33,1,50.0,2026-08-04 12:18:56.191826,2026-08-04 12:18:56.191826,33,13
34,1,50.0,2026-08-04 12:20:29.217390,2026-08-04 12:20:29.217390,34,13
35,1,50.0,2026-08-04 12:21:58.144031,2026-08-04 12:21:58.144031,35,13
36,1,50.0,2026-08-04 12:26:10.021876,2026-08-04 12:26:10.021876,36,14
37,1,50.0,2026-08-05 07:39:03.059616,2026-08-05 07:39:03.059616,37,14
38,1,199.0,2026-08-05 08:54:34.902211,2026-08-05 08:54:34.902211,38,15
39,1,199.0,2026-08-05 08:55:52.364445,2026-08-05 08:55:52.364445,39,15
40,1,199.0,2026-08-05 09:10:08.210270,2026-08-05 09:10:08.210270,40,15
41,1,50.0,2026-08-05 11:38:27.387385,2026-08-05 11:38:27.387385,41,16
42,1,50.0,2026-08-05 11:40:54.285139,2026-08-05 11:40:54.285139,42,16
43,1,50.0,2026-08-05 12:29:53.044512,2026-08-05 12:29:53.044512,43,17
44,1,50.0,2026-08-05 12:34:25.235237,2026-08-05 12:34:25.235237,44,17
45,1,199.0,2026-08-06 07:49:48.743086,2026-08-06 07:49:48.743086,45,20
46,1,199.0,2026-08-06 07:53:45.494085,2026-08-06 07:53:45.494085,46,20
47,1,50.0,2026-08-06 08:14:52.695043,2026-08-06 08:14:52.695043,47,19
48,1,50.0,2026-08-06 08:15:47.486433,2026-08-06 08:15:47.486433,48,19
49,1,199.0,2026-08-06 08:24:26.840957,2026-08-06 08:24:26.840957,49,21
50,1,199.0,2026-08-06 08:28:08.136115,2026-08-06 08:28:08.136115,50,21
51,1,50.0,2026-08-06 16:24:09.529658,2026-08-06 16:24:09.529658,51,22
52,1,50.0,2026-08-06 16:26:35.506225,2026-08-06 16:26:35.506225,52,22
53,1,50.0,2026-08-06 16:29:18.143856,2026-08-06 16:29:18.143856,53,22
54,1,50.0,2026-08-07 04:33:48.016132,2026-08-07 04:33:48.016132,54,17
55,1,50.0,2026-08-07 04:34:00.810140,2026-08-07 04:34:00.810140,55,25
56,1,50.0,2026-08-07 04:36:00.402077,2026-08-07 04:36:00.402077,56,16
57,1,50.0,2026-08-07 04:39:55.303790,2026-08-07 04:39:55.303790,57,26
58,1,50.0,2026-08-07 04:47:23.397959,2026-08-07 04:47:23.397959,58,25
59,1,199.0,2026-08-07 04:52:02.563156,2026-08-07 04:52:02.563156,59,27
60,1,199.0,2026-08-07 04:53:12.488502,2026-08-07 04:53:12.488502,60,27
61,1,199.0,2026-08-07 04:54:33.612998,2026-08-07 04:54:33.612998,61,27
62,1,199.0,2026-08-07 05:09:54.948897,2026-08-07 05:09:54.948897,62,29
63,1,199.0,2026-08-07 05:12:23.649822,2026-08-07 05:12:23.649822,63,29
64,1,50.0,2026-08-07 05:28:45.918057,2026-08-07 05:28:45.918057,64,30
65,1,50.0,2026-08-07 05:30:51.665470,2026-08-07 05:30:51.665470,65,30
66,1,50.0,2026-08-07 05:35:57.214538,2026-08-07 05:35:57.214538,66,30
67,1,199.0,2026-08-07 05:50:13.839486,2026-08-07 05:50:13.839486,67,28
68,1,199.0,2026-08-07 05:51:36.783016,2026-08-07 05:51:36.783016,68,28
69,1,50.0,2026-08-07 05:59:33.738509,2026-08-07 05:59:33.738509,69,31
70,1,50.0,2026-08-07 06:00:44.352443,2026-08-07 06:00:44.352443,70,31
71,1,50.0,2026-08-07 06:09:10.231545,2026-08-07 06:09:10.231545,71,31
72,1,50.0,2026-08-07 06:11:12.249179,2026-08-07 06:11:12.249179,72,32
73,1,199.0,2026-08-07 08:44:09.505128,2026-08-07 08:44:09.505128,73,33
74,1,199.0,2026-08-07 08:45:19.395993,2026-08-07 08:45:19.395993,74,33
75,1,199.0,2026-08-07 08:46:17.566921,2026-08-07 08:46:17.566921,75,33
76,1,199.0,2026-08-07 08:46:42.263174,2026-08-07 08:46:42.263174,76,34
77,1,199.0,2026-08-07 08:49:50.492033,2026-08-07 08:49:50.492033,77,34
78,1,50.0,2026-08-07 08:53:17.936676,2026-08-07 08:53:17.936676,78,35
79,1,50.0,2026-08-07 08:54:41.367791,2026-08-07 08:54:41.367791,79,35
80,1,50.0,2026-08-07 09:02:02.341728,2026-08-07 09:02:02.341728,80,35
81,1,50.0,2026-08-07 09:02:48.389993,2026-08-07 09:02:48.389993,81,36
82,1,50.0,2026-08-07 09:03:49.833568,2026-08-07 09:03:49.833568,82,36
83,1,199.0,2026-08-07 10:58:32.162183,2026-08-07 10:58:32.162183,83,37
84,1,199.0,2026-08-07 11:02:44.106379,2026-08-07 11:02:44.106379,84,38
85,1,199.0,2026-08-07 11:05:04.680121,2026-08-07 11:05:04.680121,85,38
86,1,199.0,2026-08-08 04:04:32.441419,2026-08-08 04:04:32.441419,86,41
87,1,199.0,2026-08-08 04:06:09.930643,2026-08-08 04:06:09.930643,87,41
88,1,199.0,2026-08-08 04:08:07.507840,2026-08-08 04:08:07.507840,88,41
89,1,199.0,2026-08-08 04:09:04.566041,2026-08-08 04:09:04.566041,89,42
90,1,199.0,2026-08-08 04:10:45.498874,2026-08-08 04:10:45.498874,90,42
91,1,199.0,2026-08-08 04:10:45.595088,2026-08-08 04:10:45.595088,91,42
92,1,199.0,2026-08-08 04:12:38.079099,2026-08-08 04:12:38.079099,92,43
93,1,199.0,2026-08-08 04:14:36.680134,2026-08-08 04:14:36.680134,93,43
94,1,199.0,2026-08-08 04:15:42.350650,2026-08-08 04:15:42.350650,94,43
95,1,199.0,2026-08-08 04:16:31.308567,2026-08-08 04:16:31.308567,95,44
96,1,199.0,2026-08-08 04:17:32.045790,2026-08-08 04:17:32.045790,96,44
97,1,199.0,2026-08-08 04:17:32.207174,2026-08-08 04:17:32.207174,97,44
98,1,199.0,2026-08-08 05:34:26.199921,2026-08-08 05:34:26.199921,98,45
99,1,199.0,2026-08-08 05:35:25.847795,2026-08-08 05:35:25.847795,99,45
100,1,50.0,2026-08-08 07:22:03.349514,2026-08-08 07:22:03.349514,100,46
101,1,50.0,2026-08-08 07:24:26.341943,2026-08-08 07:24:26.341943,101,47
102,1,30.0,2026-08-08 07:24:59.498505,2026-08-08 07:24:59.498505,102,48
103,1,30.0,2026-08-08 08:00:36.584592,2026-08-08 08:00:36.584592,103,48
104,1,50.0,2026-08-08 08:00:36.594854,2026-08-08 08:00:36.594854,103,47
105,1,50.0,2026-08-08 08:00:36.600216,2026-08-08 08:00:36.600216,103,46
106,1,30.0,2026-08-08 09:15:56.837943,2026-08-08 09:15:56.837943,104,51
107,1,30.0,2026-08-08 09:17:34.166078,2026-08-08 09:17:34.166078,105,51
108,1,50.0,2026-08-08 09:44:19.580035,2026-08-08 09:44:19.580035,106,52
109,1,30.0,2026-08-08 10:28:56.560107,2026-08-08 10:28:56.560107,107,53
110,1,30.0,2026-08-08 10:30:23.965195,2026-08-08 10:30:23.965195,108,53
111,1,30.0,2026-08-08 10:32:09.694131,2026-08-08 10:32:09.694131,109,53
112,1,30.0,2026-08-08 10:33:10.546832,2026-08-08 10:33:10.546832,110,54
113,1,30.0,2026-08-08 10:35:43.278166,2026-08-08 10:35:43.278166,111,54
114,1,30.0,2026-08-08 11:02:21.975654,2026-08-08 11:02:21.975654,112,55
115,1,30.0,2026-08-08 11:03:47.060791,2026-08-08 11:03:47.060791,113,55
116,1,199.0,2026-08-08 12:49:34.305451,2026-08-08 12:49:34.305451,114,28
117,1,199.0,2026-08-10 06:16:39.271335,2026-08-10 06:16:39.271335,115,56
118,1,199.0,2026-08-10 06:19:07.103506,2026-08-10 06:19:07.103506,116,56
119,1,199.0,2026-08-10 06:20:18.070312,2026-08-10 06:20:18.070312,117,56
120,1,50.0,2026-08-10 08:34:22.445073,2026-08-10 08:34:22.445073,118,57
121,1,50.0,2026-08-10 08:35:16.368476,2026-08-10 08:35:16.368476,119,57
122,1,30.0,2026-08-10 08:53:38.426045,2026-08-10 08:53:38.426045,120,58
123,1,30.0,2026-08-10 08:54:59.487532,2026-08-10 08:54:59.487532,121,58
124,1,50.0,2026-08-10 09:00:56.813367,2026-08-10 09:00:56.813367,122,59
125,1,50.0,2026-08-10 09:02:00.719935,2026-08-10 09:02:00.719935,123,59
126,1,50.0,2026-08-10 09:07:40.374408,2026-08-10 09:07:40.374408,124,60
127,1,50.0,2026-08-10 09:12:14.797352,2026-08-10 09:12:14.797352,125,61
128,1,50.0,2026-08-10 09:14:01.890900,2026-08-10 09:14:01.890900,126,61
129,1,50.0,2026-08-10 09:48:35.784206,2026-08-10 09:48:35.784206,127,63
130,1,50.0,2026-08-10 10:19:05.113852,2026-08-10 10:19:05.113852,128,64
131,1,50.0,2026-08-10 10:56:59.441709,2026-08-10 10:56:59.441709,129,65
132,1,50.0,2026-08-10 15:34:45.094402,2026-08-10 15:34:45.094402,130,66
133,1,179.0,2026-08-11 04:39:44.257393,2026-08-11 04:39:44.257393,131,67
134,1,179.0,2026-08-11 04:40:45.365155,2026-08-11 04:40:45.365155,132,67
135,1,179.0,2026-08-11 05:00:41.938327,2026-08-11 05:00:41.938327,133,68
136,1,179.0,2026-08-11 05:01:49.271571,2026-08-11 05:01:49.271571,134,68
137,1,179.0,2026-08-11 05:09:37.201646,2026-08-11 05:09:37.201646,135,69
138,1,179.0,2026-08-11 05:10:29.444756,2026-08-11 05:10:29.444756,136,69
139,1,1.0,2026-08-11 14:27:43.188854,2026-08-11 14:27:43.188854,137,71
140,1,1.0,2026-08-11 14:41:36.903561,2026-08-11 14:41:36.903561,138,71
141,1,1.0,2026-08-11 15:00:23.301423,2026-08-11 15:00:23.301423,139,71
142,1,50.0,2026-08-13 09:21:58.347875,2026-08-13 09:21:58.347875,140,74
143,1,50.0,2026-08-13 09:25:38.666494,2026-08-13 09:25:38.666494,141,74
144,1,50.0,2026-08-13 09:29:01.480993,2026-08-13 09:29:01.480993,142,75
145,1,25.0,2026-08-13 10:37:09.345000,2026-08-13 10:37:09.345000,143,76
146,1,25.0,2026-08-13 10:48:54.279408,2026-08-13 10:48:54.279408,144,77
147,1,25.0,2026-08-13 10:50:53.530132,2026-08-13 10:50:53.530132,145,77
148,1,25.0,2026-08-13 10:56:51.383097,2026-08-13 10:56:51.383097,146,78
149,1,25.0,2026-08-13 11:47:35.630530,2026-08-13 11:47:35.630530,147,79
150,1,25.0,2026-08-13 12:25:43.264618,2026-08-13 12:25:43.264618,148,80
151,1,179.0,2026-08-18 04:27:44.847954,2026-08-18 04:27:44.847954,149,97
152,1,179.0,2026-08-18 04:28:57.400013,2026-08-18 04:28:57.400013,150,97
153,1,179.0,2026-08-18 05:30:10.741668,2026-08-18 05:30:10.741668,151,96
154,1,179.0,2026-08-18 05:31:09.560918,2026-08-18 05:31:09.560918,152,96
155,1,50.0,2026-08-19 09:58:28.045156,2026-08-19 09:58:28.045156,153,105
156,1,50.0,2026-08-19 10:01:20.591171,2026-08-19 10:01:20.591171,154,105
157,1,50.0,2026-08-19 10:07:34.389159,2026-08-19 10:07:34.389159,155,105
158,1,179.0,2026-08-20 05:40:54.442507,2026-08-20 05:40:54.442507,156,97
159,1,179.0,2026-08-20 13:12:49.429155,2026-08-20 13:12:49.429155,157,110
160,1,179.0,2026-08-20 13:14:24.757002,2026-08-20 13:14:24.757002,158,110
161,1,179.0,2026-08-20 13:19:59.601406,2026-08-20 13:19:59.601406,159,110
162,1,25.0,2026-08-20 13:30:05.817922,2026-08-20 13:30:05.817922,160,113
163,1,25.0,2026-08-20 13:33:32.231546,2026-08-20 13:33:32.231546,161,114
164,1,25.0,2026-08-20 13:41:38.384050,2026-08-20 13:41:38.384050,162,114
165,1,60.0,2026-08-21 15:26:57.953123,2026-08-21 15:26:57.953123,163,116
166,1,60.0,2026-08-21 15:28:20.433065,2026-08-21 15:28:20.433065,164,116
167,1,60.0,2026-08-21 15:32:47.222423,2026-08-21 15:32:47.222423,165,117
168,1,60.0,2026-08-21 15:33:49.724129,2026-08-21 15:33:49.724129,166,117
169,1,60.0,2026-08-21 15:35:04.257192,2026-08-21 15:35:04.257192,167,116
170,1,60.0,2026-08-22 06:34:53.333032,2026-08-22 06:34:53.333032,168,117
171,1,60.0,2026-08-22 06:35:35.417005,2026-08-22 06:35:35.417005,169,119
172,1,60.0,2026-08-22 06:36:44.592570,2026-08-22 06:36:44.592570,170,119
173,1,60.0,2026-08-22 06:36:44.895247,2026-08-22 06:36:44.895247,171,119
174,1,60.0,2026-08-22 06:44:58.248182,2026-08-22 06:44:58.248182,172,119
175,1,60.0,2026-08-22 06:45:31.256898,2026-08-22 06:45:31.256898,173,120
176,1,60.0,2026-08-22 06:46:56.869987,2026-08-22 06:46:56.869987,174,120
177,1,60.0,2026-08-22 06:46:57.034498,2026-08-22 06:46:57.034498,175,120
178,1,60.0,2026-08-22 06:49:27.606150,2026-08-22 06:49:27.606150,176,120
179,1,60.0,2026-08-22 06:49:47.638253,2026-08-22 06:49:47.638253,177,121
180,1,320.0,2026-08-22 10:06:40.108638,2026-08-22 10:06:40.108638,178,122
181,1,320.0,2026-08-22 10:19:07.039877,2026-08-22 10:19:07.039877,179,122
182,1,25.0,2026-08-22 10:29:47.353749,2026-08-22 10:29:47.353749,180,80
183,1,25.0,2026-08-22 10:29:47.360400,2026-08-22 10:29:47.360400,180,79
184,1,199.0,2026-08-22 10:33:11.348387,2026-08-22 10:33:11.348387,181,37
185,1,179.0,2026-08-25 12:27:16.321219,2026-08-25 12:27:16.321219,182,146
186,1,60.0,2026-08-25 13:24:20.802769,2026-08-25 13:24:20.802769,183,125
187,1,60.0,2026-08-25 13:27:44.680126,2026-08-25 13:27:44.680126,184,125
188,1,60.0,2026-08-25 13:31:09.927408,2026-08-25 13:31:09.927408,185,147
189,1,60.0,2026-08-25 13:32:16.054531,2026-08-25 13:32:16.054531,186,147
190,1,60.0,2026-08-25 13:33:26.188237,2026-08-25 13:33:26.188237,187,147
191,1,60.0,2026-08-25 13:34:17.855852,2026-08-25 13:34:17.855852,188,148
192,1,60.0,2026-08-25 13:37:07.441446,2026-08-25 13:37:07.441446,189,149
193,1,60.0,2026-08-25 13:37:57.553371,2026-08-25 13:37:57.553371,190,149
194,1,60.0,2026-08-26 05:59:43.579433,2026-08-26 05:59:43.579433,191,115
195,1,60.0,2026-08-26 17:14:37.357469,2026-08-26 17:14:37.357469,192,163
196,1,60.0,2026-08-26 17:16:32.005285,2026-08-26 17:16:32.005285,193,163
197,1,60.0,2026-08-26 17:28:42.411926,2026-08-26 17:28:42.411926,194,163
198,1,60.0,2026-08-26 17:57:41.121900,2026-08-26 17:57:41.121900,195,164
199,1,60.0,2026-08-26 18:00:44.179121,2026-08-26 18:00:44.179121,196,164
200,1,60.0,2026-08-26 18:03:34.633733,2026-08-26 18:03:34.633733,197,164
201,1,60.0,2026-08-26 18:14:53.050105,2026-08-26 18:14:53.050105,198,165
202,1,60.0,2026-08-26 18:16:44.017485,2026-08-26 18:16:44.017485,199,165
203,1,60.0,2026-08-26 18:20:06.583187,2026-08-26 18:20:06.583187,200,165
204,1,60.0,2026-08-26 18:29:16.519478,2026-08-26 18:29:16.519478,201,166
205,1,179.0,2026-08-27 07:18:46.885341,2026-08-27 07:18:46.885341,202,160
206,1,179.0,2026-08-27 07:37:10.525787,2026-08-27 07:37:10.525787,203,153
207,1,25.0,2026-08-27 11:13:03.429712,2026-08-27 11:13:03.429712,204,199
208,1,25.0,2026-08-27 11:33:52.600316,2026-08-27 11:33:52.600316,205,199
209,1,179.0,2026-08-29 06:31:03.048114,2026-08-29 06:31:03.048114,206,201
210,1,179.0,2026-08-29 06:32:02.363847,2026-08-29 06:32:02.363847,207,201
211,1,179.0,2026-08-29 07:16:42.656792,2026-08-29 07:16:42.656792,208,204
212,1,179.0,2026-08-29 07:18:32.515010,2026-08-29 07:18:32.515010,209,204
213,1,179.0,2026-08-29 08:08:02.049346,2026-08-29 08:08:02.049346,210,204
214,1,60.0,2026-08-31 08:59:21.603909,2026-08-31 08:59:21.603909,211,205
215,1,60.0,2026-08-31 09:00:18.500902,2026-08-31 09:00:18.500902,212,205
216,1,179.0,2026-09-02 11:18:41.488773,2026-09-02 11:18:41.488773,213,217
217,1,50.0,2026-09-03 05:23:30.998657,2026-09-03 05:23:30.998657,214,238
218,1,50.0,2026-09-03 05:44:50.245097,2026-09-03 05:44:50.245097,215,238
219,1,25.0,2026-09-03 06:00:57.964447,2026-09-03 06:00:57.964447,216,239
220,1,50.0,2026-09-03 06:39:00.500518,2026-09-03 06:39:00.500518,217,244
221,1,50.0,2026-09-03 08:13:46.536318,2026-09-03 08:13:46.536318,218,75
222,1,50.0,2026-09-03 08:13:46.541704,2026-09-03 08:13:46.541704,218,66
223,1,25.0,2026-09-03 08:41:29.421811,2026-09-03 08:41:29.421811,219,247
224,1,25.0,2026-09-03 08:48:40.202441,2026-09-03 08:48:40.202441,220,247
225,1,25.0,2026-09-03 09:10:41.582955,2026-09-03 09:10:41.582955,221,250
226,1,25.0,2026-09-03 09:12:24.022700,2026-09-03 09:12:24.022700,222,250
227,1,50.0,2026-09-03 09:17:03.676489,2026-09-03 09:17:03.676489,223,251
228,1,50.0,2026-09-03 09:18:47.331723,2026-09-03 09:18:47.331723,224,251
229,1,179.0,2026-09-03 10:54:46.029117,2026-09-03 10:54:46.029117,225,254
230,1,179.0,2026-09-03 10:57:36.548866,2026-09-03 10:57:36.548866,226,254
231,1,179.0,2026-09-03 11:05:55.841287,2026-09-03 11:05:55.841287,227,256
232,1,179.0,2026-09-03 11:07:48.847821,2026-09-03 11:07:48.847821,228,256
233,1,179.0,2026-09-03 11:14:37.708394,2026-09-03 11:14:37.708394,229,258
234,1,179.0,2026-09-03 11:15:43.982896,2026-09-03 11:15:43.982896,230,258
235,1,179.0,2026-09-03 12:29:47.472239,2026-09-03 12:29:47.472239,231,261
236,1,179.0,2026-09-03 12:38:57.053595,2026-09-03 12:38:57.053595,232,248
237,1,179.0,2026-09-03 14:00:32.070956,2026-09-03 14:00:32.070956,233,263
238,1,4.0,2026-09-04 04:15:06.894088,2026-09-04 04:15:06.894088,234,264
239,1,4.0,2026-09-04 04:17:21.172167,2026-09-04 04:17:21.172167,235,264
240,1,50.0,2026-09-04 08:35:16.487342,2026-09-04 08:35:16.487342,236,268
241,1,50.0,2026-09-04 08:37:04.840141,2026-09-04 08:37:04.840141,237,268
242,1,50.0,2026-09-04 09:02:11.397768,2026-09-04 09:02:11.397768,238,268
243,1,25.0,2026-09-04 10:27:26.573579,2026-09-04 10:27:26.573579,239,269
244,1,25.0,2026-09-04 10:29:16.741444,2026-09-04 10:29:16.741444,240,269
245,1,50.0,2026-09-04 10:46:15.362104,2026-09-04 10:46:15.362104,241,270
246,1,50.0,2026-09-04 10:48:07.996618,2026-09-04 10:48:07.996618,242,270
247,1,4.0,2026-09-04 10:49:09.836060,2026-09-04 10:49:09.836060,243,271
248,1,4.0,2026-09-04 10:51:54.458344,2026-09-04 10:51:54.458344,244,271
249,1,4.0,2026-09-04 12:17:13.890362,2026-09-04 12:17:13.890362,245,272
250,1,4.0,2026-09-04 12:19:02.386415,2026-09-04 12:19:02.386415,246,272
251,1,3.0,2026-09-05 08:31:43.389099,2026-09-05 08:31:43.389099,247,273
252,1,3.0,2026-09-05 08:34:36.951656,2026-09-05 08:34:36.951656,248,273
253,1,3.0,2026-09-05 09:58:14.129611,2026-09-05 09:58:14.129611,249,273
254,1,3.0,2026-09-05 10:11:51.929283,2026-09-05 10:11:51.929283,250,282
255,1,3.0,2026-09-05 10:41:36.953562,2026-09-05 10:41:36.953562,251,283
256,1,3.0,2026-09-05 10:47:05.091184,2026-09-05 10:47:05.091184,252,283
257,1,3.0,2026-09-05 10:51:29.274093,2026-09-05 10:51:29.274093,253,283
258,1,3.0,2026-09-05 10:54:19.721698,2026-09-05 10:54:19.721698,254,284
259,1,3.0,2026-09-05 11:09:54.202561,2026-09-05 11:09:54.202561,255,284
260,1,3.0,2026-09-05 11:09:54.274515,2026-09-05 11:09:54.274515,256,284
261,1,3.0,2026-09-07 10:22:32.161273,2026-09-07 10:22:32.161273,257,288
262,1,3.0,2026-09-07 10:24:01.037039,2026-09-07 10:24:01.037039,258,288
263,1,3.0,2026-09-07 10:30:30.382904,2026-09-07 10:30:30.382904,259,288
264,1,50.0,2026-09-08 10:37:46.812529,2026-09-08 10:37:46.812529,260,299
265,1,50.0,2026-09-08 11:08:41.230951,2026-09-08 11:08:41.230951,261,299
266,1,3.0,2026-09-08 17:29:17.425948,2026-09-08 17:29:17.425948,265,306
267,1,3.0,2026-09-08 17:31:29.681794,2026-09-08 17:31:29.681794,266,306
268,1,3.0,2026-09-08 17:51:46.830808,2026-09-08 17:51:46.830808,268,308
269,1,3.0,2026-09-08 17:53:10.596675,2026-09-08 17:53:10.596675,269,308
270,1,3.0,2026-09-09 04:39:48.505248,2026-09-09 04:39:48.505248,273,308
271,1,3.0,2026-09-09 04:40:03.351483,2026-09-09 04:40:03.351483,274,306
272,1,3.0,2026-09-09 06:21:56.860084,2026-09-09 06:21:56.860084,275,310
273,1,3.0,2026-09-09 06:23:37.812166,2026-09-09 06:23:37.812166,276,310
274,1,3.0,2026-09-09 06:25:46.001871,2026-09-09 06:25:46.001871,277,310
275,1,3.0,2026-09-09 06:34:34.325613,2026-09-09 06:34:34.325613,278,311
276,1,3.0,2026-09-09 06:38:41.020608,2026-09-09 06:38:41.020608,279,311
277,1,3.0,2026-09-09 06:38:41.156182,2026-09-09 06:38:41.156182,280,311
278,1,3.0,2026-09-09 07:31:23.268216,2026-09-09 07:31:23.268216,281,314
279,1,3.0,2026-09-09 07:32:38.976118,2026-09-09 07:32:38.976118,282,314
280,1,3.0,2026-09-09 07:34:41.179050,2026-09-09 07:34:41.179050,283,314
281,1,50.0,2026-09-09 07:50:34.987677,2026-09-09 07:50:34.987677,284,315
282,1,50.0,2026-09-09 07:52:03.691662,2026-09-09 07:52:03.691662,285,315
283,1,50.0,2026-09-09 08:01:51.388460,2026-09-09 08:01:51.388460,286,315
284,1,50.0,2026-09-09 09:01:24.340867,2026-09-09 09:01:24.340867,287,316
285,1,50.0,2026-09-09 09:02:56.549538,2026-09-09 09:02:56.549538,288,316
286,1,50.0,2026-09-09 09:07:25.044127,2026-09-09 09:07:25.044127,289,316
287,1,50.0,2026-09-09 09:10:00.727498,2026-09-09 09:10:00.727498,290,317
288,1,50.0,2026-09-09 09:11:59.505971,2026-09-09 09:11:59.505971,291,317
289,1,50.0,2026-09-09 09:11:59.602494,2026-09-09 09:11:59.602494,292,317
290,1,5.0,2026-09-09 10:01:10.855321,2026-09-09 10:01:10.855321,293,318
291,1,5.0,2026-09-09 10:10:21.762927,2026-09-09 10:10:21.762927,294,318
292,1,3.0,2026-09-09 10:20:41.430020,2026-09-09 10:20:41.430020,295,319
293,1,3.0,2026-09-09 10:22:01.208094,2026-09-09 10:22:01.208094,296,319
294,1,3.0,2026-09-09 10:23:25.418083,2026-09-09 10:23:25.418083,297,319
295,1,3.0,2026-09-09 10:30:07.180383,2026-09-09 10:30:07.180383,298,282
296,1,3.0,2026-09-09 10:30:07.337221,2026-09-09 10:30:07.337221,299,282
297,1,3.0,2026-09-09 10:56:53.360103,2026-09-09 10:56:53.360103,300,320
298,1,3.0,2026-09-09 10:58:24.522804,2026-09-09 10:58:24.522804,301,320
299,1,3.0,2026-09-09 11:01:25.911804,2026-09-09 11:01:25.911804,302,320
300,1,3.0,2026-09-09 11:20:46.836329,2026-09-09 11:20:46.836329,303,321
301,1,179.0,2026-09-09 11:20:51.380161,2026-09-09 11:20:51.380161,304,322
302,1,179.0,2026-09-09 11:22:41.698579,2026-09-09 11:22:41.698579,305,322
303,1,3.0,2026-09-09 11:22:58.711101,2026-09-09 11:22:58.711101,306,321
304,1,3.0,2026-09-09 11:22:58.840928,2026-09-09 11:22:58.840928,307,321
305,1,3.0,2026-09-09 12:24:23.859698,2026-09-09 12:24:23.859698,308,325
306,1,3.0,2026-09-09 12:25:56.436800,2026-09-09 12:25:56.436800,309,325
307,1,3.0,2026-09-10 05:49:04.055129,2026-09-10 05:49:04.055129,310,333
308,1,3.0,2026-09-10 05:52:40.350382,2026-09-10 05:52:40.350382,311,333
309,1,3.0,2026-09-10 05:55:23.902048,2026-09-10 05:55:23.902048,312,333
310,1,3.0,2026-09-10 05:59:18.098753,2026-09-10 05:59:18.098753,313,334
311,1,3.0,2026-09-10 06:01:03.535662,2026-09-10 06:01:03.535662,314,334
312,1,3.0,2026-09-10 06:01:03.642421,2026-09-10 06:01:03.642421,315,334
313,1,3.0,2026-09-10 06:19:30.227742,2026-09-10 06:19:30.227742,316,335
314,1,3.0,2026-09-10 06:20:53.246901,2026-09-10 06:20:53.246901,317,335
315,1,3.0,2026-09-10 06:22:50.546792,2026-09-10 06:22:50.546792,318,335
316,1,3.0,2026-09-10 06:23:25.091892,2026-09-10 06:23:25.091892,319,336
317,1,3.0,2026-09-10 06:29:49.987965,2026-09-10 06:29:49.987965,320,336
318,1,3.0,2026-09-10 06:29:50.049393,2026-09-10 06:29:50.049393,321,336
319,1,3.0,2026-09-10 09:21:18.757642,2026-09-10 09:21:18.757642,322,339
320,1,3.0,2026-09-10 09:22:34.509389,2026-09-10 09:22:34.509389,323,339
321,1,3.0,2026-09-10 09:23:39.170150,2026-09-10 09:23:39.170150,324,339
322,1,3.0,2026-09-10 09:27:15.853575,2026-09-10 09:27:15.853575,325,341
323,1,3.0,2026-09-10 09:28:28.543075,2026-09-10 09:28:28.543075,326,341
324,1,3.0,2026-09-10 09:29:42.677615,2026-09-10 09:29:42.677615,327,341
325,1,3.0,2026-09-10 09:53:56.328873,2026-09-10 09:53:56.328873,328,340
326,1,3.0,2026-09-10 09:55:11.717357,2026-09-10 09:55:11.717357,329,340
327,1,3.0,2026-09-10 10:17:33.055262,2026-09-10 10:17:33.055262,330,342
328,1,3.0,2026-09-10 10:18:09.464412,2026-09-10 10:18:09.464412,331,342
329,1,3.0,2026-09-10 12:22:48.226146,2026-09-10 12:22:48.226146,332,345
330,1,3.0,2026-09-10 12:24:58.840750,2026-09-10 12:24:58.840750,333,345
331,1,3.0,2026-09-10 12:26:43.108555,2026-09-10 12:26:43.108555,334,345
332,1,3.0,2026-09-11 05:17:02.112243,2026-09-11 05:17:02.112243,335,346
333,1,3.0,2026-09-11 05:19:03.869920,2026-09-11 05:19:03.869920,336,346
334,1,3.0,2026-09-11 05:31:24.913360,2026-09-11 05:31:24.913360,337,346
335,1,3.0,2026-09-11 05:36:07.889344,2026-09-11 05:36:07.889344,338,347
336,1,3.0,2026-09-11 05:37:21.304587,2026-09-11 05:37:21.304587,339,347
337,1,3.0,2026-09-11 05:38:37.948008,2026-09-11 05:38:37.948008,340,347
338,1,3.0,2026-09-11 08:52:04.711028,2026-09-11 08:52:04.711028,341,348
339,1,3.0,2026-09-11 08:53:22.587592,2026-09-11 08:53:22.587592,342,348
340,1,3.0,2026-09-11 09:05:23.581555,2026-09-11 09:05:23.581555,343,348
341,1,3.0,2026-09-11 09:38:54.544626,2026-09-11 09:38:54.544626,344,349
342,1,3.0,2026-09-11 09:40:14.599463,2026-09-11 09:40:14.599463,345,349
343,1,3.0,2026-09-11 09:46:06.478635,2026-09-11 09:46:06.478635,346,349
344,1,3.0,2026-09-11 09:51:35.012907,2026-09-11 09:51:35.012907,347,350
345,1,3.0,2026-09-11 09:53:20.091710,2026-09-11 09:53:20.091710,348,350
346,1,3.0,2026-09-11 09:53:20.189408,2026-09-11 09:53:20.189408,349,350
347,1,3.0,2026-09-11 10:29:01.529140,2026-09-11 10:29:01.529140,350,359
348,1,3.0,2026-09-11 10:37:31.079871,2026-09-11 10:37:31.079871,351,359
349,1,3.0,2026-09-11 11:36:55.234726,2026-09-11 11:36:55.234726,352,359
350,1,3.0,2026-09-11 11:39:42.442100,2026-09-11 11:39:42.442100,353,362
351,1,3.0,2026-09-11 11:40:51.254245,2026-09-11 11:40:51.254245,354,362
352,1,3.0,2026-09-11 11:40:51.328428,2026-09-11 11:40:51.328428,355,362
