id,shipment_id,product_ids,packaging_status,started_at,completed_at,packed_by,created_at,name,description
1,,,,,,,2026-08-03 08:35:23.157250,Box,Cardboard or wooden box packaging
2,,,,,,,2026-08-03 08:35:23.179477,Bag,Plastic or paper bag packaging
3,,,,,,,2026-08-03 08:35:23.210514,Bulk,Bulk packaging without individual wrapping
4,,,,,,,2026-08-03 08:35:23.229361,No Packaging,Items sold without packaging
5,1.0,[3],PACKAGED,2026-08-04 07:12:58,2026-08-04 07:15:37,1.0,2026-08-04 07:12:47.712950,,
6,4.0,[3],PACKAGED,2026-08-04 07:50:22,2026-08-04 07:50:42,1.0,2026-08-04 07:50:11.232423,,
7,6.0,[3],PACKAGED,2026-08-04 08:19:50,2026-08-04 08:20:07,1.0,2026-08-04 08:19:29.991726,,
8,9.0,[3],PACKAGED,2026-08-04 08:40:11,2026-08-04 08:40:28,1.0,2026-08-04 08:40:00.838488,,
9,13.0,[3],PACKAGED,2026-08-04 09:12:20,2026-08-04 09:12:39,1.0,2026-08-04 09:12:04.214577,,
10,15.0,[3],PACKAGED,2026-08-04 09:40:17,2026-08-04 09:40:32,1.0,2026-08-04 09:40:01.012851,,
11,18.0,[3],PACKAGED,2026-08-04 09:56:29,2026-08-04 09:56:47,1.0,2026-08-04 09:56:20.812608,,
12,21.0,[3],PACKAGED,2026-08-04 10:27:19,2026-08-04 10:27:36,1.0,2026-08-04 10:27:09.331101,,
13,24.0,[4],PACKAGED,2026-08-04 10:50:09,2026-08-04 10:50:19,1.0,2026-08-04 10:50:05.930769,,
14,27.0,[3],PACKAGED,2026-08-04 11:23:29,2026-08-04 11:24:23,1.0,2026-08-04 11:23:05.947906,,
15,30.0,[3],PACKAGED,2026-08-04 11:50:44,2026-08-04 11:51:03,1.0,2026-08-04 11:50:36.992099,,
16,33.0,[3],PACKAGED,2026-08-04 12:20:05,2026-08-04 12:20:24,1.0,2026-08-04 12:19:42.304210,,
17,36.0,[3],PACKAGING_PENDING,,,,2026-08-05 07:39:02.421852,,
18,38.0,[4],PACKAGED,2026-08-05 08:55:27,2026-08-05 08:55:41,1.0,2026-08-05 08:55:20.315760,,
19,41.0,[3],PACKAGED,2026-08-05 11:40:24,2026-08-05 11:40:48,1.0,2026-08-05 11:40:08.465353,,
20,43.0,[3],PACKAGED,2026-08-05 12:33:56,2026-08-05 12:34:18,1.0,2026-08-05 12:33:45.188112,,
21,45.0,[4],PACKAGED,2026-08-06 07:53:30,2026-08-06 07:53:41,1.0,2026-08-06 07:53:22.905388,,
22,47.0,[3],PACKAGED,2026-08-06 08:15:26,2026-08-06 08:15:38,1.0,2026-08-06 08:15:21.946470,,
23,49.0,[4],PACKAGED,2026-08-06 08:27:52,2026-08-06 08:28:05,1.0,2026-08-06 08:27:47.546060,,
24,51.0,[3],PACKAGED,2026-08-06 16:25:14,2026-08-06 16:25:35,1.0,2026-08-06 16:24:56.995169,,
25,59.0,[4],PACKAGED,2026-08-07 04:52:49,2026-08-07 04:53:04,1.0,2026-08-07 04:52:43.003492,,
26,62.0,[4],PACKAGED,2026-08-07 05:12:34,2026-08-07 05:12:47,1.0,2026-08-07 05:12:23.196709,,
27,64.0,[3],PACKAGED,2026-08-07 05:30:24,2026-08-07 05:30:43,1.0,2026-08-07 05:30:08.330436,,
28,67.0,[4],PACKAGED,2026-08-07 05:51:13,2026-08-07 05:51:24,1.0,2026-08-07 05:51:03.734729,,
29,69.0,[3],PACKAGED,2026-08-07 06:00:20,2026-08-07 06:00:40,1.0,2026-08-07 06:00:11.139410,,
30,73.0,[4],PACKAGED,2026-08-07 08:44:55,2026-08-07 08:45:09,1.0,2026-08-07 08:44:49.121400,,
31,76.0,[4],PACKAGED,2026-08-07 11:04:40,2026-08-07 11:04:57,1.0,2026-08-07 08:49:50.234764,,
32,78.0,[3],PACKAGED,2026-08-07 08:54:14,2026-08-07 08:54:34,1.0,2026-08-07 08:54:05.187786,,
33,81.0,[3],PACKAGED,2026-08-07 09:03:56,2026-08-07 09:04:17,1.0,2026-08-07 09:03:49.163961,,
34,84.0,[4],PACKAGED,2026-08-07 11:04:24,2026-08-07 11:04:34,1.0,2026-08-07 11:04:13.379022,,
35,83.0,[4],PACKAGED,2026-08-07 11:37:29,2026-08-07 11:37:42,1.0,2026-08-07 11:37:22.256240,,
36,86.0,[4],PACKAGED,2026-08-08 04:05:48,2026-08-08 04:06:00,1.0,2026-08-08 04:05:32.564322,,
37,89.0,[4],PACKAGED,2026-08-08 04:10:31,2026-08-08 04:10:44,1.0,2026-08-08 04:10:21.041837,,
38,92.0,[4],PACKAGED,2026-08-08 04:14:19,2026-08-08 04:14:29,1.0,2026-08-08 04:14:14.937393,,
39,95.0,[4],PACKAGED,2026-08-08 04:17:18,2026-08-08 04:17:31,1.0,2026-08-08 04:17:12.419430,,
40,98.0,[4],PACKAGED,2026-08-08 05:35:10,2026-08-08 05:35:21,1.0,2026-08-08 05:35:02.521003,,
41,100.0,[3],PACKAGED,2026-08-08 07:58:59,2026-08-08 07:59:17,1.0,2026-08-08 07:58:24.129080,,
42,101.0,[16],PACKAGED,2026-08-08 07:59:21,2026-08-08 07:59:38,1.0,2026-08-08 07:58:32.797789,,
43,102.0,[17],PACKAGED,2026-08-08 07:59:42,2026-08-08 07:59:58,1.0,2026-08-08 07:58:40.877560,,
44,104.0,[17],PACKAGED,2026-08-08 09:17:01,2026-08-08 09:17:20,1.0,2026-08-08 09:16:52.409015,,
45,107.0,[17],PACKAGED,2026-08-08 10:29:58,2026-08-08 10:30:17,1.0,2026-08-08 10:29:48.752150,,
46,110.0,[17],PACKAGED,2026-08-08 10:35:23,2026-08-08 10:35:40,1.0,2026-08-08 10:35:16.581651,,
47,112.0,[17],PACKAGED,2026-08-08 11:03:22,2026-08-08 11:03:40,1.0,2026-08-08 11:03:16.260606,,
48,115.0,[4],PACKAGED,2026-08-10 06:18:50,2026-08-10 06:19:03,1.0,2026-08-10 06:18:46.352441,,
49,120.0,[17],PACKAGED,2026-08-10 08:54:34,2026-08-10 08:54:52,1.0,2026-08-10 08:54:20.070477,,
50,122.0,[16],PACKAGED,2026-08-10 09:01:33,2026-08-10 09:01:52,1.0,2026-08-10 09:01:25.598631,,
51,125.0,[16],PACKAGED,2026-08-10 09:13:36,2026-08-10 09:13:55,1.0,2026-08-10 09:13:26.912684,,
52,127.0,[16],PACKAGED,2026-08-10 09:49:45,2026-08-10 09:50:03,1.0,2026-08-10 09:49:29.152193,,
53,128.0,[16],PACKAGING_IN_PROGRESS,2026-08-10 10:20:11,,1.0,2026-08-10 10:20:01.597480,,
54,129.0,[16],PACKAGING_IN_PROGRESS,2026-08-10 10:58:01,,1.0,2026-08-10 10:57:55.292358,,
55,130.0,[16],PACKAGED,2026-08-10 15:36:09,2026-08-10 15:36:27,1.0,2026-08-10 15:36:01.355980,,
56,131.0,[13],PACKAGED,2026-08-11 04:40:27,2026-08-11 04:40:40,1.0,2026-08-11 04:40:20.236458,,
57,133.0,[13],PACKAGED,2026-08-11 05:01:34,2026-08-11 05:01:45,1.0,2026-08-11 05:01:29.442898,,
58,135.0,[13],PACKAGED,2026-08-11 05:10:14,2026-08-11 05:10:26,1.0,2026-08-11 05:10:10.134462,,
59,137.0,[10],PACKAGED,2026-08-11 14:41:01,2026-08-11 14:41:26,1.0,2026-08-11 14:39:57.007577,,
60,140.0,[16],PACKAGED,2026-08-13 09:25:08,2026-08-13 09:25:30,1.0,2026-08-13 09:24:58.132412,,
61,142.0,[16],PACKAGED,2026-08-13 09:29:54,2026-08-13 09:30:14,1.0,2026-08-13 09:29:47.455407,,
62,143.0,[27],PACKAGED,2026-08-13 10:37:58,2026-08-13 10:38:23,1.0,2026-08-13 10:37:53.160317,,
63,144.0,[27],PACKAGED,2026-08-13 10:50:10,2026-08-13 10:50:33,1.0,2026-08-13 10:50:02.796169,,
64,147.0,[27],PACKAGED,2026-08-13 11:48:23,2026-08-13 11:48:42,1.0,2026-08-13 11:48:18.154349,,
65,148.0,[27],PACKAGED,2026-08-13 12:26:57,2026-08-13 12:27:31,1.0,2026-08-13 12:26:40.120003,,
66,149.0,[19],PACKAGED,2026-08-18 04:28:41,2026-08-18 04:28:53,1.0,2026-08-18 04:28:37.412409,,
67,151.0,[25],PACKAGED,2026-08-18 05:30:50,2026-08-18 05:31:04,1.0,2026-08-18 05:30:44.976058,,
68,153.0,[16],PACKAGED,2026-08-19 10:00:53,2026-08-19 10:01:13,1.0,2026-08-19 10:00:38.218090,,
69,157.0,[33],PACKAGED,2026-08-20 13:14:05,2026-08-20 13:14:18,1.0,2026-08-20 13:13:52.333091,,
70,161.0,[27],PACKAGED,2026-08-20 13:38:03,2026-08-20 13:38:28,1.0,2026-08-20 13:34:43.954316,,
71,163.0,[51],PACKAGED,2026-08-21 15:27:53,2026-08-21 15:28:07,1.0,2026-08-21 15:27:44.296657,,
72,165.0,[51],PACKAGED,2026-08-21 15:33:33,2026-08-21 15:33:44,1.0,2026-08-21 15:33:25.798697,,
73,169.0,[51],PACKAGED,2026-08-22 06:36:31,2026-08-22 06:36:43,1.0,2026-08-22 06:36:14.555456,,
74,173.0,[51],PACKAGED,2026-08-22 06:46:45,2026-08-22 06:46:56,1.0,2026-08-22 06:46:35.596050,,
75,177.0,[51],PACKAGED,2026-08-25 13:27:24,2026-08-25 13:27:37,1.0,2026-08-22 07:02:57.113252,,
76,178.0,[53],PACKAGED,2026-08-22 10:13:33,2026-08-22 10:18:47,1.0,2026-08-22 10:10:51.280921,,
77,183.0,[51],PACKAGED,2026-08-25 13:27:05,2026-08-25 13:27:17,1.0,2026-08-25 13:26:59.851313,,
78,185.0,[51],PACKAGED,2026-08-25 13:31:58,2026-08-25 13:32:09,1.0,2026-08-25 13:31:51.156839,,
79,189.0,[51],PACKAGED,2026-08-25 13:37:40,2026-08-25 13:37:52,1.0,2026-08-25 13:37:34.863088,,
80,192.0,[51],PACKAGED,2026-08-26 17:16:15,2026-08-26 17:16:28,1.0,2026-08-26 17:16:08.435197,,
81,195.0,[51],PACKAGED,2026-08-26 18:00:29,2026-08-26 18:00:40,1.0,2026-08-26 18:00:21.672854,,
82,198.0,[51],PACKAGED,2026-08-26 18:16:28,2026-08-26 18:16:38,1.0,2026-08-26 18:15:57.450488,,
83,204.0,[27],PACKAGED,2026-08-27 11:33:18,2026-08-27 11:33:44,1.0,2026-08-27 11:32:31.668081,,
84,206.0,[60],PACKAGED,2026-08-29 06:31:40,2026-08-29 06:31:53,1.0,2026-08-29 06:31:32.873008,,
85,208.0,[62],PACKAGED,2026-08-29 07:18:13,2026-08-29 07:18:27,1.0,2026-08-29 07:18:08.570258,,
86,211.0,[51],PACKAGED,2026-08-31 09:00:02,2026-08-31 09:00:13,1.0,2026-08-31 08:59:54.761201,,
87,191.0,[51],PACKAGING_IN_PROGRESS,2026-09-02 11:56:52,,1.0,2026-09-02 11:56:21.712516,,
88,217.0,[16],PACKAGING_IN_PROGRESS,2026-09-03 06:43:03,,1.0,2026-09-03 06:42:51.219361,,
89,219.0,[27],PACKAGED,2026-09-03 08:45:07,2026-09-03 08:48:01,1.0,2026-09-03 08:44:56.246356,,
90,221.0,[27],PACKAGED,2026-09-03 09:11:42,2026-09-03 09:12:13,1.0,2026-09-03 09:11:35.480510,,
91,223.0,[16],PACKAGED,2026-09-03 09:18:06,2026-09-03 09:18:37,1.0,2026-09-03 09:17:56.344202,,
92,225.0,[62],PACKAGED,2026-09-03 10:56:57,2026-09-03 10:57:28,1.0,2026-09-03 10:56:48.185508,,
93,227.0,[59],PACKAGED,2026-09-03 11:07:16,2026-09-03 11:07:41,1.0,2026-09-03 11:07:06.470331,,
94,229.0,[60],PACKAGED,2026-09-03 11:15:12,2026-09-03 11:15:34,1.0,2026-09-03 11:15:08.662720,,
95,233.0,[62],PACKAGED,2026-09-03 14:01:59,2026-09-03 14:02:31,1.0,2026-09-03 14:01:48.860864,,
96,234.0,[82],PACKAGED,2026-09-04 04:16:07,2026-09-04 04:16:33,1.0,2026-09-04 04:16:00.490870,,
97,236.0,[3],PACKAGED,2026-09-04 08:36:28,2026-09-04 08:36:57,1.0,2026-09-04 08:36:20.037182,,
98,239.0,[27],PACKAGED,2026-09-04 10:28:31,2026-09-04 10:29:03,1.0,2026-09-04 10:28:23.117335,,
99,241.0,[3],PACKAGED,2026-09-04 10:47:20,2026-09-04 10:47:48,1.0,2026-09-04 10:47:12.446565,,
100,243.0,[82],PACKAGED,2026-09-04 10:51:26,2026-09-04 10:51:46,1.0,2026-09-04 10:51:17.618938,,
101,245.0,[82],PACKAGED,2026-09-04 12:18:28,2026-09-04 12:18:52,1.0,2026-09-04 12:18:17.100349,,
102,247.0,[83],PACKAGED,2026-09-05 08:33:59,2026-09-05 08:34:29,1.0,2026-09-05 08:33:50.766289,,
103,250.0,[83],PACKAGED,2026-09-09 10:29:43,2026-09-09 10:30:06,1.0,2026-09-05 10:14:19.756596,,
104,251.0,[83],PACKAGED,2026-09-05 10:46:29,2026-09-05 10:46:54,1.0,2026-09-05 10:46:18.504943,,
105,254.0,[83],PACKAGED,2026-09-05 11:09:04,2026-09-05 11:09:54,1.0,2026-09-05 11:08:55.093354,,
106,257.0,[83],PACKAGED,2026-09-07 10:23:27,2026-09-07 10:23:54,1.0,2026-09-07 10:23:18.628195,,
107,260.0,[16],PACKAGED,2026-09-08 11:08:03,2026-09-08 11:08:31,1.0,2026-09-08 11:07:43.103353,,
108,265.0,[83],PACKAGED,2026-09-08 17:30:54,2026-09-08 17:31:21,1.0,2026-09-08 17:30:34.133343,,
109,268.0,[83],PACKAGED,2026-09-08 17:52:38,2026-09-08 17:53:03,1.0,2026-09-08 17:52:33.156385,,
110,275.0,[83],PACKAGED,2026-09-09 06:23:02,2026-09-09 06:23:30,1.0,2026-09-09 06:22:56.238840,,
111,278.0,[83],PACKAGED,2026-09-09 06:38:12,2026-09-09 06:38:40,1.0,2026-09-09 06:38:02.506055,,
112,281.0,[83],PACKAGED,2026-09-09 07:32:09,2026-09-09 07:32:33,1.0,2026-09-09 07:32:03.480859,,
113,284.0,[16],PACKAGED,2026-09-09 07:51:28,2026-09-09 07:51:56,1.0,2026-09-09 07:51:21.551640,,
114,287.0,[16],PACKAGED,2026-09-09 09:02:21,2026-09-09 09:02:50,1.0,2026-09-09 09:02:15.247102,,
115,290.0,[16],PACKAGED,2026-09-09 09:11:33,2026-09-09 09:11:59,1.0,2026-09-09 09:11:26.344059,,
116,293.0,[86],PACKAGED,2026-09-09 10:09:50,2026-09-09 10:10:19,1.0,2026-09-09 10:09:46.324368,,
117,295.0,[83],PACKAGED,2026-09-09 10:21:31,2026-09-09 10:21:52,1.0,2026-09-09 10:21:25.667192,,
118,300.0,[83],PACKAGED,2026-09-09 10:57:52,2026-09-09 10:58:18,1.0,2026-09-09 10:57:44.202860,,
119,303.0,[83],PACKAGED,2026-09-09 11:22:33,2026-09-09 11:22:58,1.0,2026-09-09 11:22:24.618973,,
120,308.0,[83],PACKAGED,2026-09-09 12:25:22,2026-09-09 12:25:50,1.0,2026-09-09 12:25:15.499058,,
121,310.0,[83],PACKAGED,2026-09-10 05:52:07,2026-09-10 05:52:32,1.0,2026-09-10 05:51:58.535502,,
122,313.0,[83],PACKAGED,2026-09-10 06:00:28,2026-09-10 06:01:03,1.0,2026-09-10 06:00:05.102694,,
123,316.0,[83],PACKAGED,2026-09-10 06:20:24,2026-09-10 06:20:45,1.0,2026-09-10 06:20:17.634183,,
124,319.0,[83],PACKAGED,2026-09-10 06:29:25,2026-09-10 06:29:49,1.0,2026-09-10 06:29:19.278429,,
125,322.0,[83],PACKAGED,2026-09-10 09:22:05,2026-09-10 09:22:28,1.0,2026-09-10 09:21:58.937427,,
126,325.0,[83],PACKAGED,2026-09-10 09:28:00,2026-09-10 09:28:24,1.0,2026-09-10 09:27:54.339423,,
127,332.0,[83],PACKAGED,2026-09-10 12:24:28,2026-09-10 12:24:51,1.0,2026-09-10 12:24:21.815359,,
128,335.0,[83],PACKAGED,2026-09-11 05:18:35,2026-09-11 05:18:57,1.0,2026-09-11 05:18:29.639803,,
129,338.0,[83],PACKAGED,2026-09-11 05:36:52,2026-09-11 05:37:15,1.0,2026-09-11 05:36:46.238380,,
130,341.0,[83],PACKAGED,2026-09-11 08:52:54,2026-09-11 08:53:17,1.0,2026-09-11 08:52:47.387632,,
131,344.0,[83],PACKAGED,2026-09-11 09:39:42,2026-09-11 09:40:07,1.0,2026-09-11 09:39:35.952659,,
132,347.0,[83],PACKAGED,2026-09-11 09:52:52,2026-09-11 09:53:19,1.0,2026-09-11 09:52:39.390673,,
133,350.0,[83],PACKAGED,2026-09-11 10:33:43,2026-09-11 10:34:06,1.0,2026-09-11 10:33:35.874906,,
134,353.0,[83],PACKAGED,2026-09-11 11:40:29,2026-09-11 11:40:51,1.0,2026-09-11 11:40:23.729209,,
