outbound_packaging_id,shipment_id,status,auto_applied,rule_id,material_master_id,packaging_type,number_of_boxes,dimensions,length,width,height,weight,materials,instructions,is_overridden,reviewed_by,reviewed_at,review_notes,qc_status,qc_performed_by,qc_performed_at,qc_notes,auto_applied_snapshot,metadata,created_at,updated_at,completed_at
1,2,COMPLETED,1,fallback_default,,Box,1,30x30x30,30.0,30.0,30.0,50.0,"[""corrugated box"",""bubble wrap""]",,0,,,,,,,,"{""packaging_type"":""Box"",""number_of_boxes"":1,""dimensions"":""30x30x30"",""length"":30,""width"":30,""height"":30,""weight"":50,""materials"":[""corrugated box"",""bubble wrap""],""rule_id"":""fallback_default"",""source"":""fallback_default"",""reason"":""No active packaging rule matched (variant > product > category)""}","{""source"":""fallback_default"",""reason"":""No active packaging rule matched (variant > product > category)"",""matched_packaging_rule_id"":null,""matched_packaging_rule_level"":null}",2026-08-04 07:15:44.304644,2026-08-04 07:15:45,2026-08-04 07:15:45
2,5,COMPLETED,1,fallback_default,,Box,1,30x30x30,30.0,30.0,30.0,50.0,"[""corrugated box"",""bubble wrap""]",,0,,,,,,,,"{""packaging_type"":""Box"",""number_of_boxes"":1,""dimensions"":""30x30x30"",""length"":30,""width"":30,""height"":30,""weight"":50,""materials"":[""corrugated box"",""bubble wrap""],""rule_id"":""fallback_default"",""source"":""fallback_default"",""reason"":""No active packaging rule matched (variant > product > category)""}","{""source"":""fallback_default"",""reason"":""No active packaging rule matched (variant > product > category)"",""matched_packaging_rule_id"":null,""matched_packaging_rule_level"":null}",2026-08-04 07:50:48.005855,2026-08-04 07:50:48,2026-08-04 07:50:49
3,7,COMPLETED,1,fallback_default,,Box,1,30x30x30,30.0,30.0,30.0,50.0,"[""corrugated box"",""bubble wrap""]",,0,,,,,,,,"{""packaging_type"":""Box"",""number_of_boxes"":1,""dimensions"":""30x30x30"",""length"":30,""width"":30,""height"":30,""weight"":50,""materials"":[""corrugated box"",""bubble wrap""],""rule_id"":""fallback_default"",""source"":""fallback_default"",""reason"":""No active packaging rule matched (variant > product > category)""}","{""source"":""fallback_default"",""reason"":""No active packaging rule matched (variant > product > category)"",""matched_packaging_rule_id"":null,""matched_packaging_rule_level"":null}",2026-08-04 08:20:55.688088,2026-08-04 08:20:56,2026-08-04 08:20:57
4,10,COMPLETED,1,fallback_default,,Box,1,30x30x30,30.0,30.0,30.0,50.0,"[""corrugated box"",""bubble wrap""]",,0,,,,,,,,"{""packaging_type"":""Box"",""number_of_boxes"":1,""dimensions"":""30x30x30"",""length"":30,""width"":30,""height"":30,""weight"":50,""materials"":[""corrugated box"",""bubble wrap""],""rule_id"":""fallback_default"",""source"":""fallback_default"",""reason"":""No active packaging rule matched (variant > product > category)""}","{""source"":""fallback_default"",""reason"":""No active packaging rule matched (variant > product > category)"",""matched_packaging_rule_id"":null,""matched_packaging_rule_level"":null}",2026-08-04 08:40:36.670968,2026-08-04 08:40:37,2026-08-04 08:40:37
5,14,COMPLETED,1,fallback_default,,Box,1,30x30x30,30.0,30.0,30.0,50.0,"[""corrugated box"",""bubble wrap""]",,0,,,,,,,,"{""packaging_type"":""Box"",""number_of_boxes"":1,""dimensions"":""30x30x30"",""length"":30,""width"":30,""height"":30,""weight"":50,""materials"":[""corrugated box"",""bubble wrap""],""rule_id"":""fallback_default"",""source"":""fallback_default"",""reason"":""No active packaging rule matched (variant > product > category)""}","{""source"":""fallback_default"",""reason"":""No active packaging rule matched (variant > product > category)"",""matched_packaging_rule_id"":null,""matched_packaging_rule_level"":null}",2026-08-04 09:12:04.748068,2026-08-04 09:13:56,2026-08-04 09:13:56
6,16,COMPLETED,1,fallback_default,,Box,1,30x30x30,30.0,30.0,30.0,50.0,"[""corrugated box"",""bubble wrap""]",,0,,,,,,,,"{""packaging_type"":""Box"",""number_of_boxes"":1,""dimensions"":""30x30x30"",""length"":30,""width"":30,""height"":30,""weight"":50,""materials"":[""corrugated box"",""bubble wrap""],""rule_id"":""fallback_default"",""source"":""fallback_default"",""reason"":""No active packaging rule matched (variant > product > category)""}","{""source"":""fallback_default"",""reason"":""No active packaging rule matched (variant > product > category)"",""matched_packaging_rule_id"":null,""matched_packaging_rule_level"":null}",2026-08-04 09:40:38.621544,2026-08-04 09:40:39,2026-08-04 09:40:39
7,19,COMPLETED,1,fallback_default,,Box,1,30x30x30,30.0,30.0,30.0,50.0,"[""corrugated box"",""bubble wrap""]",,0,,,,,,,,"{""packaging_type"":""Box"",""number_of_boxes"":1,""dimensions"":""30x30x30"",""length"":30,""width"":30,""height"":30,""weight"":50,""materials"":[""corrugated box"",""bubble wrap""],""rule_id"":""fallback_default"",""source"":""fallback_default"",""reason"":""No active packaging rule matched (variant > product > category)""}","{""source"":""fallback_default"",""reason"":""No active packaging rule matched (variant > product > category)"",""matched_packaging_rule_id"":null,""matched_packaging_rule_level"":null}",2026-08-04 09:56:52.652504,2026-08-04 09:56:53,2026-08-04 09:56:53
8,22,COMPLETED,1,fallback_default,,Box,1,30x30x30,30.0,30.0,30.0,50.0,"[""corrugated box"",""bubble wrap""]",,0,,,,,,,,"{""packaging_type"":""Box"",""number_of_boxes"":1,""dimensions"":""30x30x30"",""length"":30,""width"":30,""height"":30,""weight"":50,""materials"":[""corrugated box"",""bubble wrap""],""rule_id"":""fallback_default"",""source"":""fallback_default"",""reason"":""No active packaging rule matched (variant > product > category)""}","{""source"":""fallback_default"",""reason"":""No active packaging rule matched (variant > product > category)"",""matched_packaging_rule_id"":null,""matched_packaging_rule_level"":null}",2026-08-04 10:27:41.690933,2026-08-04 10:27:42,2026-08-04 10:27:43
9,25,COMPLETED,1,fallback_default,,Box,1,10x8x12,10.0,8.0,12.0,199.0,"[""corrugated box"",""bubble wrap""]",,0,,,,,,,,"{""packaging_type"":""Box"",""number_of_boxes"":1,""dimensions"":""10x8x12"",""length"":10,""width"":8,""height"":12,""weight"":199,""materials"":[""corrugated box"",""bubble wrap""],""rule_id"":""fallback_default"",""source"":""fallback_default"",""reason"":""No active packaging rule matched (variant > product > category)""}","{""source"":""fallback_default"",""reason"":""No active packaging rule matched (variant > product > category)"",""matched_packaging_rule_id"":null,""matched_packaging_rule_level"":null}",2026-08-04 10:50:22.080416,2026-08-04 10:50:22,2026-08-04 10:50:23
10,28,COMPLETED,1,fallback_default,,Box,1,30x30x30,30.0,30.0,30.0,50.0,"[""corrugated box"",""bubble wrap""]",,0,,,,,,,,"{""packaging_type"":""Box"",""number_of_boxes"":1,""dimensions"":""30x30x30"",""length"":30,""width"":30,""height"":30,""weight"":50,""materials"":[""corrugated box"",""bubble wrap""],""rule_id"":""fallback_default"",""source"":""fallback_default"",""reason"":""No active packaging rule matched (variant > product > category)""}","{""source"":""fallback_default"",""reason"":""No active packaging rule matched (variant > product > category)"",""matched_packaging_rule_id"":null,""matched_packaging_rule_level"":null}",2026-08-04 11:24:49.343271,2026-08-04 11:24:50,2026-08-04 11:24:50
11,31,COMPLETED,1,fallback_default,,Box,1,30x30x30,30.0,30.0,30.0,50.0,"[""corrugated box"",""bubble wrap""]",,0,,,,,,,,"{""packaging_type"":""Box"",""number_of_boxes"":1,""dimensions"":""30x30x30"",""length"":30,""width"":30,""height"":30,""weight"":50,""materials"":[""corrugated box"",""bubble wrap""],""rule_id"":""fallback_default"",""source"":""fallback_default"",""reason"":""No active packaging rule matched (variant > product > category)""}","{""source"":""fallback_default"",""reason"":""No active packaging rule matched (variant > product > category)"",""matched_packaging_rule_id"":null,""matched_packaging_rule_level"":null}",2026-08-04 11:51:11.752689,2026-08-04 11:51:12,2026-08-04 11:51:13
12,34,COMPLETED,1,fallback_default,,Box,1,30x30x30,30.0,30.0,30.0,50.0,"[""corrugated box"",""bubble wrap""]",,0,,,,,,,,"{""packaging_type"":""Box"",""number_of_boxes"":1,""dimensions"":""30x30x30"",""length"":30,""width"":30,""height"":30,""weight"":50,""materials"":[""corrugated box"",""bubble wrap""],""rule_id"":""fallback_default"",""source"":""fallback_default"",""reason"":""No active packaging rule matched (variant > product > category)""}","{""source"":""fallback_default"",""reason"":""No active packaging rule matched (variant > product > category)"",""matched_packaging_rule_id"":null,""matched_packaging_rule_level"":null}",2026-08-04 12:20:29.334897,2026-08-04 12:20:30,2026-08-04 12:20:30
13,37,COMPLETED,1,fallback_default,,Box,1,30x30x30,30.0,30.0,30.0,50.0,"[""corrugated box"",""bubble wrap""]",,0,,,,,,,,"{""packaging_type"":""Box"",""number_of_boxes"":1,""dimensions"":""30x30x30"",""length"":30,""width"":30,""height"":30,""weight"":50,""materials"":[""corrugated box"",""bubble wrap""],""rule_id"":""fallback_default"",""source"":""fallback_default"",""reason"":""No active packaging rule matched (variant > product > category)""}","{""source"":""fallback_default"",""reason"":""No active packaging rule matched (variant > product > category)"",""matched_packaging_rule_id"":null,""matched_packaging_rule_level"":null}",2026-08-05 07:39:03.235040,2026-08-05 11:41:35,2026-08-05 11:41:36
14,39,COMPLETED,1,fallback_default,,Box,1,10x8x12,10.0,8.0,12.0,199.0,"[""corrugated box"",""bubble wrap""]",,0,,,,,,,,"{""packaging_type"":""Box"",""number_of_boxes"":1,""dimensions"":""10x8x12"",""length"":10,""width"":8,""height"":12,""weight"":199,""materials"":[""corrugated box"",""bubble wrap""],""rule_id"":""fallback_default"",""source"":""fallback_default"",""reason"":""No active packaging rule matched (variant > product > category)""}","{""source"":""fallback_default"",""reason"":""No active packaging rule matched (variant > product > category)"",""matched_packaging_rule_id"":null,""matched_packaging_rule_level"":null}",2026-08-05 08:55:52.461874,2026-08-05 08:55:53,2026-08-05 08:55:54
15,42,COMPLETED,1,fallback_default,,Box,1,30x30x30,30.0,30.0,30.0,50.0,"[""corrugated box"",""bubble wrap""]",,0,,,,,,,,"{""packaging_type"":""Box"",""number_of_boxes"":1,""dimensions"":""30x30x30"",""length"":30,""width"":30,""height"":30,""weight"":50,""materials"":[""corrugated box"",""bubble wrap""],""rule_id"":""fallback_default"",""source"":""fallback_default"",""reason"":""No active packaging rule matched (variant > product > category)""}","{""source"":""fallback_default"",""reason"":""No active packaging rule matched (variant > product > category)"",""matched_packaging_rule_id"":null,""matched_packaging_rule_level"":null}",2026-08-05 11:40:54.386396,2026-08-05 11:40:55,2026-08-05 11:40:56
16,44,COMPLETED,1,fallback_default,,Box,1,30x30x30,30.0,30.0,30.0,50.0,"[""corrugated box"",""bubble wrap""]",,0,,,,,,,,"{""packaging_type"":""Box"",""number_of_boxes"":1,""dimensions"":""30x30x30"",""length"":30,""width"":30,""height"":30,""weight"":50,""materials"":[""corrugated box"",""bubble wrap""],""rule_id"":""fallback_default"",""source"":""fallback_default"",""reason"":""No active packaging rule matched (variant > product > category)""}","{""source"":""fallback_default"",""reason"":""No active packaging rule matched (variant > product > category)"",""matched_packaging_rule_id"":null,""matched_packaging_rule_level"":null}",2026-08-05 12:34:25.338011,2026-08-05 12:34:26,2026-08-05 12:34:26
17,46,COMPLETED,1,fallback_default,,Box,1,10x8x12,10.0,8.0,12.0,199.0,"[""corrugated box"",""bubble wrap""]",,0,,,,,,,,"{""packaging_type"":""Box"",""number_of_boxes"":1,""dimensions"":""10x8x12"",""length"":10,""width"":8,""height"":12,""weight"":199,""materials"":[""corrugated box"",""bubble wrap""],""rule_id"":""fallback_default"",""source"":""fallback_default"",""reason"":""No active packaging rule matched (variant > product > category)""}","{""source"":""fallback_default"",""reason"":""No active packaging rule matched (variant > product > category)"",""matched_packaging_rule_id"":null,""matched_packaging_rule_level"":null}",2026-08-06 07:53:45.660559,2026-08-06 07:53:46,2026-08-06 07:53:47
18,48,COMPLETED,1,fallback_default,,Box,1,30x30x30,30.0,30.0,30.0,50.0,"[""corrugated box"",""bubble wrap""]",,0,,,,,,,,"{""packaging_type"":""Box"",""number_of_boxes"":1,""dimensions"":""30x30x30"",""length"":30,""width"":30,""height"":30,""weight"":50,""materials"":[""corrugated box"",""bubble wrap""],""rule_id"":""fallback_default"",""source"":""fallback_default"",""reason"":""No active packaging rule matched (variant > product > category)""}","{""source"":""fallback_default"",""reason"":""No active packaging rule matched (variant > product > category)"",""matched_packaging_rule_id"":null,""matched_packaging_rule_level"":null}",2026-08-06 08:15:47.603911,2026-08-06 08:15:48,2026-08-06 08:15:49
19,50,COMPLETED,1,fallback_default,,Box,1,10x8x12,10.0,8.0,12.0,199.0,"[""corrugated box"",""bubble wrap""]",,0,,,,,,,,"{""packaging_type"":""Box"",""number_of_boxes"":1,""dimensions"":""10x8x12"",""length"":10,""width"":8,""height"":12,""weight"":199,""materials"":[""corrugated box"",""bubble wrap""],""rule_id"":""fallback_default"",""source"":""fallback_default"",""reason"":""No active packaging rule matched (variant > product > category)""}","{""source"":""fallback_default"",""reason"":""No active packaging rule matched (variant > product > category)"",""matched_packaging_rule_id"":null,""matched_packaging_rule_level"":null}",2026-08-06 08:28:08.274805,2026-08-06 08:28:09,2026-08-06 08:28:10
20,52,COMPLETED,1,fallback_default,,Box,1,30x30x30,30.0,30.0,30.0,50.0,"[""corrugated box"",""bubble wrap""]",,0,,,,,,,,"{""packaging_type"":""Box"",""number_of_boxes"":1,""dimensions"":""30x30x30"",""length"":30,""width"":30,""height"":30,""weight"":50,""materials"":[""corrugated box"",""bubble wrap""],""rule_id"":""fallback_default"",""source"":""fallback_default"",""reason"":""No active packaging rule matched (variant > product > category)""}","{""source"":""fallback_default"",""reason"":""No active packaging rule matched (variant > product > category)"",""matched_packaging_rule_id"":null,""matched_packaging_rule_level"":null}",2026-08-06 16:26:35.616509,2026-08-06 16:26:36,2026-08-06 16:26:37
21,55,COMPLETED,1,fallback_default,,Box,1,30x30x30,30.0,30.0,30.0,50.0,"[""corrugated box"",""bubble wrap""]",,0,,,,,,,,"{""packaging_type"":""Box"",""number_of_boxes"":1,""dimensions"":""30x30x30"",""length"":30,""width"":30,""height"":30,""weight"":50,""materials"":[""corrugated box"",""bubble wrap""],""rule_id"":""fallback_default"",""source"":""fallback_default"",""reason"":""No active packaging rule matched (variant > product > category)""}","{""source"":""fallback_default"",""reason"":""No active packaging rule matched (variant > product > category)"",""matched_packaging_rule_id"":null,""matched_packaging_rule_level"":null}",2026-08-07 04:34:00.993457,2026-08-07 04:45:19,2026-08-07 04:45:20
22,60,COMPLETED,1,fallback_default,,Box,1,10x8x12,10.0,8.0,12.0,199.0,"[""corrugated box"",""bubble wrap""]",,0,,,,,,,,"{""packaging_type"":""Box"",""number_of_boxes"":1,""dimensions"":""10x8x12"",""length"":10,""width"":8,""height"":12,""weight"":199,""materials"":[""corrugated box"",""bubble wrap""],""rule_id"":""fallback_default"",""source"":""fallback_default"",""reason"":""No active packaging rule matched (variant > product > category)""}","{""source"":""fallback_default"",""reason"":""No active packaging rule matched (variant > product > category)"",""matched_packaging_rule_id"":null,""matched_packaging_rule_level"":null}",2026-08-07 04:53:12.614408,2026-08-07 04:53:13,2026-08-07 04:53:14
23,63,COMPLETED,1,fallback_default,,Box,1,10x8x12,10.0,8.0,12.0,199.0,"[""corrugated box"",""bubble wrap""]",,0,,,,,,,,"{""packaging_type"":""Box"",""number_of_boxes"":1,""dimensions"":""10x8x12"",""length"":10,""width"":8,""height"":12,""weight"":199,""materials"":[""corrugated box"",""bubble wrap""],""rule_id"":""fallback_default"",""source"":""fallback_default"",""reason"":""No active packaging rule matched (variant > product > category)""}","{""source"":""fallback_default"",""reason"":""No active packaging rule matched (variant > product > category)"",""matched_packaging_rule_id"":null,""matched_packaging_rule_level"":null}",2026-08-07 05:12:23.895564,2026-08-07 05:17:16,2026-08-07 05:17:16
24,65,COMPLETED,1,fallback_default,,Box,1,30x30x30,30.0,30.0,30.0,50.0,"[""corrugated box"",""bubble wrap""]",,0,,,,,,,,"{""packaging_type"":""Box"",""number_of_boxes"":1,""dimensions"":""30x30x30"",""length"":30,""width"":30,""height"":30,""weight"":50,""materials"":[""corrugated box"",""bubble wrap""],""rule_id"":""fallback_default"",""source"":""fallback_default"",""reason"":""No active packaging rule matched (variant > product > category)""}","{""source"":""fallback_default"",""reason"":""No active packaging rule matched (variant > product > category)"",""matched_packaging_rule_id"":null,""matched_packaging_rule_level"":null}",2026-08-07 05:30:51.793221,2026-08-07 05:30:52,2026-08-07 05:30:53
25,68,COMPLETED,1,fallback_default,,Box,1,10x8x12,10.0,8.0,12.0,199.0,"[""corrugated box"",""bubble wrap""]",,0,,,,,,,,"{""packaging_type"":""Box"",""number_of_boxes"":1,""dimensions"":""10x8x12"",""length"":10,""width"":8,""height"":12,""weight"":199,""materials"":[""corrugated box"",""bubble wrap""],""rule_id"":""fallback_default"",""source"":""fallback_default"",""reason"":""No active packaging rule matched (variant > product > category)""}","{""source"":""fallback_default"",""reason"":""No active packaging rule matched (variant > product > category)"",""matched_packaging_rule_id"":null,""matched_packaging_rule_level"":null}",2026-08-07 05:51:36.902525,2026-08-07 05:51:38,2026-08-07 05:51:38
26,70,COMPLETED,1,fallback_default,,Box,1,30x30x30,30.0,30.0,30.0,50.0,"[""corrugated box"",""bubble wrap""]",,0,,,,,,,,"{""packaging_type"":""Box"",""number_of_boxes"":1,""dimensions"":""30x30x30"",""length"":30,""width"":30,""height"":30,""weight"":50,""materials"":[""corrugated box"",""bubble wrap""],""rule_id"":""fallback_default"",""source"":""fallback_default"",""reason"":""No active packaging rule matched (variant > product > category)""}","{""source"":""fallback_default"",""reason"":""No active packaging rule matched (variant > product > category)"",""matched_packaging_rule_id"":null,""matched_packaging_rule_level"":null}",2026-08-07 06:00:44.518726,2026-08-07 06:00:45,2026-08-07 06:00:46
27,74,COMPLETED,1,fallback_default,,Box,1,10x8x12,10.0,8.0,12.0,199.0,"[""corrugated box"",""bubble wrap""]",,0,,,,,,,,"{""packaging_type"":""Box"",""number_of_boxes"":1,""dimensions"":""10x8x12"",""length"":10,""width"":8,""height"":12,""weight"":199,""materials"":[""corrugated box"",""bubble wrap""],""rule_id"":""fallback_default"",""source"":""fallback_default"",""reason"":""No active packaging rule matched (variant > product > category)""}","{""source"":""fallback_default"",""reason"":""No active packaging rule matched (variant > product > category)"",""matched_packaging_rule_id"":null,""matched_packaging_rule_level"":null}",2026-08-07 08:45:19.525624,2026-08-07 08:45:20,2026-08-07 08:45:21
28,77,AUTO_APPLIED,1,fallback_default,,Box,1,10x8x12,10.0,8.0,12.0,199.0,"[""corrugated box"",""bubble wrap""]",,0,,,,,,,,"{""packaging_type"":""Box"",""number_of_boxes"":1,""dimensions"":""10x8x12"",""length"":10,""width"":8,""height"":12,""weight"":199,""materials"":[""corrugated box"",""bubble wrap""],""rule_id"":""fallback_default"",""source"":""fallback_default"",""reason"":""No active packaging rule matched (variant > product > category)""}","{""source"":""fallback_default"",""reason"":""No active packaging rule matched (variant > product > category)"",""matched_packaging_rule_id"":null,""matched_packaging_rule_level"":null}",2026-08-07 08:49:50.694093,2026-08-07 08:49:50.694093,
29,79,COMPLETED,1,fallback_default,,Box,1,30x30x30,30.0,30.0,30.0,50.0,"[""corrugated box"",""bubble wrap""]",,0,,,,,,,,"{""packaging_type"":""Box"",""number_of_boxes"":1,""dimensions"":""30x30x30"",""length"":30,""width"":30,""height"":30,""weight"":50,""materials"":[""corrugated box"",""bubble wrap""],""rule_id"":""fallback_default"",""source"":""fallback_default"",""reason"":""No active packaging rule matched (variant > product > category)""}","{""source"":""fallback_default"",""reason"":""No active packaging rule matched (variant > product > category)"",""matched_packaging_rule_id"":null,""matched_packaging_rule_level"":null}",2026-08-07 08:54:41.488831,2026-08-07 08:54:42,2026-08-07 08:54:43
30,82,AUTO_APPLIED,1,fallback_default,,Box,1,30x30x30,30.0,30.0,30.0,50.0,"[""corrugated box"",""bubble wrap""]",,0,,,,,,,,"{""packaging_type"":""Box"",""number_of_boxes"":1,""dimensions"":""30x30x30"",""length"":30,""width"":30,""height"":30,""weight"":50,""materials"":[""corrugated box"",""bubble wrap""],""rule_id"":""fallback_default"",""source"":""fallback_default"",""reason"":""No active packaging rule matched (variant > product > category)""}","{""source"":""fallback_default"",""reason"":""No active packaging rule matched (variant > product > category)"",""matched_packaging_rule_id"":null,""matched_packaging_rule_level"":null}",2026-08-07 09:03:50.312386,2026-08-07 09:03:50.312386,
31,85,COMPLETED,1,fallback_default,,Box,1,10x8x12,10.0,8.0,12.0,199.0,"[""corrugated box"",""bubble wrap""]",,0,,,,,,,,"{""packaging_type"":""Box"",""number_of_boxes"":1,""dimensions"":""10x8x12"",""length"":10,""width"":8,""height"":12,""weight"":199,""materials"":[""corrugated box"",""bubble wrap""],""rule_id"":""fallback_default"",""source"":""fallback_default"",""reason"":""No active packaging rule matched (variant > product > category)""}","{""source"":""fallback_default"",""reason"":""No active packaging rule matched (variant > product > category)"",""matched_packaging_rule_id"":null,""matched_packaging_rule_level"":null}",2026-08-07 11:05:04.823133,2026-08-07 11:05:06,2026-08-07 11:05:06
32,87,COMPLETED,1,fallback_default,,Box,1,10x8x12,10.0,8.0,12.0,199.0,"[""corrugated box"",""bubble wrap""]",,0,,,,,,,,"{""packaging_type"":""Box"",""number_of_boxes"":1,""dimensions"":""10x8x12"",""length"":10,""width"":8,""height"":12,""weight"":199,""materials"":[""corrugated box"",""bubble wrap""],""rule_id"":""fallback_default"",""source"":""fallback_default"",""reason"":""No active packaging rule matched (variant > product > category)""}","{""source"":""fallback_default"",""reason"":""No active packaging rule matched (variant > product > category)"",""matched_packaging_rule_id"":null,""matched_packaging_rule_level"":null}",2026-08-08 04:06:10.053760,2026-08-08 04:06:11,2026-08-08 04:06:11
33,90,COMPLETED,1,fallback_default,,Box,1,10x8x12,10.0,8.0,12.0,199.0,"[""corrugated box"",""bubble wrap""]",,0,,,,,,,,"{""packaging_type"":""Box"",""number_of_boxes"":1,""dimensions"":""10x8x12"",""length"":10,""width"":8,""height"":12,""weight"":199,""materials"":[""corrugated box"",""bubble wrap""],""rule_id"":""fallback_default"",""source"":""fallback_default"",""reason"":""No active packaging rule matched (variant > product > category)""}","{""source"":""fallback_default"",""reason"":""No active packaging rule matched (variant > product > category)"",""matched_packaging_rule_id"":null,""matched_packaging_rule_level"":null}",2026-08-08 04:10:45.617360,2026-08-08 04:20:47,2026-08-08 04:20:47
34,91,COMPLETED,1,fallback_default,,Box,1,10x8x12,10.0,8.0,12.0,199.0,"[""corrugated box"",""bubble wrap""]",,0,,,,,,,,"{""packaging_type"":""Box"",""number_of_boxes"":1,""dimensions"":""10x8x12"",""length"":10,""width"":8,""height"":12,""weight"":199,""materials"":[""corrugated box"",""bubble wrap""],""rule_id"":""fallback_default"",""source"":""fallback_default"",""reason"":""No active packaging rule matched (variant > product > category)""}","{""source"":""fallback_default"",""reason"":""No active packaging rule matched (variant > product > category)"",""matched_packaging_rule_id"":null,""matched_packaging_rule_level"":null}",2026-08-08 04:10:45.752188,2026-08-08 04:20:25,2026-08-08 04:20:26
35,93,COMPLETED,1,fallback_default,,Box,1,10x8x12,10.0,8.0,12.0,199.0,"[""corrugated box"",""bubble wrap""]",,0,,,,,,,,"{""packaging_type"":""Box"",""number_of_boxes"":1,""dimensions"":""10x8x12"",""length"":10,""width"":8,""height"":12,""weight"":199,""materials"":[""corrugated box"",""bubble wrap""],""rule_id"":""fallback_default"",""source"":""fallback_default"",""reason"":""No active packaging rule matched (variant > product > category)""}","{""source"":""fallback_default"",""reason"":""No active packaging rule matched (variant > product > category)"",""matched_packaging_rule_id"":null,""matched_packaging_rule_level"":null}",2026-08-08 04:14:36.809094,2026-08-08 04:14:37,2026-08-08 04:14:38
36,96,COMPLETED,1,fallback_default,,Box,1,10x8x12,10.0,8.0,12.0,199.0,"[""corrugated box"",""bubble wrap""]",,0,,,,,,,,"{""packaging_type"":""Box"",""number_of_boxes"":1,""dimensions"":""10x8x12"",""length"":10,""width"":8,""height"":12,""weight"":199,""materials"":[""corrugated box"",""bubble wrap""],""rule_id"":""fallback_default"",""source"":""fallback_default"",""reason"":""No active packaging rule matched (variant > product > category)""}","{""source"":""fallback_default"",""reason"":""No active packaging rule matched (variant > product > category)"",""matched_packaging_rule_id"":null,""matched_packaging_rule_level"":null}",2026-08-08 04:17:32.217145,2026-08-08 04:19:31,2026-08-08 04:19:31
37,97,COMPLETED,1,fallback_default,,Box,1,10x8x12,10.0,8.0,12.0,199.0,"[""corrugated box"",""bubble wrap""]",,0,,,,,,,,"{""packaging_type"":""Box"",""number_of_boxes"":1,""dimensions"":""10x8x12"",""length"":10,""width"":8,""height"":12,""weight"":199,""materials"":[""corrugated box"",""bubble wrap""],""rule_id"":""fallback_default"",""source"":""fallback_default"",""reason"":""No active packaging rule matched (variant > product > category)""}","{""source"":""fallback_default"",""reason"":""No active packaging rule matched (variant > product > category)"",""matched_packaging_rule_id"":null,""matched_packaging_rule_level"":null}",2026-08-08 04:17:32.331754,2026-08-08 04:19:24,2026-08-08 04:19:24
38,99,COMPLETED,1,fallback_default,,Box,1,10x8x12,10.0,8.0,12.0,199.0,"[""corrugated box"",""bubble wrap""]",,0,,,,,,,,"{""packaging_type"":""Box"",""number_of_boxes"":1,""dimensions"":""10x8x12"",""length"":10,""width"":8,""height"":12,""weight"":199,""materials"":[""corrugated box"",""bubble wrap""],""rule_id"":""fallback_default"",""source"":""fallback_default"",""reason"":""No active packaging rule matched (variant > product > category)""}","{""source"":""fallback_default"",""reason"":""No active packaging rule matched (variant > product > category)"",""matched_packaging_rule_id"":null,""matched_packaging_rule_level"":null}",2026-08-08 05:35:25.955886,2026-08-08 05:35:27,2026-08-08 05:35:27
39,103,COMPLETED,1,fallback_default,,Box,1,15x15x20,15.0,15.0,20.0,30.0,"[""corrugated box"",""bubble wrap""]",,0,,,,,,,,"{""packaging_type"":""Box"",""number_of_boxes"":1,""dimensions"":""15x15x20"",""length"":15,""width"":15,""height"":20,""weight"":30,""materials"":[""corrugated box"",""bubble wrap""],""rule_id"":""fallback_default"",""source"":""fallback_default"",""reason"":""No active packaging rule matched (variant > product > category)""}","{""source"":""fallback_default"",""reason"":""No active packaging rule matched (variant > product > category)"",""matched_packaging_rule_id"":null,""matched_packaging_rule_level"":null}",2026-08-08 08:00:36.952346,2026-08-08 08:00:39,2026-08-08 08:00:39
40,105,COMPLETED,1,fallback_default,,Box,1,15x15x20,15.0,15.0,20.0,30.0,"[""corrugated box"",""bubble wrap""]",,0,,,,,,,,"{""packaging_type"":""Box"",""number_of_boxes"":1,""dimensions"":""15x15x20"",""length"":15,""width"":15,""height"":20,""weight"":30,""materials"":[""corrugated box"",""bubble wrap""],""rule_id"":""fallback_default"",""source"":""fallback_default"",""reason"":""No active packaging rule matched (variant > product > category)""}","{""source"":""fallback_default"",""reason"":""No active packaging rule matched (variant > product > category)"",""matched_packaging_rule_id"":null,""matched_packaging_rule_level"":null}",2026-08-08 09:17:34.285476,2026-08-08 09:17:35,2026-08-08 09:17:35
41,108,COMPLETED,1,fallback_default,,Box,1,15x15x20,15.0,15.0,20.0,30.0,"[""corrugated box"",""bubble wrap""]",,0,,,,,,,,"{""packaging_type"":""Box"",""number_of_boxes"":1,""dimensions"":""15x15x20"",""length"":15,""width"":15,""height"":20,""weight"":30,""materials"":[""corrugated box"",""bubble wrap""],""rule_id"":""fallback_default"",""source"":""fallback_default"",""reason"":""No active packaging rule matched (variant > product > category)""}","{""source"":""fallback_default"",""reason"":""No active packaging rule matched (variant > product > category)"",""matched_packaging_rule_id"":null,""matched_packaging_rule_level"":null}",2026-08-08 10:30:24.094434,2026-08-08 10:30:25,2026-08-08 10:30:26
42,111,COMPLETED,1,fallback_default,,Box,1,15x15x20,15.0,15.0,20.0,30.0,"[""corrugated box"",""bubble wrap""]",,0,,,,,,,,"{""packaging_type"":""Box"",""number_of_boxes"":1,""dimensions"":""15x15x20"",""length"":15,""width"":15,""height"":20,""weight"":30,""materials"":[""corrugated box"",""bubble wrap""],""rule_id"":""fallback_default"",""source"":""fallback_default"",""reason"":""No active packaging rule matched (variant > product > category)""}","{""source"":""fallback_default"",""reason"":""No active packaging rule matched (variant > product > category)"",""matched_packaging_rule_id"":null,""matched_packaging_rule_level"":null}",2026-08-08 10:35:43.576863,2026-08-08 10:37:34,2026-08-08 10:37:35
43,113,COMPLETED,1,fallback_default,,Box,1,15x15x20,15.0,15.0,20.0,30.0,"[""corrugated box"",""bubble wrap""]",,0,,,,,,,,"{""packaging_type"":""Box"",""number_of_boxes"":1,""dimensions"":""15x15x20"",""length"":15,""width"":15,""height"":20,""weight"":30,""materials"":[""corrugated box"",""bubble wrap""],""rule_id"":""fallback_default"",""source"":""fallback_default"",""reason"":""No active packaging rule matched (variant > product > category)""}","{""source"":""fallback_default"",""reason"":""No active packaging rule matched (variant > product > category)"",""matched_packaging_rule_id"":null,""matched_packaging_rule_level"":null}",2026-08-08 11:03:47.133683,2026-08-08 11:03:48,2026-08-08 11:03:48
44,116,COMPLETED,1,fallback_default,,Box,1,10x8x12,10.0,8.0,12.0,199.0,"[""corrugated box"",""bubble wrap""]",,0,,,,,,,,"{""packaging_type"":""Box"",""number_of_boxes"":1,""dimensions"":""10x8x12"",""length"":10,""width"":8,""height"":12,""weight"":199,""materials"":[""corrugated box"",""bubble wrap""],""rule_id"":""fallback_default"",""source"":""fallback_default"",""reason"":""No active packaging rule matched (variant > product > category)""}","{""source"":""fallback_default"",""reason"":""No active packaging rule matched (variant > product > category)"",""matched_packaging_rule_id"":null,""matched_packaging_rule_level"":null}",2026-08-10 06:19:07.226446,2026-08-10 06:19:08,2026-08-10 06:19:08
45,121,COMPLETED,1,fallback_default,,Box,1,15x15x20,15.0,15.0,20.0,30.0,"[""corrugated box"",""bubble wrap""]",,0,,,,,,,,"{""packaging_type"":""Box"",""number_of_boxes"":1,""dimensions"":""15x15x20"",""length"":15,""width"":15,""height"":20,""weight"":30,""materials"":[""corrugated box"",""bubble wrap""],""rule_id"":""fallback_default"",""source"":""fallback_default"",""reason"":""No active packaging rule matched (variant > product > category)""}","{""source"":""fallback_default"",""reason"":""No active packaging rule matched (variant > product > category)"",""matched_packaging_rule_id"":null,""matched_packaging_rule_level"":null}",2026-08-10 08:54:59.606248,2026-08-10 08:55:01,2026-08-10 08:55:02
46,123,COMPLETED,1,fallback_default,,Box,1,50x50x50,50.0,50.0,50.0,50.0,"[""corrugated box"",""bubble wrap""]",,0,,,,,,,,"{""packaging_type"":""Box"",""number_of_boxes"":1,""dimensions"":""50x50x50"",""length"":50,""width"":50,""height"":50,""weight"":50,""materials"":[""corrugated box"",""bubble wrap""],""rule_id"":""fallback_default"",""source"":""fallback_default"",""reason"":""No active packaging rule matched (variant > product > category)""}","{""source"":""fallback_default"",""reason"":""No active packaging rule matched (variant > product > category)"",""matched_packaging_rule_id"":null,""matched_packaging_rule_level"":null}",2026-08-10 09:02:00.883809,2026-08-10 09:02:02,2026-08-10 09:02:02
47,126,COMPLETED,1,fallback_default,,Box,1,50x50x50,50.0,50.0,50.0,50.0,"[""corrugated box"",""bubble wrap""]",,0,,,,,,,,"{""packaging_type"":""Box"",""number_of_boxes"":1,""dimensions"":""50x50x50"",""length"":50,""width"":50,""height"":50,""weight"":50,""materials"":[""corrugated box"",""bubble wrap""],""rule_id"":""fallback_default"",""source"":""fallback_default"",""reason"":""No active packaging rule matched (variant > product > category)""}","{""source"":""fallback_default"",""reason"":""No active packaging rule matched (variant > product > category)"",""matched_packaging_rule_id"":null,""matched_packaging_rule_level"":null}",2026-08-10 09:14:02.077797,2026-08-10 09:14:03,2026-08-10 09:14:04
48,132,COMPLETED,1,fallback_default,,Box,1,19x89x98,19.0,89.0,98.0,189.0,"[""corrugated box"",""bubble wrap""]",,0,,,,,,,,"{""packaging_type"":""Box"",""number_of_boxes"":1,""dimensions"":""19x89x98"",""length"":19,""width"":89,""height"":98,""weight"":189,""materials"":[""corrugated box"",""bubble wrap""],""rule_id"":""fallback_default"",""source"":""fallback_default"",""reason"":""No active packaging rule matched (variant > product > category)""}","{""source"":""fallback_default"",""reason"":""No active packaging rule matched (variant > product > category)"",""matched_packaging_rule_id"":null,""matched_packaging_rule_level"":null}",2026-08-11 04:40:45.505177,2026-08-11 04:40:46,2026-08-11 04:40:47
49,134,COMPLETED,1,fallback_default,,Box,1,19x89x98,19.0,89.0,98.0,189.0,"[""corrugated box"",""bubble wrap""]",,0,,,,,,,,"{""packaging_type"":""Box"",""number_of_boxes"":1,""dimensions"":""19x89x98"",""length"":19,""width"":89,""height"":98,""weight"":189,""materials"":[""corrugated box"",""bubble wrap""],""rule_id"":""fallback_default"",""source"":""fallback_default"",""reason"":""No active packaging rule matched (variant > product > category)""}","{""source"":""fallback_default"",""reason"":""No active packaging rule matched (variant > product > category)"",""matched_packaging_rule_id"":null,""matched_packaging_rule_level"":null}",2026-08-11 05:01:49.379086,2026-08-11 05:01:50,2026-08-11 05:01:51
50,136,COMPLETED,1,fallback_default,,Box,1,19x89x98,19.0,89.0,98.0,189.0,"[""corrugated box"",""bubble wrap""]",,0,,,,,,,,"{""packaging_type"":""Box"",""number_of_boxes"":1,""dimensions"":""19x89x98"",""length"":19,""width"":89,""height"":98,""weight"":189,""materials"":[""corrugated box"",""bubble wrap""],""rule_id"":""fallback_default"",""source"":""fallback_default"",""reason"":""No active packaging rule matched (variant > product > category)""}","{""source"":""fallback_default"",""reason"":""No active packaging rule matched (variant > product > category)"",""matched_packaging_rule_id"":null,""matched_packaging_rule_level"":null}",2026-08-11 05:10:29.544880,2026-08-11 05:10:31,2026-08-11 05:10:31
51,138,COMPLETED,1,fallback_default,,Box,1,10x15x18,10.0,15.0,18.0,1.0,"[""corrugated box"",""bubble wrap""]",,0,,,,,,,,"{""packaging_type"":""Box"",""number_of_boxes"":1,""dimensions"":""10x15x18"",""length"":10,""width"":15,""height"":18,""weight"":1,""materials"":[""corrugated box"",""bubble wrap""],""rule_id"":""fallback_default"",""source"":""fallback_default"",""reason"":""No active packaging rule matched (variant > product > category)""}","{""source"":""fallback_default"",""reason"":""No active packaging rule matched (variant > product > category)"",""matched_packaging_rule_id"":null,""matched_packaging_rule_level"":null}",2026-08-11 14:41:37.028959,2026-08-11 14:41:38,2026-08-11 14:41:38
52,141,COMPLETED,1,fallback_default,,Box,1,50x50x50,50.0,50.0,50.0,50.0,"[""corrugated box"",""bubble wrap""]",,0,,,,,,,,"{""packaging_type"":""Box"",""number_of_boxes"":1,""dimensions"":""50x50x50"",""length"":50,""width"":50,""height"":50,""weight"":50,""materials"":[""corrugated box"",""bubble wrap""],""rule_id"":""fallback_default"",""source"":""fallback_default"",""reason"":""No active packaging rule matched (variant > product > category)""}","{""source"":""fallback_default"",""reason"":""No active packaging rule matched (variant > product > category)"",""matched_packaging_rule_id"":null,""matched_packaging_rule_level"":null}",2026-08-13 09:25:38.838804,2026-08-13 09:25:39,2026-08-13 09:25:40
53,145,COMPLETED,1,fallback_default,,Box,1,20x20x20,20.0,20.0,20.0,25.0,"[""corrugated box"",""bubble wrap""]",,0,,,,,,,,"{""packaging_type"":""Box"",""number_of_boxes"":1,""dimensions"":""20x20x20"",""length"":20,""width"":20,""height"":20,""weight"":25,""materials"":[""corrugated box"",""bubble wrap""],""rule_id"":""fallback_default"",""source"":""fallback_default"",""reason"":""No active packaging rule matched (variant > product > category)""}","{""source"":""fallback_default"",""reason"":""No active packaging rule matched (variant > product > category)"",""matched_packaging_rule_id"":null,""matched_packaging_rule_level"":null}",2026-08-13 10:50:53.635466,2026-08-13 10:50:54,2026-08-13 10:50:55
54,150,COMPLETED,1,fallback_default,,Box,1,19x89x98,19.0,89.0,98.0,189.0,"[""corrugated box"",""bubble wrap""]",,0,,,,,,,,"{""packaging_type"":""Box"",""number_of_boxes"":1,""dimensions"":""19x89x98"",""length"":19,""width"":89,""height"":98,""weight"":189,""materials"":[""corrugated box"",""bubble wrap""],""rule_id"":""fallback_default"",""source"":""fallback_default"",""reason"":""No active packaging rule matched (variant > product > category)""}","{""source"":""fallback_default"",""reason"":""No active packaging rule matched (variant > product > category)"",""matched_packaging_rule_id"":null,""matched_packaging_rule_level"":null}",2026-08-18 04:28:57.499804,2026-08-18 04:28:58,2026-08-18 04:28:59
55,152,COMPLETED,1,fallback_default,,Box,1,19x89x98,19.0,89.0,98.0,189.0,"[""corrugated box"",""bubble wrap""]",,0,,,,,,,,"{""packaging_type"":""Box"",""number_of_boxes"":1,""dimensions"":""19x89x98"",""length"":19,""width"":89,""height"":98,""weight"":189,""materials"":[""corrugated box"",""bubble wrap""],""rule_id"":""fallback_default"",""source"":""fallback_default"",""reason"":""No active packaging rule matched (variant > product > category)""}","{""source"":""fallback_default"",""reason"":""No active packaging rule matched (variant > product > category)"",""matched_packaging_rule_id"":null,""matched_packaging_rule_level"":null}",2026-08-18 05:31:09.686571,2026-08-18 05:31:14,2026-08-18 05:31:14
56,154,COMPLETED,1,fallback_default,,Box,1,50x50x50,50.0,50.0,50.0,50.0,"[""corrugated box"",""bubble wrap""]",,0,,,,,,,,"{""packaging_type"":""Box"",""number_of_boxes"":1,""dimensions"":""50x50x50"",""length"":50,""width"":50,""height"":50,""weight"":50,""materials"":[""corrugated box"",""bubble wrap""],""rule_id"":""fallback_default"",""source"":""fallback_default"",""reason"":""No active packaging rule matched (variant > product > category)""}","{""source"":""fallback_default"",""reason"":""No active packaging rule matched (variant > product > category)"",""matched_packaging_rule_id"":null,""matched_packaging_rule_level"":null}",2026-08-19 10:01:20.737600,2026-08-19 10:01:21,2026-08-19 10:01:22
57,158,COMPLETED,1,fallback_default,,Box,1,19x89x98,19.0,89.0,98.0,189.0,"[""corrugated box"",""bubble wrap""]",,0,,,,,,,,"{""packaging_type"":""Box"",""number_of_boxes"":1,""dimensions"":""19x89x98"",""length"":19,""width"":89,""height"":98,""weight"":189,""materials"":[""corrugated box"",""bubble wrap""],""rule_id"":""fallback_default"",""source"":""fallback_default"",""reason"":""No active packaging rule matched (variant > product > category)""}","{""source"":""fallback_default"",""reason"":""No active packaging rule matched (variant > product > category)"",""matched_packaging_rule_id"":null,""matched_packaging_rule_level"":null}",2026-08-20 13:14:24.875043,2026-08-20 13:14:26,2026-08-20 13:14:26
58,162,COMPLETED,1,fallback_default,,Box,1,20x20x20,20.0,20.0,20.0,25.0,"[""corrugated box"",""bubble wrap""]",,0,,,,,,,,"{""packaging_type"":""Box"",""number_of_boxes"":1,""dimensions"":""20x20x20"",""length"":20,""width"":20,""height"":20,""weight"":25,""materials"":[""corrugated box"",""bubble wrap""],""rule_id"":""fallback_default"",""source"":""fallback_default"",""reason"":""No active packaging rule matched (variant > product > category)""}","{""source"":""fallback_default"",""reason"":""No active packaging rule matched (variant > product > category)"",""matched_packaging_rule_id"":null,""matched_packaging_rule_level"":null}",2026-08-20 13:41:38.509594,2026-08-20 13:41:39,2026-08-20 13:41:40
59,164,COMPLETED,1,fallback_default,,Box,1,50x50x50,50.0,50.0,50.0,60.0,"[""corrugated box"",""bubble wrap""]",,0,,,,,,,,"{""packaging_type"":""Box"",""number_of_boxes"":1,""dimensions"":""50x50x50"",""length"":50,""width"":50,""height"":50,""weight"":60,""materials"":[""corrugated box"",""bubble wrap""],""rule_id"":""fallback_default"",""source"":""fallback_default"",""reason"":""No active packaging rule matched (variant > product > category)""}","{""source"":""fallback_default"",""reason"":""No active packaging rule matched (variant > product > category)"",""matched_packaging_rule_id"":null,""matched_packaging_rule_level"":null}",2026-08-21 15:28:20.543944,2026-08-21 15:28:21,2026-08-21 15:28:21
60,166,COMPLETED,1,fallback_default,,Box,1,50x50x50,50.0,50.0,50.0,60.0,"[""corrugated box"",""bubble wrap""]",,0,,,,,,,,"{""packaging_type"":""Box"",""number_of_boxes"":1,""dimensions"":""50x50x50"",""length"":50,""width"":50,""height"":50,""weight"":60,""materials"":[""corrugated box"",""bubble wrap""],""rule_id"":""fallback_default"",""source"":""fallback_default"",""reason"":""No active packaging rule matched (variant > product > category)""}","{""source"":""fallback_default"",""reason"":""No active packaging rule matched (variant > product > category)"",""matched_packaging_rule_id"":null,""matched_packaging_rule_level"":null}",2026-08-21 15:33:49.824910,2026-08-21 15:33:50,2026-08-21 15:33:51
61,170,AUTO_APPLIED,1,fallback_default,,Box,1,50x50x50,50.0,50.0,50.0,60.0,"[""corrugated box"",""bubble wrap""]",,0,,,,,,,,"{""packaging_type"":""Box"",""number_of_boxes"":1,""dimensions"":""50x50x50"",""length"":50,""width"":50,""height"":50,""weight"":60,""materials"":[""corrugated box"",""bubble wrap""],""rule_id"":""fallback_default"",""source"":""fallback_default"",""reason"":""No active packaging rule matched (variant > product > category)""}","{""source"":""fallback_default"",""reason"":""No active packaging rule matched (variant > product > category)"",""matched_packaging_rule_id"":null,""matched_packaging_rule_level"":null}",2026-08-22 06:36:44.944622,2026-08-22 06:36:44.944622,
62,171,COMPLETED,1,fallback_default,,Box,1,50x50x50,50.0,50.0,50.0,60.0,"[""corrugated box"",""bubble wrap""]",,0,,,,,,,,"{""packaging_type"":""Box"",""number_of_boxes"":1,""dimensions"":""50x50x50"",""length"":50,""width"":50,""height"":50,""weight"":60,""materials"":[""corrugated box"",""bubble wrap""],""rule_id"":""fallback_default"",""source"":""fallback_default"",""reason"":""No active packaging rule matched (variant > product > category)""}","{""source"":""fallback_default"",""reason"":""No active packaging rule matched (variant > product > category)"",""matched_packaging_rule_id"":null,""matched_packaging_rule_level"":null}",2026-08-22 06:36:45.150533,2026-08-22 06:37:56,2026-08-22 06:37:57
63,174,AUTO_APPLIED,1,fallback_default,,Box,1,50x50x50,50.0,50.0,50.0,60.0,"[""corrugated box"",""bubble wrap""]",,0,,,,,,,,"{""packaging_type"":""Box"",""number_of_boxes"":1,""dimensions"":""50x50x50"",""length"":50,""width"":50,""height"":50,""weight"":60,""materials"":[""corrugated box"",""bubble wrap""],""rule_id"":""fallback_default"",""source"":""fallback_default"",""reason"":""No active packaging rule matched (variant > product > category)""}","{""source"":""fallback_default"",""reason"":""No active packaging rule matched (variant > product > category)"",""matched_packaging_rule_id"":null,""matched_packaging_rule_level"":null}",2026-08-22 06:46:57.098375,2026-08-22 06:46:57.098375,
64,175,COMPLETED,1,fallback_default,,Box,1,50x50x50,50.0,50.0,50.0,60.0,"[""corrugated box"",""bubble wrap""]",,0,,,,,,,,"{""packaging_type"":""Box"",""number_of_boxes"":1,""dimensions"":""50x50x50"",""length"":50,""width"":50,""height"":50,""weight"":60,""materials"":[""corrugated box"",""bubble wrap""],""rule_id"":""fallback_default"",""source"":""fallback_default"",""reason"":""No active packaging rule matched (variant > product > category)""}","{""source"":""fallback_default"",""reason"":""No active packaging rule matched (variant > product > category)"",""matched_packaging_rule_id"":null,""matched_packaging_rule_level"":null}",2026-08-22 06:46:57.287414,2026-08-22 06:47:38,2026-08-22 06:47:38
65,179,COMPLETED,1,fallback_default,,Box,1,5x8x8,5.0,8.0,8.0,500.0,"[""corrugated box"",""bubble wrap""]",,0,,,,,,,,"{""packaging_type"":""Box"",""number_of_boxes"":1,""dimensions"":""5x8x8"",""length"":5,""width"":8,""height"":8,""weight"":500,""materials"":[""corrugated box"",""bubble wrap""],""rule_id"":""fallback_default"",""source"":""fallback_default"",""reason"":""No active packaging rule matched (variant > product > category)""}","{""source"":""fallback_default"",""reason"":""No active packaging rule matched (variant > product > category)"",""matched_packaging_rule_id"":null,""matched_packaging_rule_level"":null}",2026-08-22 10:19:07.136449,2026-08-22 10:19:08,2026-08-22 10:19:08
66,180,AUTO_APPLIED,1,fallback_default,,Box,1,20x20x20,20.0,20.0,20.0,25.0,"[""corrugated box"",""bubble wrap""]",,0,,,,,,,,"{""packaging_type"":""Box"",""number_of_boxes"":1,""dimensions"":""20x20x20"",""length"":20,""width"":20,""height"":20,""weight"":25,""materials"":[""corrugated box"",""bubble wrap""],""rule_id"":""fallback_default"",""source"":""fallback_default"",""reason"":""No active packaging rule matched (variant > product > category)""}","{""source"":""fallback_default"",""reason"":""No active packaging rule matched (variant > product > category)"",""matched_packaging_rule_id"":null,""matched_packaging_rule_level"":null}",2026-08-22 10:29:47.471238,2026-08-22 10:29:47.471238,
67,181,COMPLETED,1,fallback_default,,Box,1,10x8x12,10.0,8.0,12.0,199.0,"[""corrugated box"",""bubble wrap""]",,0,,,,,,,,"{""packaging_type"":""Box"",""number_of_boxes"":1,""dimensions"":""10x8x12"",""length"":10,""width"":8,""height"":12,""weight"":199,""materials"":[""corrugated box"",""bubble wrap""],""rule_id"":""fallback_default"",""source"":""fallback_default"",""reason"":""No active packaging rule matched (variant > product > category)""}","{""source"":""fallback_default"",""reason"":""No active packaging rule matched (variant > product > category)"",""matched_packaging_rule_id"":null,""matched_packaging_rule_level"":null}",2026-08-22 10:33:11.435661,2026-08-22 10:33:12,2026-08-22 10:33:13
68,184,AUTO_APPLIED,1,fallback_default,,Box,1,50x50x50,50.0,50.0,50.0,60.0,"[""corrugated box"",""bubble wrap""]",,0,,,,,,,,"{""packaging_type"":""Box"",""number_of_boxes"":1,""dimensions"":""50x50x50"",""length"":50,""width"":50,""height"":50,""weight"":60,""materials"":[""corrugated box"",""bubble wrap""],""rule_id"":""fallback_default"",""source"":""fallback_default"",""reason"":""No active packaging rule matched (variant > product > category)""}","{""source"":""fallback_default"",""reason"":""No active packaging rule matched (variant > product > category)"",""matched_packaging_rule_id"":null,""matched_packaging_rule_level"":null}",2026-08-25 13:27:44.786901,2026-08-25 13:27:44.786901,
69,186,COMPLETED,1,fallback_default,,Box,1,50x50x50,50.0,50.0,50.0,60.0,"[""corrugated box"",""bubble wrap""]",,0,,,,,,,,"{""packaging_type"":""Box"",""number_of_boxes"":1,""dimensions"":""50x50x50"",""length"":50,""width"":50,""height"":50,""weight"":60,""materials"":[""corrugated box"",""bubble wrap""],""rule_id"":""fallback_default"",""source"":""fallback_default"",""reason"":""No active packaging rule matched (variant > product > category)""}","{""source"":""fallback_default"",""reason"":""No active packaging rule matched (variant > product > category)"",""matched_packaging_rule_id"":null,""matched_packaging_rule_level"":null}",2026-08-25 13:32:16.155793,2026-08-25 13:32:17,2026-08-25 13:32:17
70,190,COMPLETED,1,fallback_default,,Box,1,50x50x50,50.0,50.0,50.0,60.0,"[""corrugated box"",""bubble wrap""]",,0,,,,,,,,"{""packaging_type"":""Box"",""number_of_boxes"":1,""dimensions"":""50x50x50"",""length"":50,""width"":50,""height"":50,""weight"":60,""materials"":[""corrugated box"",""bubble wrap""],""rule_id"":""fallback_default"",""source"":""fallback_default"",""reason"":""No active packaging rule matched (variant > product > category)""}","{""source"":""fallback_default"",""reason"":""No active packaging rule matched (variant > product > category)"",""matched_packaging_rule_id"":null,""matched_packaging_rule_level"":null}",2026-08-25 13:37:57.638121,2026-08-25 13:37:58,2026-08-25 13:37:59
71,193,COMPLETED,1,fallback_default,,Box,1,50x50x50,50.0,50.0,50.0,60.0,"[""corrugated box"",""bubble wrap""]",,0,,,,,,,,"{""packaging_type"":""Box"",""number_of_boxes"":1,""dimensions"":""50x50x50"",""length"":50,""width"":50,""height"":50,""weight"":60,""materials"":[""corrugated box"",""bubble wrap""],""rule_id"":""fallback_default"",""source"":""fallback_default"",""reason"":""No active packaging rule matched (variant > product > category)""}","{""source"":""fallback_default"",""reason"":""No active packaging rule matched (variant > product > category)"",""matched_packaging_rule_id"":null,""matched_packaging_rule_level"":null}",2026-08-26 17:16:32.106192,2026-08-26 17:16:33,2026-08-26 17:16:33
72,196,COMPLETED,1,fallback_default,,Box,1,50x50x50,50.0,50.0,50.0,60.0,"[""corrugated box"",""bubble wrap""]",,0,,,,,,,,"{""packaging_type"":""Box"",""number_of_boxes"":1,""dimensions"":""50x50x50"",""length"":50,""width"":50,""height"":50,""weight"":60,""materials"":[""corrugated box"",""bubble wrap""],""rule_id"":""fallback_default"",""source"":""fallback_default"",""reason"":""No active packaging rule matched (variant > product > category)""}","{""source"":""fallback_default"",""reason"":""No active packaging rule matched (variant > product > category)"",""matched_packaging_rule_id"":null,""matched_packaging_rule_level"":null}",2026-08-26 18:00:44.312286,2026-08-26 18:00:45,2026-08-26 18:00:45
73,199,COMPLETED,1,fallback_default,,Box,1,50x50x50,50.0,50.0,50.0,60.0,"[""corrugated box"",""bubble wrap""]",,0,,,,,,,,"{""packaging_type"":""Box"",""number_of_boxes"":1,""dimensions"":""50x50x50"",""length"":50,""width"":50,""height"":50,""weight"":60,""materials"":[""corrugated box"",""bubble wrap""],""rule_id"":""fallback_default"",""source"":""fallback_default"",""reason"":""No active packaging rule matched (variant > product > category)""}","{""source"":""fallback_default"",""reason"":""No active packaging rule matched (variant > product > category)"",""matched_packaging_rule_id"":null,""matched_packaging_rule_level"":null}",2026-08-26 18:16:44.107903,2026-08-26 18:16:45,2026-08-26 18:16:45
74,205,COMPLETED,1,fallback_default,,Box,1,20x20x20,20.0,20.0,20.0,25.0,"[""corrugated box"",""bubble wrap""]",,0,,,,,,,,"{""packaging_type"":""Box"",""number_of_boxes"":1,""dimensions"":""20x20x20"",""length"":20,""width"":20,""height"":20,""weight"":25,""materials"":[""corrugated box"",""bubble wrap""],""rule_id"":""fallback_default"",""source"":""fallback_default"",""reason"":""No active packaging rule matched (variant > product > category)""}","{""source"":""fallback_default"",""reason"":""No active packaging rule matched (variant > product > category)"",""matched_packaging_rule_id"":null,""matched_packaging_rule_level"":null}",2026-08-27 11:33:52.699195,2026-08-27 11:33:53,2026-08-27 11:33:54
75,207,COMPLETED,1,fallback_default,,Box,1,19x89x98,19.0,89.0,98.0,189.0,"[""corrugated box"",""bubble wrap""]",,0,,,,,,,,"{""packaging_type"":""Box"",""number_of_boxes"":1,""dimensions"":""19x89x98"",""length"":19,""width"":89,""height"":98,""weight"":189,""materials"":[""corrugated box"",""bubble wrap""],""rule_id"":""fallback_default"",""source"":""fallback_default"",""reason"":""No active packaging rule matched (variant > product > category)""}","{""source"":""fallback_default"",""reason"":""No active packaging rule matched (variant > product > category)"",""matched_packaging_rule_id"":null,""matched_packaging_rule_level"":null}",2026-08-29 06:32:02.568853,2026-08-29 06:32:04,2026-08-29 06:32:04
76,209,COMPLETED,1,fallback_default,,Box,1,19x89x98,19.0,89.0,98.0,189.0,"[""corrugated box"",""bubble wrap""]",,0,,,,,,,,"{""packaging_type"":""Box"",""number_of_boxes"":1,""dimensions"":""19x89x98"",""length"":19,""width"":89,""height"":98,""weight"":189,""materials"":[""corrugated box"",""bubble wrap""],""rule_id"":""fallback_default"",""source"":""fallback_default"",""reason"":""No active packaging rule matched (variant > product > category)""}","{""source"":""fallback_default"",""reason"":""No active packaging rule matched (variant > product > category)"",""matched_packaging_rule_id"":null,""matched_packaging_rule_level"":null}",2026-08-29 07:18:32.605596,2026-08-29 07:18:33,2026-08-29 07:18:34
77,212,COMPLETED,1,fallback_default,,Box,1,50x50x50,50.0,50.0,50.0,60.0,"[""corrugated box"",""bubble wrap""]",,0,,,,,,,,"{""packaging_type"":""Box"",""number_of_boxes"":1,""dimensions"":""50x50x50"",""length"":50,""width"":50,""height"":50,""weight"":60,""materials"":[""corrugated box"",""bubble wrap""],""rule_id"":""fallback_default"",""source"":""fallback_default"",""reason"":""No active packaging rule matched (variant > product > category)""}","{""source"":""fallback_default"",""reason"":""No active packaging rule matched (variant > product > category)"",""matched_packaging_rule_id"":null,""matched_packaging_rule_level"":null}",2026-08-31 09:00:18.654752,2026-08-31 09:00:19,2026-08-31 09:00:20
78,218,COMPLETED,1,fallback_default,,Box,1,50x50x50,50.0,50.0,50.0,50.0,"[""corrugated box"",""bubble wrap""]",,0,,,,,,,,"{""packaging_type"":""Box"",""number_of_boxes"":1,""dimensions"":""50x50x50"",""length"":50,""width"":50,""height"":50,""weight"":50,""materials"":[""corrugated box"",""bubble wrap""],""rule_id"":""fallback_default"",""source"":""fallback_default"",""reason"":""No active packaging rule matched (variant > product > category)""}","{""source"":""fallback_default"",""reason"":""No active packaging rule matched (variant > product > category)"",""matched_packaging_rule_id"":null,""matched_packaging_rule_level"":null}",2026-09-03 08:13:46.701455,2026-09-03 08:13:48,2026-09-03 08:13:49
79,220,COMPLETED,1,fallback_default,,Box,1,20x20x20,20.0,20.0,20.0,25.0,"[""corrugated box"",""bubble wrap""]",,0,,,,,,,,"{""packaging_type"":""Box"",""number_of_boxes"":1,""dimensions"":""20x20x20"",""length"":20,""width"":20,""height"":20,""weight"":25,""materials"":[""corrugated box"",""bubble wrap""],""rule_id"":""fallback_default"",""source"":""fallback_default"",""reason"":""No active packaging rule matched (variant > product > category)""}","{""source"":""fallback_default"",""reason"":""No active packaging rule matched (variant > product > category)"",""matched_packaging_rule_id"":null,""matched_packaging_rule_level"":null}",2026-09-03 08:48:40.368189,2026-09-03 08:48:41,2026-09-03 08:48:42
80,222,COMPLETED,1,fallback_default,,Box,1,20x20x20,20.0,20.0,20.0,25.0,"[""corrugated box"",""bubble wrap""]",,0,,,,,,,,"{""packaging_type"":""Box"",""number_of_boxes"":1,""dimensions"":""20x20x20"",""length"":20,""width"":20,""height"":20,""weight"":25,""materials"":[""corrugated box"",""bubble wrap""],""rule_id"":""fallback_default"",""source"":""fallback_default"",""reason"":""No active packaging rule matched (variant > product > category)""}","{""source"":""fallback_default"",""reason"":""No active packaging rule matched (variant > product > category)"",""matched_packaging_rule_id"":null,""matched_packaging_rule_level"":null}",2026-09-03 09:12:24.138422,2026-09-03 09:12:25,2026-09-03 09:12:25
81,224,COMPLETED,1,fallback_default,,Box,1,50x50x50,50.0,50.0,50.0,50.0,"[""corrugated box"",""bubble wrap""]",,0,,,,,,,,"{""packaging_type"":""Box"",""number_of_boxes"":1,""dimensions"":""50x50x50"",""length"":50,""width"":50,""height"":50,""weight"":50,""materials"":[""corrugated box"",""bubble wrap""],""rule_id"":""fallback_default"",""source"":""fallback_default"",""reason"":""No active packaging rule matched (variant > product > category)""}","{""source"":""fallback_default"",""reason"":""No active packaging rule matched (variant > product > category)"",""matched_packaging_rule_id"":null,""matched_packaging_rule_level"":null}",2026-09-03 09:18:47.410660,2026-09-03 09:18:48,2026-09-03 09:18:48
82,226,AUTO_APPLIED,1,fallback_default,,Box,1,19x89x98,19.0,89.0,98.0,189.0,"[""corrugated box"",""bubble wrap""]",,0,,,,,,,,"{""packaging_type"":""Box"",""number_of_boxes"":1,""dimensions"":""19x89x98"",""length"":19,""width"":89,""height"":98,""weight"":189,""materials"":[""corrugated box"",""bubble wrap""],""rule_id"":""fallback_default"",""source"":""fallback_default"",""reason"":""No active packaging rule matched (variant > product > category)""}","{""source"":""fallback_default"",""reason"":""No active packaging rule matched (variant > product > category)"",""matched_packaging_rule_id"":null,""matched_packaging_rule_level"":null}",2026-09-03 10:57:36.642080,2026-09-03 10:57:36.642080,
83,228,COMPLETED,1,fallback_default,,Box,1,19x89x98,19.0,89.0,98.0,189.0,"[""corrugated box"",""bubble wrap""]",,0,,,,,,,,"{""packaging_type"":""Box"",""number_of_boxes"":1,""dimensions"":""19x89x98"",""length"":19,""width"":89,""height"":98,""weight"":189,""materials"":[""corrugated box"",""bubble wrap""],""rule_id"":""fallback_default"",""source"":""fallback_default"",""reason"":""No active packaging rule matched (variant > product > category)""}","{""source"":""fallback_default"",""reason"":""No active packaging rule matched (variant > product > category)"",""matched_packaging_rule_id"":null,""matched_packaging_rule_level"":null}",2026-09-03 11:07:48.928212,2026-09-03 11:07:50,2026-09-03 11:07:50
84,230,COMPLETED,1,fallback_default,,Box,1,19x89x98,19.0,89.0,98.0,189.0,"[""corrugated box"",""bubble wrap""]",,0,,,,,,,,"{""packaging_type"":""Box"",""number_of_boxes"":1,""dimensions"":""19x89x98"",""length"":19,""width"":89,""height"":98,""weight"":189,""materials"":[""corrugated box"",""bubble wrap""],""rule_id"":""fallback_default"",""source"":""fallback_default"",""reason"":""No active packaging rule matched (variant > product > category)""}","{""source"":""fallback_default"",""reason"":""No active packaging rule matched (variant > product > category)"",""matched_packaging_rule_id"":null,""matched_packaging_rule_level"":null}",2026-09-03 11:15:44.187434,2026-09-03 11:15:45,2026-09-03 11:15:45
85,235,COMPLETED,1,fallback_default,,Box,1,20x15x30,20.0,15.0,30.0,5.0,"[""corrugated box"",""bubble wrap""]",,0,,,,,,,,"{""packaging_type"":""Box"",""number_of_boxes"":1,""dimensions"":""20x15x30"",""length"":20,""width"":15,""height"":30,""weight"":5,""materials"":[""corrugated box"",""bubble wrap""],""rule_id"":""fallback_default"",""source"":""fallback_default"",""reason"":""No active packaging rule matched (variant > product > category)""}","{""source"":""fallback_default"",""reason"":""No active packaging rule matched (variant > product > category)"",""matched_packaging_rule_id"":null,""matched_packaging_rule_level"":null}",2026-09-04 04:17:21.257877,2026-09-04 04:17:22,2026-09-04 04:17:22
86,237,COMPLETED,1,fallback_default,,Box,1,30x30x30,30.0,30.0,30.0,50.0,"[""corrugated box"",""bubble wrap""]",,0,,,,,,,,"{""packaging_type"":""Box"",""number_of_boxes"":1,""dimensions"":""30x30x30"",""length"":30,""width"":30,""height"":30,""weight"":50,""materials"":[""corrugated box"",""bubble wrap""],""rule_id"":""fallback_default"",""source"":""fallback_default"",""reason"":""No active packaging rule matched (variant > product > category)""}","{""source"":""fallback_default"",""reason"":""No active packaging rule matched (variant > product > category)"",""matched_packaging_rule_id"":null,""matched_packaging_rule_level"":null}",2026-09-04 08:37:04.968148,2026-09-04 08:37:06,2026-09-04 08:37:06
87,240,COMPLETED,1,fallback_default,,Box,1,20x20x20,20.0,20.0,20.0,25.0,"[""corrugated box"",""bubble wrap""]",,0,,,,,,,,"{""packaging_type"":""Box"",""number_of_boxes"":1,""dimensions"":""20x20x20"",""length"":20,""width"":20,""height"":20,""weight"":25,""materials"":[""corrugated box"",""bubble wrap""],""rule_id"":""fallback_default"",""source"":""fallback_default"",""reason"":""No active packaging rule matched (variant > product > category)""}","{""source"":""fallback_default"",""reason"":""No active packaging rule matched (variant > product > category)"",""matched_packaging_rule_id"":null,""matched_packaging_rule_level"":null}",2026-09-04 10:29:16.826703,2026-09-04 10:29:17,2026-09-04 10:29:18
88,242,COMPLETED,1,fallback_default,,Box,1,30x30x30,30.0,30.0,30.0,50.0,"[""corrugated box"",""bubble wrap""]",,0,,,,,,,,"{""packaging_type"":""Box"",""number_of_boxes"":1,""dimensions"":""30x30x30"",""length"":30,""width"":30,""height"":30,""weight"":50,""materials"":[""corrugated box"",""bubble wrap""],""rule_id"":""fallback_default"",""source"":""fallback_default"",""reason"":""No active packaging rule matched (variant > product > category)""}","{""source"":""fallback_default"",""reason"":""No active packaging rule matched (variant > product > category)"",""matched_packaging_rule_id"":null,""matched_packaging_rule_level"":null}",2026-09-04 10:48:08.096199,2026-09-04 10:48:10,2026-09-04 10:48:10
89,244,COMPLETED,1,fallback_default,,Box,1,20x15x30,20.0,15.0,30.0,5.0,"[""corrugated box"",""bubble wrap""]",,0,,,,,,,,"{""packaging_type"":""Box"",""number_of_boxes"":1,""dimensions"":""20x15x30"",""length"":20,""width"":15,""height"":30,""weight"":5,""materials"":[""corrugated box"",""bubble wrap""],""rule_id"":""fallback_default"",""source"":""fallback_default"",""reason"":""No active packaging rule matched (variant > product > category)""}","{""source"":""fallback_default"",""reason"":""No active packaging rule matched (variant > product > category)"",""matched_packaging_rule_id"":null,""matched_packaging_rule_level"":null}",2026-09-04 10:51:54.530762,2026-09-04 10:51:55,2026-09-04 10:51:55
90,246,COMPLETED,1,fallback_default,,Box,1,20x15x30,20.0,15.0,30.0,5.0,"[""corrugated box"",""bubble wrap""]",,0,,,,,,,,"{""packaging_type"":""Box"",""number_of_boxes"":1,""dimensions"":""20x15x30"",""length"":20,""width"":15,""height"":30,""weight"":5,""materials"":[""corrugated box"",""bubble wrap""],""rule_id"":""fallback_default"",""source"":""fallback_default"",""reason"":""No active packaging rule matched (variant > product > category)""}","{""source"":""fallback_default"",""reason"":""No active packaging rule matched (variant > product > category)"",""matched_packaging_rule_id"":null,""matched_packaging_rule_level"":null}",2026-09-04 12:19:02.521000,2026-09-04 12:19:03,2026-09-04 12:19:04
91,248,COMPLETED,1,fallback_default,,Box,1,300x300x140,300.0,300.0,140.0,4.0,"[""corrugated box"",""bubble wrap""]",,0,,,,,,,,"{""packaging_type"":""Box"",""number_of_boxes"":1,""dimensions"":""300x300x140"",""length"":300,""width"":300,""height"":140,""weight"":4,""materials"":[""corrugated box"",""bubble wrap""],""rule_id"":""fallback_default"",""source"":""fallback_default"",""reason"":""No active packaging rule matched (variant > product > category)""}","{""source"":""fallback_default"",""reason"":""No active packaging rule matched (variant > product > category)"",""matched_packaging_rule_id"":null,""matched_packaging_rule_level"":null}",2026-09-05 08:34:37.039158,2026-09-05 08:34:37,2026-09-05 08:34:38
92,252,COMPLETED,1,fallback_default,,Box,1,300x300x140,300.0,300.0,140.0,4.0,"[""corrugated box"",""bubble wrap""]",,0,,,,,,,,"{""packaging_type"":""Box"",""number_of_boxes"":1,""dimensions"":""300x300x140"",""length"":300,""width"":300,""height"":140,""weight"":4,""materials"":[""corrugated box"",""bubble wrap""],""rule_id"":""fallback_default"",""source"":""fallback_default"",""reason"":""No active packaging rule matched (variant > product > category)""}","{""source"":""fallback_default"",""reason"":""No active packaging rule matched (variant > product > category)"",""matched_packaging_rule_id"":null,""matched_packaging_rule_level"":null}",2026-09-05 10:47:05.198461,2026-09-05 10:47:06,2026-09-05 10:47:06
93,255,AUTO_APPLIED,1,fallback_default,,Box,1,300x300x140,300.0,300.0,140.0,4.0,"[""corrugated box"",""bubble wrap""]",,0,,,,,,,,"{""packaging_type"":""Box"",""number_of_boxes"":1,""dimensions"":""300x300x140"",""length"":300,""width"":300,""height"":140,""weight"":4,""materials"":[""corrugated box"",""bubble wrap""],""rule_id"":""fallback_default"",""source"":""fallback_default"",""reason"":""No active packaging rule matched (variant > product > category)""}","{""source"":""fallback_default"",""reason"":""No active packaging rule matched (variant > product > category)"",""matched_packaging_rule_id"":null,""matched_packaging_rule_level"":null}",2026-09-05 11:09:54.338607,2026-09-05 11:09:54.338607,
94,256,AUTO_APPLIED,1,fallback_default,,Box,1,300x300x140,300.0,300.0,140.0,4.0,"[""corrugated box"",""bubble wrap""]",,0,,,,,,,,"{""packaging_type"":""Box"",""number_of_boxes"":1,""dimensions"":""300x300x140"",""length"":300,""width"":300,""height"":140,""weight"":4,""materials"":[""corrugated box"",""bubble wrap""],""rule_id"":""fallback_default"",""source"":""fallback_default"",""reason"":""No active packaging rule matched (variant > product > category)""}","{""source"":""fallback_default"",""reason"":""No active packaging rule matched (variant > product > category)"",""matched_packaging_rule_id"":null,""matched_packaging_rule_level"":null}",2026-09-05 11:09:54.373946,2026-09-05 11:09:54.373946,
95,258,COMPLETED,1,fallback_default,,Box,1,300x300x140,300.0,300.0,140.0,4.0,"[""corrugated box"",""bubble wrap""]",,0,,,,,,,,"{""packaging_type"":""Box"",""number_of_boxes"":1,""dimensions"":""300x300x140"",""length"":300,""width"":300,""height"":140,""weight"":4,""materials"":[""corrugated box"",""bubble wrap""],""rule_id"":""fallback_default"",""source"":""fallback_default"",""reason"":""No active packaging rule matched (variant > product > category)""}","{""source"":""fallback_default"",""reason"":""No active packaging rule matched (variant > product > category)"",""matched_packaging_rule_id"":null,""matched_packaging_rule_level"":null}",2026-09-07 10:24:01.112922,2026-09-07 10:24:02,2026-09-07 10:24:02
96,261,COMPLETED,1,fallback_default,,Box,1,50x50x50,50.0,50.0,50.0,50.0,"[""corrugated box"",""bubble wrap""]",,0,,,,,,,,"{""packaging_type"":""Box"",""number_of_boxes"":1,""dimensions"":""50x50x50"",""length"":50,""width"":50,""height"":50,""weight"":50,""materials"":[""corrugated box"",""bubble wrap""],""rule_id"":""fallback_default"",""source"":""fallback_default"",""reason"":""No active packaging rule matched (variant > product > category)""}","{""source"":""fallback_default"",""reason"":""No active packaging rule matched (variant > product > category)"",""matched_packaging_rule_id"":null,""matched_packaging_rule_level"":null}",2026-09-08 11:08:41.309208,2026-09-08 11:08:42,2026-09-08 11:08:43
97,266,COMPLETED,1,fallback_default,,Box,1,300x300x140,300.0,300.0,140.0,4.0,"[""corrugated box"",""bubble wrap""]",,0,,,,,,,,"{""packaging_type"":""Box"",""number_of_boxes"":1,""dimensions"":""300x300x140"",""length"":300,""width"":300,""height"":140,""weight"":4,""materials"":[""corrugated box"",""bubble wrap""],""rule_id"":""fallback_default"",""source"":""fallback_default"",""reason"":""No active packaging rule matched (variant > product > category)""}","{""source"":""fallback_default"",""reason"":""No active packaging rule matched (variant > product > category)"",""matched_packaging_rule_id"":null,""matched_packaging_rule_level"":null}",2026-09-08 17:31:29.758633,2026-09-08 17:31:30,2026-09-08 17:31:31
98,269,COMPLETED,1,fallback_default,,Box,1,300x300x140,300.0,300.0,140.0,4.0,"[""corrugated box"",""bubble wrap""]",,0,,,,,,,,"{""packaging_type"":""Box"",""number_of_boxes"":1,""dimensions"":""300x300x140"",""length"":300,""width"":300,""height"":140,""weight"":4,""materials"":[""corrugated box"",""bubble wrap""],""rule_id"":""fallback_default"",""source"":""fallback_default"",""reason"":""No active packaging rule matched (variant > product > category)""}","{""source"":""fallback_default"",""reason"":""No active packaging rule matched (variant > product > category)"",""matched_packaging_rule_id"":null,""matched_packaging_rule_level"":null}",2026-09-08 17:53:10.664959,2026-09-08 17:53:11,2026-09-08 17:53:11
99,276,COMPLETED,1,fallback_default,,Box,1,300x300x140,300.0,300.0,140.0,4.0,"[""corrugated box"",""bubble wrap""]",,0,,,,,,,,"{""packaging_type"":""Box"",""number_of_boxes"":1,""dimensions"":""300x300x140"",""length"":300,""width"":300,""height"":140,""weight"":4,""materials"":[""corrugated box"",""bubble wrap""],""rule_id"":""fallback_default"",""source"":""fallback_default"",""reason"":""No active packaging rule matched (variant > product > category)""}","{""source"":""fallback_default"",""reason"":""No active packaging rule matched (variant > product > category)"",""matched_packaging_rule_id"":null,""matched_packaging_rule_level"":null}",2026-09-09 06:23:37.889361,2026-09-09 06:23:38,2026-09-09 06:23:39
100,279,AUTO_APPLIED,1,fallback_default,,Box,1,300x300x140,300.0,300.0,140.0,4.0,"[""corrugated box"",""bubble wrap""]",,0,,,,,,,,"{""packaging_type"":""Box"",""number_of_boxes"":1,""dimensions"":""300x300x140"",""length"":300,""width"":300,""height"":140,""weight"":4,""materials"":[""corrugated box"",""bubble wrap""],""rule_id"":""fallback_default"",""source"":""fallback_default"",""reason"":""No active packaging rule matched (variant > product > category)""}","{""source"":""fallback_default"",""reason"":""No active packaging rule matched (variant > product > category)"",""matched_packaging_rule_id"":null,""matched_packaging_rule_level"":null}",2026-09-09 06:38:41.205286,2026-09-09 06:38:41.205286,
101,280,AUTO_APPLIED,1,fallback_default,,Box,1,300x300x140,300.0,300.0,140.0,4.0,"[""corrugated box"",""bubble wrap""]",,0,,,,,,,,"{""packaging_type"":""Box"",""number_of_boxes"":1,""dimensions"":""300x300x140"",""length"":300,""width"":300,""height"":140,""weight"":4,""materials"":[""corrugated box"",""bubble wrap""],""rule_id"":""fallback_default"",""source"":""fallback_default"",""reason"":""No active packaging rule matched (variant > product > category)""}","{""source"":""fallback_default"",""reason"":""No active packaging rule matched (variant > product > category)"",""matched_packaging_rule_id"":null,""matched_packaging_rule_level"":null}",2026-09-09 06:38:41.342443,2026-09-09 06:38:41.342443,
102,282,COMPLETED,1,fallback_default,,Box,1,300x300x140,300.0,300.0,140.0,4.0,"[""corrugated box"",""bubble wrap""]",,0,,,,,,,,"{""packaging_type"":""Box"",""number_of_boxes"":1,""dimensions"":""300x300x140"",""length"":300,""width"":300,""height"":140,""weight"":4,""materials"":[""corrugated box"",""bubble wrap""],""rule_id"":""fallback_default"",""source"":""fallback_default"",""reason"":""No active packaging rule matched (variant > product > category)""}","{""source"":""fallback_default"",""reason"":""No active packaging rule matched (variant > product > category)"",""matched_packaging_rule_id"":null,""matched_packaging_rule_level"":null}",2026-09-09 07:32:39.057231,2026-09-09 07:32:40,2026-09-09 07:32:40
103,285,COMPLETED,1,fallback_default,,Box,1,50x50x50,50.0,50.0,50.0,50.0,"[""corrugated box"",""bubble wrap""]",,0,,,,,,,,"{""packaging_type"":""Box"",""number_of_boxes"":1,""dimensions"":""50x50x50"",""length"":50,""width"":50,""height"":50,""weight"":50,""materials"":[""corrugated box"",""bubble wrap""],""rule_id"":""fallback_default"",""source"":""fallback_default"",""reason"":""No active packaging rule matched (variant > product > category)""}","{""source"":""fallback_default"",""reason"":""No active packaging rule matched (variant > product > category)"",""matched_packaging_rule_id"":null,""matched_packaging_rule_level"":null}",2026-09-09 07:52:03.782461,2026-09-09 07:52:04,2026-09-09 07:52:05
104,288,COMPLETED,1,fallback_default,,Box,1,50x50x50,50.0,50.0,50.0,50.0,"[""corrugated box"",""bubble wrap""]",,0,,,,,,,,"{""packaging_type"":""Box"",""number_of_boxes"":1,""dimensions"":""50x50x50"",""length"":50,""width"":50,""height"":50,""weight"":50,""materials"":[""corrugated box"",""bubble wrap""],""rule_id"":""fallback_default"",""source"":""fallback_default"",""reason"":""No active packaging rule matched (variant > product > category)""}","{""source"":""fallback_default"",""reason"":""No active packaging rule matched (variant > product > category)"",""matched_packaging_rule_id"":null,""matched_packaging_rule_level"":null}",2026-09-09 09:02:56.619064,2026-09-09 09:02:57,2026-09-09 09:02:57
105,291,AUTO_APPLIED,1,fallback_default,,Box,1,50x50x50,50.0,50.0,50.0,50.0,"[""corrugated box"",""bubble wrap""]",,0,,,,,,,,"{""packaging_type"":""Box"",""number_of_boxes"":1,""dimensions"":""50x50x50"",""length"":50,""width"":50,""height"":50,""weight"":50,""materials"":[""corrugated box"",""bubble wrap""],""rule_id"":""fallback_default"",""source"":""fallback_default"",""reason"":""No active packaging rule matched (variant > product > category)""}","{""source"":""fallback_default"",""reason"":""No active packaging rule matched (variant > product > category)"",""matched_packaging_rule_id"":null,""matched_packaging_rule_level"":null}",2026-09-09 09:11:59.641466,2026-09-09 09:11:59.641466,
106,292,COMPLETED,1,fallback_default,,Box,1,50x50x50,50.0,50.0,50.0,50.0,"[""corrugated box"",""bubble wrap""]",,0,,,,,,,,"{""packaging_type"":""Box"",""number_of_boxes"":1,""dimensions"":""50x50x50"",""length"":50,""width"":50,""height"":50,""weight"":50,""materials"":[""corrugated box"",""bubble wrap""],""rule_id"":""fallback_default"",""source"":""fallback_default"",""reason"":""No active packaging rule matched (variant > product > category)""}","{""source"":""fallback_default"",""reason"":""No active packaging rule matched (variant > product > category)"",""matched_packaging_rule_id"":null,""matched_packaging_rule_level"":null}",2026-09-09 09:11:59.719787,2026-09-09 09:16:58,2026-09-09 09:16:58
107,294,AUTO_APPLIED,1,fallback_default,,Box,1,105x8x8,105.0,8.0,8.0,6.0,"[""corrugated box"",""bubble wrap""]",,0,,,,,,,,"{""packaging_type"":""Box"",""number_of_boxes"":1,""dimensions"":""105x8x8"",""length"":105,""width"":8,""height"":8,""weight"":6,""materials"":[""corrugated box"",""bubble wrap""],""rule_id"":""fallback_default"",""source"":""fallback_default"",""reason"":""No active packaging rule matched (variant > product > category)""}","{""source"":""fallback_default"",""reason"":""No active packaging rule matched (variant > product > category)"",""matched_packaging_rule_id"":null,""matched_packaging_rule_level"":null}",2026-09-09 10:10:21.889124,2026-09-09 10:10:21.889124,
108,296,COMPLETED,1,fallback_default,,Box,1,300x300x140,300.0,300.0,140.0,4.0,"[""corrugated box"",""bubble wrap""]",,0,,,,,,,,"{""packaging_type"":""Box"",""number_of_boxes"":1,""dimensions"":""300x300x140"",""length"":300,""width"":300,""height"":140,""weight"":4,""materials"":[""corrugated box"",""bubble wrap""],""rule_id"":""fallback_default"",""source"":""fallback_default"",""reason"":""No active packaging rule matched (variant > product > category)""}","{""source"":""fallback_default"",""reason"":""No active packaging rule matched (variant > product > category)"",""matched_packaging_rule_id"":null,""matched_packaging_rule_level"":null}",2026-09-09 10:22:01.312582,2026-09-09 10:22:02,2026-09-09 10:22:03
109,298,AUTO_APPLIED,1,fallback_default,,Box,1,300x300x140,300.0,300.0,140.0,4.0,"[""corrugated box"",""bubble wrap""]",,0,,,,,,,,"{""packaging_type"":""Box"",""number_of_boxes"":1,""dimensions"":""300x300x140"",""length"":300,""width"":300,""height"":140,""weight"":4,""materials"":[""corrugated box"",""bubble wrap""],""rule_id"":""fallback_default"",""source"":""fallback_default"",""reason"":""No active packaging rule matched (variant > product > category)""}","{""source"":""fallback_default"",""reason"":""No active packaging rule matched (variant > product > category)"",""matched_packaging_rule_id"":null,""matched_packaging_rule_level"":null}",2026-09-09 10:30:07.367605,2026-09-09 10:30:07.367605,
110,299,AUTO_APPLIED,1,fallback_default,,Box,1,300x300x140,300.0,300.0,140.0,4.0,"[""corrugated box"",""bubble wrap""]",,0,,,,,,,,"{""packaging_type"":""Box"",""number_of_boxes"":1,""dimensions"":""300x300x140"",""length"":300,""width"":300,""height"":140,""weight"":4,""materials"":[""corrugated box"",""bubble wrap""],""rule_id"":""fallback_default"",""source"":""fallback_default"",""reason"":""No active packaging rule matched (variant > product > category)""}","{""source"":""fallback_default"",""reason"":""No active packaging rule matched (variant > product > category)"",""matched_packaging_rule_id"":null,""matched_packaging_rule_level"":null}",2026-09-09 10:30:07.563225,2026-09-09 10:30:07.563225,
111,301,COMPLETED,1,fallback_default,,Box,1,300x300x140,300.0,300.0,140.0,4.0,"[""corrugated box"",""bubble wrap""]",,0,,,,,,,,"{""packaging_type"":""Box"",""number_of_boxes"":1,""dimensions"":""300x300x140"",""length"":300,""width"":300,""height"":140,""weight"":4,""materials"":[""corrugated box"",""bubble wrap""],""rule_id"":""fallback_default"",""source"":""fallback_default"",""reason"":""No active packaging rule matched (variant > product > category)""}","{""source"":""fallback_default"",""reason"":""No active packaging rule matched (variant > product > category)"",""matched_packaging_rule_id"":null,""matched_packaging_rule_level"":null}",2026-09-09 10:58:24.609438,2026-09-09 10:58:25,2026-09-09 10:58:26
112,306,COMPLETED,1,fallback_default,,Box,1,300x300x140,300.0,300.0,140.0,4.0,"[""corrugated box"",""bubble wrap""]",,0,,,,,,,,"{""packaging_type"":""Box"",""number_of_boxes"":1,""dimensions"":""300x300x140"",""length"":300,""width"":300,""height"":140,""weight"":4,""materials"":[""corrugated box"",""bubble wrap""],""rule_id"":""fallback_default"",""source"":""fallback_default"",""reason"":""No active packaging rule matched (variant > product > category)""}","{""source"":""fallback_default"",""reason"":""No active packaging rule matched (variant > product > category)"",""matched_packaging_rule_id"":null,""matched_packaging_rule_level"":null}",2026-09-09 11:22:58.818368,2026-09-09 11:24:21,2026-09-09 11:24:22
113,307,COMPLETED,1,fallback_default,,Box,1,300x300x140,300.0,300.0,140.0,4.0,"[""corrugated box"",""bubble wrap""]",,0,,,,,,,,"{""packaging_type"":""Box"",""number_of_boxes"":1,""dimensions"":""300x300x140"",""length"":300,""width"":300,""height"":140,""weight"":4,""materials"":[""corrugated box"",""bubble wrap""],""rule_id"":""fallback_default"",""source"":""fallback_default"",""reason"":""No active packaging rule matched (variant > product > category)""}","{""source"":""fallback_default"",""reason"":""No active packaging rule matched (variant > product > category)"",""matched_packaging_rule_id"":null,""matched_packaging_rule_level"":null}",2026-09-09 11:22:58.976509,2026-09-09 11:23:48,2026-09-09 11:23:48
114,309,COMPLETED,1,fallback_default,,Box,1,300x300x140,300.0,300.0,140.0,4.0,"[""corrugated box"",""bubble wrap""]",,0,,,,,,,,"{""packaging_type"":""Box"",""number_of_boxes"":1,""dimensions"":""300x300x140"",""length"":300,""width"":300,""height"":140,""weight"":4,""materials"":[""corrugated box"",""bubble wrap""],""rule_id"":""fallback_default"",""source"":""fallback_default"",""reason"":""No active packaging rule matched (variant > product > category)""}","{""source"":""fallback_default"",""reason"":""No active packaging rule matched (variant > product > category)"",""matched_packaging_rule_id"":null,""matched_packaging_rule_level"":null}",2026-09-09 12:25:56.520992,2026-09-09 12:25:57,2026-09-09 12:25:58
115,311,COMPLETED,1,fallback_default,,Box,1,300x300x140,300.0,300.0,140.0,4.0,"[""corrugated box"",""bubble wrap""]",,0,,,,,,,,"{""packaging_type"":""Box"",""number_of_boxes"":1,""dimensions"":""300x300x140"",""length"":300,""width"":300,""height"":140,""weight"":4,""materials"":[""corrugated box"",""bubble wrap""],""rule_id"":""fallback_default"",""source"":""fallback_default"",""reason"":""No active packaging rule matched (variant > product > category)""}","{""source"":""fallback_default"",""reason"":""No active packaging rule matched (variant > product > category)"",""matched_packaging_rule_id"":null,""matched_packaging_rule_level"":null}",2026-09-10 05:52:40.434064,2026-09-10 05:52:41,2026-09-10 05:52:41
116,314,AUTO_APPLIED,1,fallback_default,,Box,1,300x300x140,300.0,300.0,140.0,4.0,"[""corrugated box"",""bubble wrap""]",,0,,,,,,,,"{""packaging_type"":""Box"",""number_of_boxes"":1,""dimensions"":""300x300x140"",""length"":300,""width"":300,""height"":140,""weight"":4,""materials"":[""corrugated box"",""bubble wrap""],""rule_id"":""fallback_default"",""source"":""fallback_default"",""reason"":""No active packaging rule matched (variant > product > category)""}","{""source"":""fallback_default"",""reason"":""No active packaging rule matched (variant > product > category)"",""matched_packaging_rule_id"":null,""matched_packaging_rule_level"":null}",2026-09-10 06:01:03.755976,2026-09-10 06:01:03.755976,
117,315,COMPLETED,1,fallback_default,,Box,1,300x300x140,300.0,300.0,140.0,4.0,"[""corrugated box"",""bubble wrap""]",,0,,,,,,,,"{""packaging_type"":""Box"",""number_of_boxes"":1,""dimensions"":""300x300x140"",""length"":300,""width"":300,""height"":140,""weight"":4,""materials"":[""corrugated box"",""bubble wrap""],""rule_id"":""fallback_default"",""source"":""fallback_default"",""reason"":""No active packaging rule matched (variant > product > category)""}","{""source"":""fallback_default"",""reason"":""No active packaging rule matched (variant > product > category)"",""matched_packaging_rule_id"":null,""matched_packaging_rule_level"":null}",2026-09-10 06:01:03.860412,2026-09-10 06:02:22,2026-09-10 06:02:22
118,317,COMPLETED,1,fallback_default,,Box,1,300x300x140,300.0,300.0,140.0,4.0,"[""corrugated box"",""bubble wrap""]",,0,,,,,,,,"{""packaging_type"":""Box"",""number_of_boxes"":1,""dimensions"":""300x300x140"",""length"":300,""width"":300,""height"":140,""weight"":4,""materials"":[""corrugated box"",""bubble wrap""],""rule_id"":""fallback_default"",""source"":""fallback_default"",""reason"":""No active packaging rule matched (variant > product > category)""}","{""source"":""fallback_default"",""reason"":""No active packaging rule matched (variant > product > category)"",""matched_packaging_rule_id"":null,""matched_packaging_rule_level"":null}",2026-09-10 06:20:53.353117,2026-09-10 06:20:54,2026-09-10 06:20:54
119,320,AUTO_APPLIED,1,fallback_default,,Box,1,300x300x140,300.0,300.0,140.0,4.0,"[""corrugated box"",""bubble wrap""]",,0,,,,,,,,"{""packaging_type"":""Box"",""number_of_boxes"":1,""dimensions"":""300x300x140"",""length"":300,""width"":300,""height"":140,""weight"":4,""materials"":[""corrugated box"",""bubble wrap""],""rule_id"":""fallback_default"",""source"":""fallback_default"",""reason"":""No active packaging rule matched (variant > product > category)""}","{""source"":""fallback_default"",""reason"":""No active packaging rule matched (variant > product > category)"",""matched_packaging_rule_id"":null,""matched_packaging_rule_level"":null}",2026-09-10 06:29:50.126889,2026-09-10 06:29:50.126889,
120,321,COMPLETED,1,fallback_default,,Box,1,300x300x140,300.0,300.0,140.0,4.0,"[""corrugated box"",""bubble wrap""]",,0,,,,,,,,"{""packaging_type"":""Box"",""number_of_boxes"":1,""dimensions"":""300x300x140"",""length"":300,""width"":300,""height"":140,""weight"":4,""materials"":[""corrugated box"",""bubble wrap""],""rule_id"":""fallback_default"",""source"":""fallback_default"",""reason"":""No active packaging rule matched (variant > product > category)""}","{""source"":""fallback_default"",""reason"":""No active packaging rule matched (variant > product > category)"",""matched_packaging_rule_id"":null,""matched_packaging_rule_level"":null}",2026-09-10 06:29:50.161053,2026-09-10 06:30:19,2026-09-10 06:30:20
121,323,COMPLETED,1,fallback_default,,Box,1,300x300x140,300.0,300.0,140.0,4.0,"[""corrugated box"",""bubble wrap""]",,0,,,,,,,,"{""packaging_type"":""Box"",""number_of_boxes"":1,""dimensions"":""300x300x140"",""length"":300,""width"":300,""height"":140,""weight"":4,""materials"":[""corrugated box"",""bubble wrap""],""rule_id"":""fallback_default"",""source"":""fallback_default"",""reason"":""No active packaging rule matched (variant > product > category)""}","{""source"":""fallback_default"",""reason"":""No active packaging rule matched (variant > product > category)"",""matched_packaging_rule_id"":null,""matched_packaging_rule_level"":null}",2026-09-10 09:22:34.592258,2026-09-10 09:22:35,2026-09-10 09:22:35
122,326,COMPLETED,1,fallback_default,,Box,1,300x300x140,300.0,300.0,140.0,4.0,"[""corrugated box"",""bubble wrap""]",,0,,,,,,,,"{""packaging_type"":""Box"",""number_of_boxes"":1,""dimensions"":""300x300x140"",""length"":300,""width"":300,""height"":140,""weight"":4,""materials"":[""corrugated box"",""bubble wrap""],""rule_id"":""fallback_default"",""source"":""fallback_default"",""reason"":""No active packaging rule matched (variant > product > category)""}","{""source"":""fallback_default"",""reason"":""No active packaging rule matched (variant > product > category)"",""matched_packaging_rule_id"":null,""matched_packaging_rule_level"":null}",2026-09-10 09:28:28.657420,2026-09-10 09:28:29,2026-09-10 09:28:29
123,333,COMPLETED,1,fallback_default,,Box,1,300x300x140,300.0,300.0,140.0,4.0,"[""corrugated box"",""bubble wrap""]",,0,,,,,,,,"{""packaging_type"":""Box"",""number_of_boxes"":1,""dimensions"":""300x300x140"",""length"":300,""width"":300,""height"":140,""weight"":4,""materials"":[""corrugated box"",""bubble wrap""],""rule_id"":""fallback_default"",""source"":""fallback_default"",""reason"":""No active packaging rule matched (variant > product > category)""}","{""source"":""fallback_default"",""reason"":""No active packaging rule matched (variant > product > category)"",""matched_packaging_rule_id"":null,""matched_packaging_rule_level"":null}",2026-09-10 12:24:58.935054,2026-09-10 12:25:00,2026-09-10 12:25:01
124,336,COMPLETED,1,fallback_default,,Box,1,300x300x140,300.0,300.0,140.0,4.0,"[""corrugated box"",""bubble wrap""]",,0,,,,,,,,"{""packaging_type"":""Box"",""number_of_boxes"":1,""dimensions"":""300x300x140"",""length"":300,""width"":300,""height"":140,""weight"":4,""materials"":[""corrugated box"",""bubble wrap""],""rule_id"":""fallback_default"",""source"":""fallback_default"",""reason"":""No active packaging rule matched (variant > product > category)""}","{""source"":""fallback_default"",""reason"":""No active packaging rule matched (variant > product > category)"",""matched_packaging_rule_id"":null,""matched_packaging_rule_level"":null}",2026-09-11 05:19:03.960453,2026-09-11 05:19:05,2026-09-11 05:19:05
125,339,COMPLETED,1,fallback_default,,Box,1,300x300x140,300.0,300.0,140.0,4.0,"[""corrugated box"",""bubble wrap""]",,0,,,,,,,,"{""packaging_type"":""Box"",""number_of_boxes"":1,""dimensions"":""300x300x140"",""length"":300,""width"":300,""height"":140,""weight"":4,""materials"":[""corrugated box"",""bubble wrap""],""rule_id"":""fallback_default"",""source"":""fallback_default"",""reason"":""No active packaging rule matched (variant > product > category)""}","{""source"":""fallback_default"",""reason"":""No active packaging rule matched (variant > product > category)"",""matched_packaging_rule_id"":null,""matched_packaging_rule_level"":null}",2026-09-11 05:37:21.380312,2026-09-11 05:37:22,2026-09-11 05:37:22
126,342,COMPLETED,1,fallback_default,,Box,1,300x300x140,300.0,300.0,140.0,4.0,"[""corrugated box"",""bubble wrap""]",,0,,,,,,,,"{""packaging_type"":""Box"",""number_of_boxes"":1,""dimensions"":""300x300x140"",""length"":300,""width"":300,""height"":140,""weight"":4,""materials"":[""corrugated box"",""bubble wrap""],""rule_id"":""fallback_default"",""source"":""fallback_default"",""reason"":""No active packaging rule matched (variant > product > category)""}","{""source"":""fallback_default"",""reason"":""No active packaging rule matched (variant > product > category)"",""matched_packaging_rule_id"":null,""matched_packaging_rule_level"":null}",2026-09-11 08:53:22.665924,2026-09-11 08:53:23,2026-09-11 08:53:24
127,345,COMPLETED,1,fallback_default,,Box,1,300x300x140,300.0,300.0,140.0,4.0,"[""corrugated box"",""bubble wrap""]",,0,,,,,,,,"{""packaging_type"":""Box"",""number_of_boxes"":1,""dimensions"":""300x300x140"",""length"":300,""width"":300,""height"":140,""weight"":4,""materials"":[""corrugated box"",""bubble wrap""],""rule_id"":""fallback_default"",""source"":""fallback_default"",""reason"":""No active packaging rule matched (variant > product > category)""}","{""source"":""fallback_default"",""reason"":""No active packaging rule matched (variant > product > category)"",""matched_packaging_rule_id"":null,""matched_packaging_rule_level"":null}",2026-09-11 09:40:14.694852,2026-09-11 09:40:15,2026-09-11 09:40:16
128,348,AUTO_APPLIED,1,fallback_default,,Box,1,300x300x140,300.0,300.0,140.0,4.0,"[""corrugated box"",""bubble wrap""]",,0,,,,,,,,"{""packaging_type"":""Box"",""number_of_boxes"":1,""dimensions"":""300x300x140"",""length"":300,""width"":300,""height"":140,""weight"":4,""materials"":[""corrugated box"",""bubble wrap""],""rule_id"":""fallback_default"",""source"":""fallback_default"",""reason"":""No active packaging rule matched (variant > product > category)""}","{""source"":""fallback_default"",""reason"":""No active packaging rule matched (variant > product > category)"",""matched_packaging_rule_id"":null,""matched_packaging_rule_level"":null}",2026-09-11 09:53:20.221203,2026-09-11 09:53:20.221203,
129,349,AUTO_APPLIED,1,fallback_default,,Box,1,300x300x140,300.0,300.0,140.0,4.0,"[""corrugated box"",""bubble wrap""]",,0,,,,,,,,"{""packaging_type"":""Box"",""number_of_boxes"":1,""dimensions"":""300x300x140"",""length"":300,""width"":300,""height"":140,""weight"":4,""materials"":[""corrugated box"",""bubble wrap""],""rule_id"":""fallback_default"",""source"":""fallback_default"",""reason"":""No active packaging rule matched (variant > product > category)""}","{""source"":""fallback_default"",""reason"":""No active packaging rule matched (variant > product > category)"",""matched_packaging_rule_id"":null,""matched_packaging_rule_level"":null}",2026-09-11 09:53:20.313833,2026-09-11 09:53:20.313833,
130,351,COMPLETED,1,fallback_default,,Box,1,300x300x140,300.0,300.0,140.0,4.0,"[""corrugated box"",""bubble wrap""]",,0,,,,,,,,"{""packaging_type"":""Box"",""number_of_boxes"":1,""dimensions"":""300x300x140"",""length"":300,""width"":300,""height"":140,""weight"":4,""materials"":[""corrugated box"",""bubble wrap""],""rule_id"":""fallback_default"",""source"":""fallback_default"",""reason"":""No active packaging rule matched (variant > product > category)""}","{""source"":""fallback_default"",""reason"":""No active packaging rule matched (variant > product > category)"",""matched_packaging_rule_id"":null,""matched_packaging_rule_level"":null}",2026-09-11 10:37:31.181465,2026-09-11 10:37:32,2026-09-11 10:37:32
131,354,AUTO_APPLIED,1,fallback_default,,Box,1,300x300x140,300.0,300.0,140.0,4.0,"[""corrugated box"",""bubble wrap""]",,0,,,,,,,,"{""packaging_type"":""Box"",""number_of_boxes"":1,""dimensions"":""300x300x140"",""length"":300,""width"":300,""height"":140,""weight"":4,""materials"":[""corrugated box"",""bubble wrap""],""rule_id"":""fallback_default"",""source"":""fallback_default"",""reason"":""No active packaging rule matched (variant > product > category)""}","{""source"":""fallback_default"",""reason"":""No active packaging rule matched (variant > product > category)"",""matched_packaging_rule_id"":null,""matched_packaging_rule_level"":null}",2026-09-11 11:40:51.407328,2026-09-11 11:40:51.407328,
132,355,AUTO_APPLIED,1,fallback_default,,Box,1,300x300x140,300.0,300.0,140.0,4.0,"[""corrugated box"",""bubble wrap""]",,0,,,,,,,,"{""packaging_type"":""Box"",""number_of_boxes"":1,""dimensions"":""300x300x140"",""length"":300,""width"":300,""height"":140,""weight"":4,""materials"":[""corrugated box"",""bubble wrap""],""rule_id"":""fallback_default"",""source"":""fallback_default"",""reason"":""No active packaging rule matched (variant > product > category)""}","{""source"":""fallback_default"",""reason"":""No active packaging rule matched (variant > product > category)"",""matched_packaging_rule_id"":null,""matched_packaging_rule_level"":null}",2026-09-11 11:40:51.707819,2026-09-11 11:40:51.707819,
