return_request_id,order_id,shipment_id,reason,status,requested_at,approved_at,approved_by,reject_reason,return_shipment_id,refund_amount,cost_bearer,evidence_images,workflow_status,cost_split,exchange_requested,exchange_mode,return_number,reason_code,remarks,quantity,evidence_videos,qc_result,qc_notes,qc_decided_at,hub_return_id,refund_breakdown
1,1,2,Defective Product - One of tube is defective,RECEIVED,2026-08-04 07:32:58.553926,2026-08-04 07:35:23,1.0,,3.0,,,"[""/uploads/returns/1785828778441-84349442.png""]",RTV_BATCHED,,0,,RR-2026-00001,DEFECTIVE,One of tube is defective,1,,FAIL,,2026-08-04 09:31:44,1.0,
2,2,5,Defective Product - One of tube is defective.,RECEIVED,2026-08-04 07:57:33.894970,2026-08-04 08:58:20,1.0,,12.0,,,"[""/uploads/returns/1785830253790-383787171.png""]",RTV_BATCHED,,0,,RR-2026-00002,DEFECTIVE,One of tube is defective.,1,,PASS,,2026-08-04 09:05:02,4.0,
3,3,7,Product Not Matching Description - Given product is not matching.,IN_TRANSIT,2026-08-04 08:25:57.864853,2026-08-04 08:31:02,1.0,,8.0,,,"[""/uploads/returns/1785831957776-346878492.png""]",OLD_ITEM_PICKED_UP,,1,VENDOR_REPLACEMENT,EX-2026-00003,NOT_AS_DESCRIBED,Given product is not matching.,1,,,,,2.0,
4,4,10,Product Not Matching Description - Given product is not matching.,APPROVED,2026-08-04 08:41:36.622677,2026-08-04 08:42:24,1.0,,11.0,,,"[""/uploads/returns/1785832896565-27045581.png""]",COMPLETED,,1,VENDOR_REPLACEMENT,EX-2026-00004,NOT_AS_DESCRIBED,Given product is not matching.,1,,,,,3.0,
5,6,16,Defective Product - Given product is defective,RECEIVED,2026-08-04 09:41:37.800495,2026-08-04 09:42:00,1.0,,17.0,,,"[""/uploads/returns/1785836497691-41313799.png""]",RTV_BATCHED,,0,,RR-2026-00005,DEFECTIVE,Given product is defective,1,,PASS,,2026-08-04 09:43:18,5.0,
6,7,19,Defective Product - Given product is defective,RECEIVED,2026-08-04 10:13:00.780994,2026-08-04 10:13:24,1.0,,20.0,,,"[""/uploads/returns/1785838380678-248031777.png""]",QC_PASSED,,0,,RR-2026-00006,DEFECTIVE,Given product is defective,3,,PASS,,2026-08-04 10:14:34,6.0,
7,8,22,Defective Product - Given product is defective.,RECEIVED,2026-08-04 10:29:10.018203,2026-08-04 10:29:29,1.0,,23.0,,,"[""/uploads/returns/1785839349898-337248007.png""]",QC_PASSED,,0,,RR-2026-00007,DEFECTIVE,Given product is defective.,1,,PASS,,2026-08-04 10:34:04,7.0,
8,9,25,Size/Fit Issue - Not required,RECEIVED,2026-08-04 10:54:33.029416,2026-08-04 10:55:00,1.0,,26.0,,,"[""/uploads/returns/1785840872937-156492460.jpg""]",QC_PASSED,,0,,RR-2026-00008,SIZE_FIT,Not required,1,,PASS,,2026-08-04 10:56:29,8.0,
9,11,28,Defective Product - Given product is defective.,RECEIVED,2026-08-04 11:26:45.008871,2026-08-04 11:27:02,1.0,,29.0,,,"[""/uploads/returns/1785842804923-924813232.png""]",RTV_BATCHED,,0,,RR-2026-00009,DEFECTIVE,Given product is defective.,1,,PASS,,2026-08-04 11:27:55,9.0,
10,12,31,Defective Product - Given product is defective,RECEIVED,2026-08-04 11:52:36.496484,2026-08-04 11:55:44,1.0,,32.0,,,"[""/uploads/returns/1785844356417-440264527.png""]",QC_PASSED,,0,,RR-2026-00010,DEFECTIVE,Given product is defective,1,,PASS,,2026-08-04 11:59:26,10.0,
11,13,34,Product Not Matching Description - Given product is not matching,APPROVED,2026-08-04 12:21:35.205617,2026-08-04 12:21:59,1.0,,35.0,,,"[""/uploads/returns/1785846095126-756441097.png""]",COMPLETED,,1,VENDOR_REPLACEMENT,EX-2026-00011,NOT_AS_DESCRIBED,Given product is not matching,1,,,,,11.0,
12,15,39,Wrong Product Received - wedqwf weqw rew rew rew rew r,RECEIVED,2026-08-05 09:09:49.873773,2026-08-05 09:10:09,1.0,,40.0,,,"[""/uploads/returns/1785920989783-999845310.png""]",QC_PASSED,,0,,RR-2026-00012,WRONG_PRODUCT,wedqwf weqw rew rew rew rew r,1,,PASS,,2026-08-05 09:11:00,12.0,
13,22,52,Defective Product - Given product is defective.,REFUNDED,2026-08-06 16:28:41.749969,2026-08-06 16:29:19,1.0,,53.0,,,"[""/uploads/returns/1786033721618-601784709.png""]",REFUNDED,,0,,RR-2026-00013,DEFECTIVE,Given product is defective.,1,,PASS,,2026-08-06 16:35:20,13.0,
14,17,44,Wrong Item Received - qjwekqjjwe iwjeihjejherjwq,APPROVED,2026-08-07 04:33:21.942788,2026-08-07 04:33:49,1.0,,54.0,,,"[""/uploads/returns/1786077201826-347580288.jpeg""]",COMPLETED,,1,VENDOR_REPLACEMENT,EX-2026-00014,WRONG_ITEM,qjwekqjjwe iwjeihjejherjwq,1,,,,,14.0,
15,16,42,Defective Product - mnmxkj kjhskq,IN_TRANSIT,2026-08-07 04:35:48.591671,2026-08-07 04:36:01,1.0,,56.0,,,"[""/uploads/returns/1786077348475-783040981.jpeg""]",OLD_ITEM_PICKED_UP,,1,VENDOR_REPLACEMENT,EX-2026-00015,DEFECTIVE,mnmxkj kjhskq,1,,,,,15.0,
16,27,60,Wrong Color - jhwssj udyhqdg udgidg,APPROVED,2026-08-07 04:54:20.048413,2026-08-07 04:54:34,1.0,,61.0,,,"[""/uploads/returns/1786078459932-139520344.jpeg""]",COMPLETED,,1,VENDOR_REPLACEMENT,EX-2026-00016,WRONG_COLOR,jhwssj udyhqdg udgidg,1,,,,,16.0,
17,30,65,Defective Product - Given product is defective.,RECEIVED,2026-08-07 05:35:32.908602,2026-08-07 05:35:58,1.0,,66.0,,,"[""/uploads/returns/1786080932604-580481217.png""]",RTV_BATCHED,,0,,RR-2026-00017,DEFECTIVE,Given product is defective.,1,,FAIL,,2026-08-07 05:40:19,17.0,
18,31,70,Wrong Item Received - Received wrong product,APPROVED,2026-08-07 06:02:24.910961,2026-08-07 06:09:11,1.0,,71.0,,,"[""/uploads/returns/1786082544764-353167547.png""]",VENDOR_DISPATCHED,,1,VENDOR_REPLACEMENT,EX-2026-00018,WRONG_ITEM,Received wrong product,1,,,,,18.0,
19,33,74,Defective Product - dfdfdsfsdf f  wfgsf,APPROVED,2026-08-07 08:46:06.616322,2026-08-07 08:46:18,1.0,,75.0,,,"[""/uploads/returns/1786092366505-371485601.jpeg""]",PICKUP_SCHEDULED,,1,VENDOR_REPLACEMENT,EX-2026-00019,DEFECTIVE,dfdfdsfsdf f  wfgsf,1,,,,,19.0,
20,35,79,Wrong Item Received - Wrong product received,IN_TRANSIT,2026-08-07 09:01:08.424707,2026-08-07 09:02:03,1.0,,80.0,,,"[""/uploads/returns/1786093268257-41803054.png""]",OLD_ITEM_PICKED_UP,,1,VENDOR_REPLACEMENT,EX-2026-00020,WRONG_ITEM,Wrong product received,1,,,,,20.0,
21,41,87,Wrong Item Received - najsd jdhidhi udg qid dgi d,APPROVED,2026-08-08 04:07:20.762364,2026-08-08 04:08:08,1.0,,88.0,,,"[""/uploads/returns/1786162040634-900866963.jpeg""]",COMPLETED,,1,VENDOR_REPLACEMENT,EX-2026-00021,WRONG_ITEM,najsd jdhidhi udg qid dgi d,1,,,,,21.0,
22,43,93,Defective Product - qnbxjnsxbjxhbjqhxbj,APPROVED,2026-08-08 04:15:10.772141,2026-08-08 04:15:43,1.0,,94.0,,,"[""/uploads/returns/1786162510655-12962322.jpeg""]",COMPLETED,,1,VENDOR_REPLACEMENT,EX-2026-00022,DEFECTIVE,qnbxjnsxbjxhbjqhxbj,1,,,,,22.0,
23,53,108,Wrong Item Received - Wrong product received,APPROVED,2026-08-08 10:31:51.154316,2026-08-08 10:32:10,1.0,,109.0,,,"[""/uploads/returns/1786185111069-502538963.png""]",COMPLETED,,1,VENDOR_REPLACEMENT,EX-2026-00023,WRONG_ITEM,Wrong product received,1,,,,,23.0,
24,28,68,Defective Product - Not Required,REFUNDED,2026-08-08 12:48:51.548338,2026-08-08 12:49:35,1.0,,114.0,,,"[""/uploads/returns/1786193331418-401488809.jpg""]",RTV_BATCHED,,0,,RR-2026-00024,DEFECTIVE,Not Required,1,,PASS,,2026-08-08 12:50:28,24.0,
25,56,116,Quality Not as Expected - not required this product,RECEIVED,2026-08-10 06:20:02.138050,2026-08-10 06:20:19,1.0,,117.0,,,"[""/uploads/returns/1786342801985-192511635.jpg""]",RTV_BATCHED,,0,,RR-2026-00025,QUALITY,not required this product,1,,PASS,,2026-08-10 06:21:02,25.0,
26,71,138,Size/Fit Issue - return this product because size issue,RECEIVED,2026-08-11 14:59:39.305792,2026-08-11 15:00:24,1.0,,139.0,,,"[""/uploads/returns/1786460379173-358139621.jpg""]",RTV_BATCHED,,0,,RR-2026-00026,SIZE_FIT,return this product because size issue,1,,PASS,,2026-08-11 15:02:05,26.0,
27,105,154,Wrong Product Received - Wrong product received.,REFUNDED,2026-08-19 10:04:46.458500,2026-08-19 10:07:35,1.0,,155.0,,,"[""/uploads/returns/1787133886274-110782598.png""]",REFUNDED,,0,,RR-2026-00027,WRONG_PRODUCT,Wrong product received.,1,,PASS,Decision: PASS,2026-08-19 10:08:53,28.0,
28,97,150,"Quality Not as Expected - jjhbk,fdrtyguhijokjhgvcbnm",APPROVED,2026-08-20 05:40:34.999375,2026-08-20 05:40:55,1.0,,156.0,,,"[""/uploads/returns/1787204434777-213501592.jpg""]",PICKUP_SCHEDULED,,0,,RR-2026-00028,QUALITY,"jjhbk,fdrtyguhijokjhgvcbnm",1,,,,,29.0,
29,110,158,Size/Fit Issue - Good Morning,RECEIVED,2026-08-20 13:19:43.603964,2026-08-20 13:20:00,1.0,,159.0,,,"[""/uploads/returns/1787231983489-351192428.jpg""]",RECEIVED_AT_HUB,,0,,RR-2026-00029,SIZE_FIT,Good Morning,1,,,,,30.0,
30,116,164,Quality Not as Expected - airu qwjhr oqiwr,REFUNDED,2026-08-21 15:34:49.871865,2026-08-21 15:35:05,1.0,,167.0,,,"[""/uploads/returns/1787326489672-673534369.jpeg""]",REFUNDED,,0,,RR-2026-00030,QUALITY,airu qwjhr oqiwr,1,,PASS,,2026-08-21 15:36:12,31.0,
31,117,166,Wrong Color - i dont want this color,RECEIVED,2026-08-22 06:34:35.834006,2026-08-22 06:34:54,1.0,,168.0,,,"[""/uploads/returns/1787380475723-159989584.jpeg""]",QC_PASSED,,1,VENDOR_REPLACEMENT,EX-2026-00031,WRONG_COLOR,i dont want this color,1,,PASS,Decision: PASS,2026-08-22 06:40:18,32.0,
32,119,171,Wrong Size - 746846446464,RECEIVED,2026-08-22 06:44:44.737906,2026-08-22 06:44:59,1.0,,172.0,,,"[""/uploads/returns/1787381084544-274370703.jpeg""]",RECEIVED_AT_HUB,,1,VENDOR_REPLACEMENT,EX-2026-00032,WRONG_SIZE,746846446464,1,,,,,33.0,
33,120,175,Defective Product - give me echange,APPROVED,2026-08-22 06:49:14.950115,2026-08-22 06:49:28,1.0,,176.0,,,"[""/uploads/returns/1787381354775-710535217.jpeg""]",HUB_QC_PASS,,1,VENDOR_REPLACEMENT,EX-2026-00033,DEFECTIVE,give me echange,1,,,,,34.0,
34,147,186,Wrong Color - Send me xl size,IN_TRANSIT,2026-08-25 13:33:07.587094,2026-08-25 13:33:27,1.0,,187.0,,,"[""/uploads/returns/1787664787512-532166834.jpeg""]",OLD_ITEM_PICKED_UP,,1,VENDOR_REPLACEMENT,EX-2026-00034,WRONG_COLOR,Send me xl size,1,,,,,35.0,
35,149,190,Wrong Color - dont want this product,PENDING,2026-08-25 14:09:41.610499,,,,,,,"[""/uploads/returns/1787666981483-732718614.jpeg""]",REQUESTED,,1,VENDOR_REPLACEMENT,EX-2026-00035,WRONG_COLOR,dont want this product,1,,,,,,
36,163,193,Wrong Product Received - fsdfsfsfsfsfs,RECEIVED,2026-08-26 17:26:09.296860,2026-08-26 17:28:43,1.0,,194.0,,,"[""/uploads/returns/1787765169120-549363164.jpg""]",RTV_BATCHED,,0,,RR-2026-00036,WRONG_PRODUCT,fsdfsfsfsfsfs,1,,PASS,,2026-08-26 17:36:33,36.0,
37,164,196,Defective Product - jkkjkljkjkljlkjk,RECEIVED,2026-08-26 18:03:08.518050,2026-08-26 18:03:35,1.0,,197.0,,,"[""/uploads/returns/1787767388402-838599313.jpg""]",PARTIAL_REFUND,,0,,RR-2026-00037,DEFECTIVE,jkkjkljkjkljlkjk,1,,FAIL,,2026-08-26 18:07:16,37.0,
38,165,199,Wrong Size - dffdsfsfsasdsdsad,RECEIVED,2026-08-26 18:19:50.207127,2026-08-26 18:20:07,1.0,,200.0,,,"[""/uploads/returns/1787768390069-962652855.jpg""]",RECEIVED_AT_HUB,,1,VENDOR_REPLACEMENT,EX-2026-00038,WRONG_SIZE,dffdsfsfsasdsdsad,1,,,,,38.0,
39,204,209,Size/Fit Issue - fsdfsdfsdgsdhdfgdfg,REFUNDED,2026-08-29 08:07:47.805392,2026-08-29 08:08:03,1.0,,210.0,,,"[""/uploads/returns/1787990867716-287324219.jpg""]",REFUNDED,,0,,RR-2026-00039,SIZE_FIT,fsdfsdfsdgsdhdfgdfg,1,,PASS,,2026-08-29 08:09:23,39.0,
40,268,237,Quantity Issue - Quantity mismatch.,REFUNDED,2026-09-04 08:53:26.848283,2026-09-04 09:02:12,1.0,,238.0,,,"[""/uploads/returns/04f4ba17-5e1a-4ce3-9b60-a82b73c8260e.png""]",REFUNDED,,0,,RR-2026-00040,QUANTITY_ISSUE,Quantity mismatch.,1,,PASS,"Rule_1: abc; Test 1: abc; Test 2: abc; quantity: abc; quality: abc

Decision: PASS",2026-09-04 09:07:34,42.0,
41,273,248,Damaged Product - Given product is damaged.,IN_TRANSIT,2026-09-05 09:14:28.441787,2026-09-05 09:58:14,1.0,,249.0,,,"[""/uploads/returns/a5ebc622-3e0a-4b12-9ae0-dfe1da4f2998.jpg"",""/uploads/returns/48173f17-c37e-44d2-a406-2172818f29d4.jpg"",""/uploads/returns/f2fbe167-0bba-4bb6-8b0d-d49b022f41a0.jpg"",""/uploads/returns/7295256e-5818-40ae-bb0f-5f87edb88e91.jpg""]",OLD_ITEM_PICKED_UP,,1,VENDOR_REPLACEMENT,EX-2026-00041,DAMAGED,Given product is damaged.,1,,,,,43.0,
42,283,252,Damaged Product - Given product is damaged.,RECEIVED,2026-09-05 10:50:28.063925,2026-09-05 10:51:29,1.0,,253.0,,,"[""/uploads/returns/6b50ff74-8774-4e48-8b3b-46a2c25539a0.png""]",RECEIVED_AT_HUB,,1,VENDOR_REPLACEMENT,EX-2026-00042,DAMAGED,Given product is damaged.,1,,,,,44.0,
43,288,258,Change of Mind - Given product is not required now.,REFUNDED,2026-09-07 10:25:55.864672,2026-09-07 10:30:31,1.0,,259.0,,,"[""/uploads/returns/41286fa2-b79d-4803-bece-0474024c05fe.png""]",REFUNDED,,0,,RR-2026-00043,CHANGE_OF_MIND,Given product is not required now.,1,,PASS,"quantity: abc; quality: abc; Specification: abc

Decision: PASS",2026-09-07 10:45:17,45.0,
44,299,261,Damaged Product - Given product is defective.,REJECTED,2026-09-08 17:17:01.490044,,,validation window time out.,,,,"[""/uploads/returns/51c72c18-7256-44c6-a306-f84c1fd35cbc.png""]",REJECTED,,1,VENDOR_REPLACEMENT,EX-2026-00044,DAMAGED,Given product is defective.,1,,,,,,
45,306,266,Damaged Product - abcmmmmmmmmmmmmmmmmmmmmmmmmmmmmmmmmmmmm,IN_TRANSIT,2026-09-08 17:32:41.396340,2026-09-09 04:40:04,1.0,,274.0,,,"[""/uploads/returns/e382774e-3d07-4c2b-9abb-721803b089bb.png""]",OLD_ITEM_PICKED_UP,,1,VENDOR_REPLACEMENT,EX-2026-00045,DAMAGED,abcmmmmmmmmmmmmmmmmmmmmmmmmmmmmmmmmmmmm,1,,,,,47.0,
46,308,269,Quality Issue - aaaaaaaaaaaaaaaaaaaaaaaaaaaaaaaaaaaaaaaaaaaaaaa,IN_TRANSIT,2026-09-08 17:55:31.531451,2026-09-09 04:39:49,1.0,,273.0,,,"[""/uploads/returns/113d99e9-53fa-4dfd-8d15-d714eb167280.png""]",PICKED_UP,,0,,RR-2026-00046,QUALITY_ISSUE,aaaaaaaaaaaaaaaaaaaaaaaaaaaaaaaaaaaaaaaaaaaaaaa,1,,,,,46.0,
47,310,276,Damaged Product - aaaaaaaaaaaaaaaaaaaaaaaaaaaaaaaaaaaaaaaaaaaaaaaaaa,IN_TRANSIT,2026-09-09 06:25:18.564620,2026-09-09 06:25:46,1.0,,277.0,,,"[""/uploads/returns/c7b15581-ce35-42ed-9054-470fcc9bfee8.png""]",OLD_ITEM_PICKED_UP,,1,VENDOR_REPLACEMENT,EX-2026-00047,DAMAGED,aaaaaaaaaaaaaaaaaaaaaaaaaaaaaaaaaaaaaaaaaaaaaaaaaa,1,,,,,48.0,
48,314,282,Missing Parts - aaaaaaaaaaaaaaaaaaaaaaaaaaaaaaaaaaaaaaaaaaaaaaaa,IN_TRANSIT,2026-09-09 07:33:35.926999,2026-09-09 07:34:41,1.0,,283.0,,,"[""/uploads/returns/91d1cc5d-64b6-42c1-a7f0-832884ba15b4.png""]",OLD_ITEM_PICKED_UP,,1,VENDOR_REPLACEMENT,EX-2026-00048,MISSING_PARTS,aaaaaaaaaaaaaaaaaaaaaaaaaaaaaaaaaaaaaaaaaaaaaaaa,1,,,,,49.0,
49,315,285,Change of Mind - aaaaaaaaaaaaaaaaaaaaaaaaaaaaaaaaaaaaaaaaaaaaaaaaaaaaaaaaa,IN_TRANSIT,2026-09-09 07:52:58.341056,2026-09-09 08:01:51,1.0,,286.0,,,"[""/uploads/returns/460cbcf6-f647-4e01-93ba-29d01acb4e2e.png""]",PICKED_UP,,0,,RR-2026-00049,CHANGE_OF_MIND,aaaaaaaaaaaaaaaaaaaaaaaaaaaaaaaaaaaaaaaaaaaaaaaaaaaaaaaaa,1,,,,,50.0,
50,316,288,Damaged Product - aaaaaaaaaaaaaaaaaaaaaaaaaaaaaaaaaaaaaaaaaaaaaa,IN_TRANSIT,2026-09-09 09:03:52.252407,2026-09-09 09:07:25,1.0,,289.0,,,"[""/uploads/returns/c652f0fe-5676-48c9-a363-fc9471da04b8.png""]",OLD_ITEM_PICKED_UP,,1,VENDOR_REPLACEMENT,EX-2026-00050,DAMAGED,aaaaaaaaaaaaaaaaaaaaaaaaaaaaaaaaaaaaaaaaaaaaaa,1,,,,,51.0,
51,319,296,Change of Mind - MMMMMMMMMMMMMMMMMMMMMMMMMMMMMMMMMMMMMMMMMMMMMM,RECEIVED,2026-09-09 10:23:03.270458,2026-09-09 10:23:25,1.0,,297.0,,,"[""/uploads/returns/89e5ea0c-bb76-47ac-812a-3ef83cadfb54.png""]",QC_PASSED,,0,,RR-2026-00051,CHANGE_OF_MIND,MMMMMMMMMMMMMMMMMMMMMMMMMMMMMMMMMMMMMMMMMMMMMM,1,,PASS,"quantity: cccccccccccccccccccccc; quality: cccccccccccccccccccccc; Specification: cccccccccccccccccccccc

Decision: PASS",2026-09-09 10:29:33,52.0,
52,320,301,Missing Parts - cccccccccccccccccccccccccccccccccccccccc,RECEIVED,2026-09-09 11:00:22.462368,2026-09-09 11:01:26,1.0,,302.0,,,"[""/uploads/returns/db78430b-0a74-4d42-818d-14b98c6da299.png""]",QC_PASSED,,1,VENDOR_REPLACEMENT,EX-2026-00052,MISSING_PARTS,cccccccccccccccccccccccccccccccccccccccc,1,,PASS,"quantity: xxxxxxxxxxxxxxxxxxxxxxxxxxxx; quality: xxxxxxxxxxxxxxxxxxxxxxxxxxxx; Specification: xxxxxxxxxxxxxxxxxxxxxxxxxxxx

Decision: PASS",2026-09-09 11:27:05,53.0,
53,325,309,Quality Issue - aaaaaaaaaaaaaaaaaaaaaaaaaaaaaaa,PENDING,2026-09-09 12:28:37.360408,,,,,,,"[""/uploads/returns/24ea24fa-4dcb-4eb5-93c1-90c3570657fc.png""]",REQUESTED,,0,,RR-2026-00053,QUALITY_ISSUE,aaaaaaaaaaaaaaaaaaaaaaaaaaaaaaa,1,,,,,,
54,333,311,Damaged Product - aaaaaaaaaaaaaaaaaaaaaaa,RECEIVED,2026-09-10 05:54:26.737058,2026-09-10 05:55:24,1.0,,312.0,,,"[""/uploads/returns/c97f8b90-3527-4f90-81b7-e7dbedd7deba.png""]",QC_PASSED,,1,VENDOR_REPLACEMENT,EX-2026-00054,DAMAGED,aaaaaaaaaaaaaaaaaaaaaaa,1,,PASS,"quantity: aaaaaaaaaaaaaaaaaaaaaaaaaaaaaaaaaa; quality: aaaaaaaaaaaaaaaaaaaaaaaaaaaaaaaaaa; Specification: aaaaaaaaaaaaaaaaaaaaaaaaaaaaaaaaaa

Decision: PASS",2026-09-10 06:08:41,54.0,
55,335,317,Damaged Product - aaaaaaaaaaaaaaaaaaaaaaaaaaa,RECEIVED,2026-09-10 06:21:47.314118,2026-09-10 06:22:51,1.0,,318.0,,,"[""/uploads/returns/604b05bd-a2d2-4670-bf98-2eef99dfc0fa.png""]",RTV_BATCHED,,1,VENDOR_REPLACEMENT,EX-2026-00055,DAMAGED,aaaaaaaaaaaaaaaaaaaaaaaaaaa,1,,PASS,"quantity: aaaaaaaaaaaaaaaaaaaaaaaaaaaaaaa; quality: aaaaaaaaaaaaaaaaaaaaaaaaaaaaaaa; Specification: aaaaaaaaaaaaaaaaaaaaaaaaaaaaaaa

Decision: PASS",2026-09-10 06:33:25,55.0,
56,339,323,Missing Parts - aaaaaaaaaaaaaaaaaaaaaaaaaaaaaaaaaaa,APPROVED,2026-09-10 09:23:20.582938,2026-09-10 09:23:39,1.0,,324.0,,,"[""/uploads/returns/e379d368-e4b6-47d5-96d9-b6f428fddcb2.png""]",VENDOR_CONFIRMED,,1,VENDOR_REPLACEMENT,EX-2026-00056,MISSING_PARTS,aaaaaaaaaaaaaaaaaaaaaaaaaaaaaaaaaaa,1,,,,,56.0,
57,341,326,Missing Parts - aaaaaaaaaaaaaaaaaaaaaaaaaaaaaaaaaaaaa,APPROVED,2026-09-10 09:29:27.835239,2026-09-10 09:29:43,1.0,,327.0,,,"[""/uploads/returns/4115070c-7570-4fee-a7d7-c49f7045f0a4.png""]",UNDER_REVIEW,,1,VENDOR_REPLACEMENT,EX-2026-00057,MISSING_PARTS,aaaaaaaaaaaaaaaaaaaaaaaaaaaaaaaaaaaaa,1,,,,,57.0,
58,345,333,Change of Mind - aaaaaaaaaaaaaaaaaaaaaaaaaaaaaaaaaaaaa,IN_TRANSIT,2026-09-10 12:26:05.168667,2026-09-10 12:26:43,1.0,,334.0,,,"[""/uploads/returns/b9c96857-c411-41df-a437-d45068b58342.png""]",PICKED_UP,,0,,RR-2026-00058,CHANGE_OF_MIND,aaaaaaaaaaaaaaaaaaaaaaaaaaaaaaaaaaaaa,1,,,,,58.0,
59,346,336,Change of Mind - aaaaaaaaaaaaaaaaaaaaaaaaaaaaaaaaaaaa,RECEIVED,2026-09-11 05:30:52.601434,2026-09-11 05:31:25,1.0,,337.0,,,"[""/uploads/returns/773d30b7-7909-46a2-a17f-88bc6a18ed15.png""]",RECEIVED_AT_HUB,,0,,RR-2026-00059,CHANGE_OF_MIND,aaaaaaaaaaaaaaaaaaaaaaaaaaaaaaaaaaaa,1,,,,,59.0,
60,347,339,Change of Mind - aaaaaaaaaaaaaaaaaaaaaaaaaaaaaa,RECEIVED,2026-09-11 05:38:11.087197,2026-09-11 05:38:38,1.0,,340.0,,,"[""/uploads/returns/f66d402f-636a-4383-8b34-ae2e45ba8f24.png""]",QC_PASSED,,0,,RR-2026-00060,CHANGE_OF_MIND,aaaaaaaaaaaaaaaaaaaaaaaaaaaaaa,1,,PASS,,2026-09-11 08:47:28,60.0,
61,348,342,Change of Mind - aaaaaaaaaaaaaaaaaaaaaaaaaaaaa,RECEIVED,2026-09-11 09:04:58.124025,2026-09-11 09:05:24,1.0,,343.0,,,"[""/uploads/returns/6a7c566d-847b-4d73-b5c8-651e53d00177.png""]",QC_PASSED,,0,,RR-2026-00061,CHANGE_OF_MIND,aaaaaaaaaaaaaaaaaaaaaaaaaaaaa,1,,PASS,,2026-09-11 09:07:42,61.0,
62,349,345,Damaged Product - aaaaaaaaaaaaaaaaaaaaaaaaaaaaaaaaaaaaa,IN_TRANSIT,2026-09-11 09:45:34.862942,2026-09-11 09:46:07,1.0,,346.0,,,"[""/uploads/returns/46d950b4-ca3f-47de-99e6-6a5d905b0e1e.png""]",OLD_ITEM_PICKED_UP,,1,VENDOR_REPLACEMENT,EX-2026-00062,DAMAGED,aaaaaaaaaaaaaaaaaaaaaaaaaaaaaaaaaaaaa,1,,,,,62.0,
63,359,351,Quality Issue - aaaaaaaaaaaaaaaaaaaaaaaaaaaaaaa,RECEIVED,2026-09-11 11:36:36.089684,2026-09-11 11:36:55,1.0,,352.0,,,"[""/uploads/returns/d69221c2-7d6a-44a7-9394-2e6bb0cb561c.png""]",RECEIVED_AT_HUB,,1,VENDOR_REPLACEMENT,EX-2026-00063,QUALITY_ISSUE,aaaaaaaaaaaaaaaaaaaaaaaaaaaaaaa,1,,,,,63.0,
