id,receiptNumber,receiptDate,paymentId,userId,customerName,customerEmail,billingAddress,paymentMethod,transactionId,journalEntryId,status,cancelledAt,refundedAt,createdAt,emailSentAt,itemsSubtotal_legacy,itemsSubtotal,productOfferDiscount_legacy,productOfferDiscount,bulk_discount_legacy,bulk_discount,totalCouponDiscount_legacy,totalCouponDiscount,cartDiscount_legacy,cartDiscount,shippingCharge_legacy,shippingCharge,cgst_legacy,cgst,sgst_legacy,sgst,igst_legacy,igst,pgCharges_legacy,pgCharges,product_gst_amount_legacy,product_gst_amount,shipping_gst_amount_legacy,shipping_gst_amount,pg_fee_gst_amount_legacy,pg_fee_gst_amount,totalAmount_legacy,totalAmount,walletAmount_legacy,walletAmount,gatewayAmount_legacy,gatewayAmount
1,RCP-2026-0001,2026-08-04,1,6,Smita Rewatkar,smitarewatkar92@gmail.com,"Pune, Wakad, Wakad, Pune, Maharashtra, 411057",upi,MT58273413736IJ11,,issued,,,2026-08-04 07:09:03.322239,,1565.0,156500,0.0,0,0.0,0,0.0,0,0.0,0,85.5,8550,0.0,0,0.0,0,297.09,29709,0.0,0,281.7,28170,15.39,1539,0.0,0,1947.59,194759,0.0,0,1947.59,194759
2,RCP-2026-0002,2026-08-04,2,6,Smita Rewatkar,smitarewatkar92@gmail.com,"Pune, Wakad, Wakad, Pune, Maharashtra, 411057",upi,MT58292931596QWB3,,issued,,,2026-08-04 07:41:35.165081,,1565.0,156500,0.0,0,0.0,0,0.0,0,0.0,0,85.5,8550,0.0,0,0.0,0,297.09,29709,0.0,0,281.7,28170,15.39,1539,0.0,0,1947.59,194759,0.0,0,1947.59,194759
3,RCP-2026-0003,2026-08-04,3,6,Smita Rewatkar,smitarewatkar92@gmail.com,"Pune, Wakad, Wakad, Pune, Maharashtra, 411057",upi,MT58309090796S55T,,issued,,,2026-08-04 08:08:31.052733,,1565.0,156500,0.0,0,0.0,0,0.0,0,0.0,0,85.5,8550,0.0,0,0.0,0,297.09,29709,0.0,0,281.7,28170,15.39,1539,0.0,0,1947.59,194759,0.0,0,1947.59,194759
4,RCP-2026-0004,2026-08-04,4,6,Smita Rewatkar,smitarewatkar92@gmail.com,"Pune, Wakad, Wakad, Pune, Maharashtra, 411057",upi,MT583267345461GZF,,issued,,,2026-08-04 08:37:54.881884,,1565.0,156500,0.0,0,0.0,0,0.0,0,0.0,0,85.5,8550,0.0,0,0.0,0,297.09,29709,0.0,0,281.7,28170,15.39,1539,0.0,0,1947.59,194759,0.0,0,1947.59,194759
5,RCP-2026-0005,2026-08-04,6,6,Smita Rewatkar,smitarewatkar92@gmail.com,"Pune, Wakad, Wakad, Pune, Maharashtra, 411057",upi,MT58362912026A4DR,,issued,,,2026-08-04 09:38:12.934690,,1565.0,156500,0.0,0,0.0,0,0.0,0,0.0,0,85.5,8550,0.0,0,0.0,0,297.09,29709,0.0,0,281.7,28170,15.39,1539,0.0,0,1947.59,194759,0.0,0,1947.59,194759
6,RCP-2026-0006,2026-08-04,7,6,Smita Rewatkar,smitarewatkar92@gmail.com,"Pune, Wakad, Wakad, Pune, Maharashtra, 411057",upi,MT583724578564GER,,issued,,,2026-08-04 09:54:07.178510,,4695.0,469500,0.0,0,0.0,0,0.0,0,0.0,0,85.5,8550,0.0,0,0.0,0,860.49,86049,0.0,0,845.1,84510,15.39,1539,0.0,0,5640.99,564099,0.0,0,5640.99,564099
7,RCP-2026-0007,2026-08-04,8,6,Smita Rewatkar,smitarewatkar92@gmail.com,"Pune, Wakad, Wakad, Pune, Maharashtra, 411057",upi,MT58391453406MGF4,,issued,,,2026-08-04 10:25:46.762560,,1565.0,156500,0.0,0,0.0,0,0.0,0,0.0,0,85.5,8550,0.0,0,0.0,0,297.09,29709,0.0,0,281.7,28170,15.39,1539,0.0,0,1947.59,194759,0.0,0,1947.59,194759
8,RCP-2026-0008,2026-08-04,9,4,Mahesh Vaidya,kalyanmagar789@gmail.com,"Pune, Pune, Pimpri Colony, Pune City, Maharashtra, 411017",netbanking,MT58404677834HWYH,,issued,,,2026-08-04 10:47:49.068428,,1234.0,123400,0.0,0,0.0,0,0.0,0,0.0,0,85.5,8550,0.0,0,0.0,0,80.94,8094,21.33,2133,61.7,6170,15.39,1539,3.84,384,1421.76,142176,0.0,0,1421.76,142176
9,RCP-2026-0009,2026-08-04,10,4,Mahesh Vaidya,kalyanmagar789@gmail.com,"Pune, Pune, Pimpri Colony, Pune City, Maharashtra, 411017",upi,MT58416464664G3BQ,,issued,,,2026-08-04 11:07:27.696020,,1234.0,123400,0.0,0,0.0,0,0.0,0,0.0,0,85.5,8550,0.0,0,0.0,0,77.1,7710,0.0,0,61.7,6170,15.39,1539,0.0,0,1396.59,139659,0.0,0,1396.59,139659
10,RCP-2026-0010,2026-08-04,11,6,Smita Rewatkar,smitarewatkar92@gmail.com,"Pune, Wakad, Wakad, Pune, Maharashtra, 411057",upi,MT584246731263WOH,,issued,,,2026-08-04 11:21:08.884822,,1565.0,156500,0.0,0,0.0,0,0.0,0,0.0,0,85.5,8550,0.0,0,0.0,0,297.09,29709,0.0,0,281.7,28170,15.39,1539,0.0,0,1947.59,194759,0.0,0,1947.59,194759
11,RCP-2026-0011,2026-08-04,12,6,Smita Rewatkar,smitarewatkar92@gmail.com,"Pune, Wakad, Wakad, Pune, Maharashtra, 411057",upi,MT58441572816H0FN,,issued,,,2026-08-04 11:49:18.692645,,1565.0,156500,0.0,0,0.0,0,0.0,0,0.0,0,85.5,8550,0.0,0,0.0,0,297.09,29709,0.0,0,281.7,28170,15.39,1539,0.0,0,1947.59,194759,0.0,0,1947.59,194759
12,RCP-2026-0012,2026-08-04,13,6,Smita Rewatkar,smitarewatkar92@gmail.com,"Pune, Wakad, Wakad, Pune, Maharashtra, 411057",upi,MT58458966406RL0B,,issued,,,2026-08-04 12:18:17.769679,,1565.0,156500,0.0,0,0.0,0,0.0,0,0.0,0,85.5,8550,0.0,0,0.0,0,297.09,29709,0.0,0,281.7,28170,15.39,1539,0.0,0,1947.59,194759,0.0,0,1947.59,194759
13,RCP-2026-0013,2026-08-05,15,6,Smita Rewatkar,smitarewatkar92@gmail.com,"Pune, Wakad, Wakad, Pune, Maharashtra, 411057",netbanking,MT591989850369E45,,issued,,,2026-08-05 08:51:39.863395,,1234.0,123400,0.0,0,0.0,0,0.0,0,0.0,0,85.5,8550,0.0,0,0.0,0,80.93,8093,21.33,2133,61.7,6170,15.39,1539,3.84,384,1421.76,142176,0.0,0,1421.76,142176
14,RCP-2026-0014,2026-08-05,16,6,Smita Rewatkar,smitarewatkar92@gmail.com,"Pune, Wakad, Wakad, Pune, Maharashtra, 411057",upi,MT59297500506MUX0,,issued,,,2026-08-05 11:35:52.263415,,1565.0,156500,0.0,0,0.0,0,0.0,0,0.0,0,85.5,8550,0.0,0,0.0,0,297.09,29709,0.0,0,281.7,28170,15.39,1539,0.0,0,1947.59,194759,0.0,0,1947.59,194759
15,RCP-2026-0015,2026-08-05,17,6,Smita Rewatkar,smitarewatkar92@gmail.com,"Pune, Wakad, Wakad, Pune, Maharashtra, 411057",upi,MT59329200886270B,,issued,,,2026-08-05 12:28:42.239794,,1565.0,156500,0.0,0,0.0,0,0.0,0,0.0,0,85.5,8550,0.0,0,0.0,0,297.09,29709,0.0,0,281.7,28170,15.39,1539,0.0,0,1947.59,194759,0.0,0,1947.59,194759
16,RCP-2026-0016,2026-08-06,18,8,Rutuja Kulkarni,kadammahesh7654@gmail.com,"Wakad, Pune, Infotech  Park (Hinjawadi), Haveli, Maharashtra, 411057",netbanking,MT59954938828ERGR,,issued,,,2026-08-06 05:51:35.902427,,1234.0,123400,0.0,0,0.0,0,0.0,0,0.0,0,85.5,8550,0.0,0,0.0,0,80.93,8093,21.33,2133,61.7,6170,15.39,1539,3.84,384,1421.76,142176,0.0,0,1421.76,142176
17,RCP-2026-0017,2026-08-06,19,8,Rutuja Kulkarni,kadammahesh7654@gmail.com,"Wakad, Pune, Infotech  Park (Hinjawadi), Haveli, Maharashtra, 411057",netbanking,MT59971379848OVBM,,issued,,,2026-08-06 06:18:59.601315,,1565.0,156500,0.0,0,0.0,0,0.0,0,0.0,0,85.5,8550,0.0,0,0.0,0,302.44,30244,29.74,2974,281.7,28170,15.39,1539,5.35,535,1982.68,198268,0.0,0,1982.68,198268
18,RCP-2026-0018,2026-08-06,20,9,Kalyan Magar,kalyanmagar08@gmail.com,"MG Road, Ashok Nagar, Pune, Karnataka, 560001",netbanking,MT60024920899KQST,,issued,,,2026-08-06 07:48:13.669020,,1234.0,123400,0.0,0,0.0,0,0.0,0,0.0,0,85.5,8550,40.47,4047,40.47,4047,0.0,0,21.33,2133,61.7,6170,15.39,1539,3.84,384,1421.76,142176,0.0,0,1421.76,142176
19,RCP-2026-0019,2026-08-06,21,9,Kalyan Magar,kalyanmagar08@gmail.com,"MG Road, Ashok Nagar, Pune, Karnataka, 560001",netbanking,MT600461266998QNF,,issued,,,2026-08-06 08:23:33.986943,,1234.0,123400,0.0,0,0.0,0,0.0,0,0.0,0,85.5,8550,40.47,4047,40.47,4047,0.0,0,21.33,2133,61.7,6170,15.39,1539,3.84,384,1421.76,142176,0.0,0,1421.76,142176
20,RCP-2026-0020,2026-08-06,22,6,Smita Rewatkar,smitarewatkar92@gmail.com,"Pune, Wakad, Wakad, Pune, Maharashtra, 411057",upi,MT60333916046AERV,,issued,,,2026-08-06 16:23:13.865346,,1565.0,156500,0.0,0,0.0,0,0.0,0,0.0,0,85.5,8550,0.0,0,0.0,0,297.09,29709,0.0,0,281.7,28170,15.39,1539,0.0,0,1947.59,194759,0.0,0,1947.59,194759
21,RCP-2026-0021,2026-08-07,23,6,Smita Rewatkar,smitarewatkar92@gmail.com,"Pune, Wakad, Wakad, Pune, Maharashtra, 411057",netbanking,MT60732789056DZL3,,issued,,,2026-08-07 03:27:59.991909,,1234.0,123400,0.0,0,0.0,0,0.0,0,0.0,0,85.5,8550,0.0,0,0.0,0,80.93,8093,21.33,2133,61.7,6170,15.39,1539,3.84,384,1421.76,142176,0.0,0,1421.76,142176
22,RCP-2026-0022,2026-08-07,24,6,Smita Rewatkar,smitarewatkar92@gmail.com,"Pune, Wakad, Wakad, Pune, Maharashtra, 411057",upi,MT607334732160MBF,,issued,,,2026-08-07 03:29:08.479107,,1565.0,156500,0.0,0,0.0,0,0.0,0,0.0,0,85.5,8550,0.0,0,0.0,0,297.09,29709,0.0,0,281.7,28170,15.39,1539,0.0,0,1947.59,194759,0.0,0,1947.59,194759
23,RCP-2026-0023,2026-08-07,27,6,Smita Rewatkar,smitarewatkar92@gmail.com,"Pune, Wakad, Wakad, Pune, Maharashtra, 411057",netbanking,MT60782281106XQLO,,issued,,,2026-08-07 04:50:29.915288,,1234.0,123400,0.0,0,0.0,0,0.0,0,0.0,0,85.5,8550,0.0,0,0.0,0,80.93,8093,21.33,2133,61.7,6170,15.39,1539,3.84,384,1421.76,142176,0.0,0,1421.76,142176
24,RCP-2026-0024,2026-08-07,28,4,Mahesh Vaidya,kalyanmagar789@gmail.com,"Pune, Pune, Pimpri Colony, Pune City, Maharashtra, 411017",netbanking,MT6078844823487MD,,issued,,,2026-08-07 05:00:46.529523,,1234.0,123400,0.0,0,0.0,0,0.0,0,0.0,0,85.5,8550,0.0,0,0.0,0,80.94,8094,21.33,2133,61.7,6170,15.39,1539,3.84,384,1421.76,142176,0.0,0,1421.76,142176
25,RCP-2026-0025,2026-08-07,30,6,Smita Rewatkar,smitarewatkar92@gmail.com,"Pune, Wakad, Wakad, Pune, Maharashtra, 411057",upi,MT60804596716YV2H,,issued,,,2026-08-07 05:27:41.025318,,1565.0,156500,0.0,0,0.0,0,0.0,0,0.0,0,85.5,8550,0.0,0,0.0,0,297.09,29709,0.0,0,281.7,28170,15.39,1539,0.0,0,1947.59,194759,0.0,0,1947.59,194759
26,RCP-2026-0026,2026-08-07,31,6,Smita Rewatkar,smitarewatkar92@gmail.com,"Pune, Wakad, Wakad, Pune, Maharashtra, 411057",upi,MT6082172044677WA,,issued,,,2026-08-07 05:56:13.240257,,1565.0,156500,0.0,0,0.0,0,0.0,0,0.0,0,85.5,8550,0.0,0,0.0,0,297.09,29709,0.0,0,281.7,28170,15.39,1539,0.0,0,1947.59,194759,0.0,0,1947.59,194759
27,RCP-2026-0027,2026-08-07,33,6,Smita Rewatkar,smitarewatkar92@gmail.com,"Pune, Wakad, Wakad, Pune, Maharashtra, 411057",netbanking,MT60921038606PDTL,,issued,,,2026-08-07 08:41:44.893601,,1234.0,123400,0.0,0,0.0,0,0.0,0,0.0,0,85.5,8550,0.0,0,0.0,0,80.93,8093,21.33,2133,61.7,6170,15.39,1539,3.84,384,1421.76,142176,0.0,0,1421.76,142176
28,RCP-2026-0028,2026-08-07,35,6,Smita Rewatkar,smitarewatkar92@gmail.com,"Pune, Wakad, Wakad, Pune, Maharashtra, 411057",upi,MT60927308546MYZN,,issued,,,2026-08-07 08:52:12.547419,,1565.0,156500,0.0,0,0.0,0,0.0,0,0.0,0,85.5,8550,0.0,0,0.0,0,297.09,29709,0.0,0,281.7,28170,15.39,1539,0.0,0,1947.59,194759,0.0,0,1947.59,194759
29,RCP-2026-0029,2026-08-07,37,9,Kalyan Magar,kalyanmagar08@gmail.com,"MG Road, Ashok Nagar, Pune, Karnataka, 560001",netbanking,MT610009433391P8X,,issued,,,2026-08-07 10:54:56.363946,,1234.0,123400,0.0,0,0.0,0,0.0,0,0.0,0,85.5,8550,40.47,4047,40.47,4047,0.0,0,21.33,2133,61.7,6170,15.39,1539,3.84,384,1421.76,142176,0.0,0,1421.76,142176
30,RCP-2026-0030,2026-08-07,38,9,Kalyan Magar,kalyanmagar08@gmail.com,"MG Road, Ashok Nagar, Pune, Karnataka, 560001",netbanking,MT6100468902906RK,,issued,,,2026-08-07 11:01:10.742498,,1234.0,123400,0.0,0,0.0,0,0.0,0,0.0,0,85.5,8550,40.47,4047,40.47,4047,0.0,0,21.33,2133,61.7,6170,15.39,1539,3.84,384,1421.76,142176,0.0,0,1421.76,142176
31,RCP-2026-0031,2026-08-07,39,9,Kalyan Magar,kalyanmagar08@gmail.com,"MG Road, Ashok Nagar, Pune, Karnataka, 560001",netbanking,MT61025882369ZBWD,,issued,,,2026-08-07 11:36:30.901242,,1234.0,123400,0.0,0,0.0,0,0.0,0,0.0,0,85.5,8550,40.47,4047,40.47,4047,0.0,0,21.33,2133,61.7,6170,15.39,1539,3.84,384,1421.76,142176,0.0,0,1421.76,142176
32,RCP-2026-0032,2026-08-07,40,9,Kalyan Magar,kalyanmagar08@gmail.com,"MG Road, Ashok Nagar, Pune, Karnataka, 560001",upi,MT61119171329XAAN,,issued,,,2026-08-07 14:11:59.286748,,1234.0,123400,0.0,0,0.0,0,0.0,0,0.0,0,85.5,8550,38.55,3855,38.55,3855,0.0,0,0.0,0,61.7,6170,15.39,1539,0.0,0,1396.59,139659,0.0,0,1396.59,139659
33,RCP-2026-0033,2026-08-08,41,6,Smita Rewatkar,smitarewatkar92@gmail.com,"Pune, Wakad, Wakad, Pune, Maharashtra, 411057",netbanking,MT61617725496F4UP,,issued,,,2026-08-08 04:02:53.492019,,1234.0,123400,0.0,0,0.0,0,0.0,0,0.0,0,85.5,8550,0.0,0,0.0,0,80.93,8093,21.33,2133,61.7,6170,15.39,1539,3.84,384,1421.76,142176,0.0,0,1421.76,142176
34,RCP-2026-0034,2026-08-08,43,6,Smita Rewatkar,smitarewatkar92@gmail.com,"Pune, Wakad, Wakad, Pune, Maharashtra, 411057",netbanking,MT61623218546F7E4,,issued,,,2026-08-08 04:12:02.914611,,1234.0,123400,0.0,0,0.0,0,0.0,0,0.0,0,85.5,8550,0.0,0,0.0,0,80.93,8093,21.33,2133,61.7,6170,15.39,1539,3.84,384,1421.76,142176,0.0,0,1421.76,142176
35,RCP-2026-0035,2026-08-08,45,9,Kalyan Magar,kalyanmagar08@gmail.com,"MG Road, Ashok Nagar, Pune, Karnataka, 560001",netbanking,MT61670886389XYXT,,issued,,,2026-08-08 05:31:30.081599,,1234.0,123400,0.0,0,0.0,0,0.0,0,0.0,0,85.5,8550,40.47,4047,40.47,4047,0.0,0,21.33,2133,61.7,6170,15.39,1539,3.84,384,1421.76,142176,0.0,0,1421.76,142176
36,RCP-2026-0036,2026-08-08,46,6,Smita Rewatkar,smitarewatkar92@gmail.com,"Pune, Wakad, Wakad, Pune, Maharashtra, 411057",upi,MT61735428956TGJ9,,issued,,,2026-08-08 07:19:04.691753,,4038.0,403800,0.0,0,0.0,0,0.0,0,0.0,0,256.5,25650,0.0,0,0.0,0,773.01,77301,0.0,0,726.84,72684,46.17,4617,0.0,0,5067.51,506751,0.0,0,5067.51,506751
37,RCP-2026-0037,2026-08-08,47,6,Smita Rewatkar,smitarewatkar92@gmail.com,"Pune, Wakad, Wakad, Pune, Maharashtra, 411057",upi,MT61782106656WGF9,,issued,,,2026-08-08 08:36:51.965826,,1725.0,172500,0.0,0,0.0,0,0.0,0,0.0,0,85.5,8550,0.0,0,0.0,0,325.89,32589,0.0,0,310.5,31050,15.39,1539,0.0,0,2136.39,213639,0.0,0,2136.39,213639
38,RCP-2026-0038,2026-08-08,48,6,Smita Rewatkar,smitarewatkar92@gmail.com,"Pune, Wakad, Wakad, Pune, Maharashtra, 411057",upi,MT61803056786L39F,,issued,,,2026-08-08 09:11:47.156362,,1725.0,172500,0.0,0,0.0,0,0.0,0,0.0,0,85.5,8550,0.0,0,0.0,0,325.89,32589,0.0,0,310.5,31050,15.39,1539,0.0,0,2136.39,213639,0.0,0,2136.39,213639
39,RCP-2026-0039,2026-08-08,49,6,Smita Rewatkar,smitarewatkar92@gmail.com,"Pune, Wakad, Wakad, Pune, Maharashtra, 411057",upi,MT61803732986X707,,issued,,,2026-08-08 09:12:54.843827,,748.0,74800,0.0,0,0.0,0,0.0,0,0.0,0,85.5,8550,0.0,0,0.0,0,150.03,15003,0.0,0,134.64,13464,15.39,1539,0.0,0,983.53,98353,0.0,0,983.53,98353
40,RCP-2026-0040,2026-08-08,50,6,Smita Rewatkar,smitarewatkar92@gmail.com,"Pune, Wakad, Wakad, Pune, Maharashtra, 411057",upi,MT61821765036YNVO,,issued,,,2026-08-08 09:42:58.056708,,1725.0,172500,0.0,0,0.0,0,0.0,0,0.0,0,85.5,8550,0.0,0,0.0,0,325.89,32589,0.0,0,310.5,31050,15.39,1539,0.0,0,2136.39,213639,0.0,0,2136.39,213639
41,RCP-2026-0041,2026-08-08,51,6,Smita Rewatkar,smitarewatkar92@gmail.com,"Pune, Wakad, Wakad, Pune, Maharashtra, 411057",upi,MT6184890711681K1,,issued,,,2026-08-08 10:28:12.915906,,748.0,74800,0.0,0,0.0,0,0.0,0,0.0,0,85.5,8550,0.0,0,0.0,0,150.03,15003,0.0,0,134.64,13464,15.39,1539,0.0,0,983.53,98353,0.0,0,983.53,98353
42,RCP-2026-0042,2026-08-08,53,6,Smita Rewatkar,smitarewatkar92@gmail.com,"Pune, Wakad, Wakad, Pune, Maharashtra, 411057",upi,MT61868949076LSVZ,,issued,,,2026-08-08 11:01:36.409877,,748.0,74800,0.0,0,0.0,0,0.0,0,0.0,0,85.5,8550,0.0,0,0.0,0,150.03,15003,0.0,0,134.64,13464,15.39,1539,0.0,0,983.53,98353,0.0,0,983.53,98353
43,RCP-2026-0043,2026-08-10,54,4,Mahesh Vaidya,kalyanmagar789@gmail.com,"Pune, Pune, Pimpri Colony, Pune City, Maharashtra, 411017",upi,MT634254763041SR1,,issued,,,2026-08-10 06:15:49.635786,,1234.0,123400,0.0,0,0.0,0,0.0,0,0.0,0,85.5,8550,0.0,0,0.0,0,77.1,7710,0.0,0,61.7,6170,15.39,1539,0.0,0,1396.59,139659,0.0,0,1396.59,139659
44,RCP-2026-0044,2026-08-10,55,6,Smita Rewatkar,smitarewatkar92@gmail.com,"Pune, Wakad, Wakad, Pune, Maharashtra, 411057",upi,MT63506827446HJKR,,issued,,,2026-08-10 08:31:24.178711,,1565.0,156500,0.0,0,0.0,0,0.0,0,0.0,0,85.5,8550,0.0,0,0.0,0,297.09,29709,0.0,0,281.7,28170,15.39,1539,0.0,0,1947.59,194759,0.0,0,1947.59,194759
45,RCP-2026-0045,2026-08-10,56,6,Smita Rewatkar,smitarewatkar92@gmail.com,"Pune, Wakad, Wakad, Pune, Maharashtra, 411057",upi,MT635188291266INZ,,issued,,,2026-08-10 08:51:24.732830,,748.0,74800,0.0,0,0.0,0,0.0,0,0.0,0,85.5,8550,0.0,0,0.0,0,150.03,15003,0.0,0,134.64,13464,15.39,1539,0.0,0,983.53,98353,0.0,0,983.53,98353
46,RCP-2026-0046,2026-08-10,57,6,Smita Rewatkar,smitarewatkar92@gmail.com,"Pune, Wakad, Wakad, Pune, Maharashtra, 411057",upi,MT63524105316YB6C,,issued,,,2026-08-10 09:00:11.996717,,1725.0,172500,0.0,0,0.0,0,0.0,0,0.0,0,85.5,8550,0.0,0,0.0,0,325.89,32589,0.0,0,310.5,31050,15.39,1539,0.0,0,2136.39,213639,0.0,0,2136.39,213639
47,RCP-2026-0047,2026-08-10,58,6,Smita Rewatkar,smitarewatkar92@gmail.com,"Pune, Wakad, Wakad, Pune, Maharashtra, 411057",upi,MT63527832146DUXL,,issued,,,2026-08-10 09:06:24.564320,,1565.0,156500,0.0,0,0.0,0,0.0,0,0.0,0,85.5,8550,0.0,0,0.0,0,297.09,29709,0.0,0,281.7,28170,15.39,1539,0.0,0,1947.59,194759,0.0,0,1947.59,194759
48,RCP-2026-0048,2026-08-10,59,6,Smita Rewatkar,smitarewatkar92@gmail.com,"Pune, Wakad, Wakad, Pune, Maharashtra, 411057",upi,MT63530769456T585,,issued,,,2026-08-10 09:11:18.823281,,1725.0,172500,0.0,0,0.0,0,0.0,0,0.0,0,85.5,8550,0.0,0,0.0,0,325.89,32589,0.0,0,310.5,31050,15.39,1539,0.0,0,2136.39,213639,0.0,0,2136.39,213639
49,RCP-2026-0049,2026-08-10,60,6,Smita Rewatkar,smitarewatkar92@gmail.com,"Pune, Wakad, Wakad, Pune, Maharashtra, 411057",upi,MT63535405216DTJM,,issued,,,2026-08-10 09:19:01.868822,,1725.0,172500,0.0,0,0.0,0,0.0,0,0.0,0,85.5,8550,0.0,0,0.0,0,325.89,32589,0.0,0,310.5,31050,15.39,1539,0.0,0,2136.39,213639,0.0,0,2136.39,213639
50,RCP-2026-0050,2026-08-10,61,6,Smita Rewatkar,smitarewatkar92@gmail.com,"Pune, Wakad, Wakad, Pune, Maharashtra, 411057",upi,MT63550819346CMH1,,issued,,,2026-08-10 09:44:43.804439,,1725.0,172500,0.0,0,0.0,0,0.0,0,0.0,0,85.5,8550,0.0,0,0.0,0,325.89,32589,0.0,0,310.5,31050,15.39,1539,0.0,0,2136.39,213639,0.0,0,2136.39,213639
51,RCP-2026-0051,2026-08-10,62,6,Smita Rewatkar,smitarewatkar92@gmail.com,"Pune, Wakad, Wakad, Pune, Maharashtra, 411057",upi,MT6357099464664I4,,issued,,,2026-08-10 10:18:21.038475,,1725.0,172500,0.0,0,0.0,0,0.0,0,0.0,0,85.5,8550,0.0,0,0.0,0,325.89,32589,0.0,0,310.5,31050,15.39,1539,0.0,0,2136.39,213639,0.0,0,2136.39,213639
52,RCP-2026-0052,2026-08-10,63,6,Smita Rewatkar,smitarewatkar92@gmail.com,"Pune, Wakad, Wakad, Pune, Maharashtra, 411057",upi,MT635933872266LAE,,issued,,,2026-08-10 10:55:40.877050,,1725.0,172500,0.0,0,0.0,0,0.0,0,0.0,0,85.5,8550,0.0,0,0.0,0,325.89,32589,0.0,0,310.5,31050,15.39,1539,0.0,0,2136.39,213639,0.0,0,2136.39,213639
53,RCP-2026-0053,2026-08-10,64,6,Smita Rewatkar,smitarewatkar92@gmail.com,"Pune, Wakad, Wakad, Pune, Maharashtra, 411057",upi,MT63760457136YQN6,,issued,,,2026-08-10 15:34:07.937458,,1725.0,172500,0.0,0,0.0,0,0.0,0,0.0,0,85.5,8550,0.0,0,0.0,0,325.89,32589,0.0,0,310.5,31050,15.39,1539,0.0,0,2136.39,213639,0.0,0,2136.39,213639
54,RCP-2026-0054,2026-08-11,65,4,Mahesh Vaidya,kalyanmagar789@gmail.com,"Bengaluru, Bengaluru, Bangalore, Bangalore North, Karnataka, 560001",netbanking,MT64230003104QLRM,,issued,,,2026-08-11 04:36:41.607853,,319.0,31900,0.0,0,0.0,0,0.0,0,0.0,0,85.5,8550,27.47,2747,27.47,2747,0.0,0,7.0,700,38.28,3828,15.39,1539,1.26,126,466.43,46643,0.0,0,466.43,46643
55,RCP-2026-0055,2026-08-11,66,4,Mahesh Vaidya,kalyanmagar789@gmail.com,"Bengaluru, Bengaluru, Bangalore, Bangalore North, Karnataka, 560001",netbanking,MT642350544746KR0,,issued,,,2026-08-11 04:45:06.955425,,319.0,31900,0.0,0,0.0,0,0.0,0,0.0,0,85.5,8550,27.47,2747,27.47,2747,0.0,0,7.0,700,38.28,3828,15.39,1539,1.26,126,466.43,46643,0.0,0,466.43,46643
56,RCP-2026-0056,2026-08-11,67,4,Mahesh Vaidya,kalyanmagar789@gmail.com,"Bengaluru, Bengaluru, Bangalore, Bangalore North, Karnataka, 560001",netbanking,MT64249504874S7QK,,issued,,,2026-08-11 05:09:12.955597,,319.0,31900,0.0,0,0.0,0,0.0,0,0.0,0,85.5,8550,27.47,2747,27.47,2747,0.0,0,7.0,700,38.28,3828,15.39,1539,1.26,126,466.43,46643,0.0,0,466.43,46643
57,RCP-2026-0057,2026-08-11,68,9,Kalyan Magar,kalyanmagar08@gmail.com,"MG Road, Ashok Nagar, Pune, Karnataka, 560001",upi,MT64297575919GQEE,,issued,,,2026-08-11 06:29:19.017098,,1725.0,172500,0.0,0,0.0,0,0.0,0,0.0,0,85.5,8550,162.95,16295,162.95,16295,0.0,0,0.0,0,310.5,31050,15.39,1539,0.0,0,2136.39,213639,0.0,0,2136.39,213639
58,RCP-2026-0058,2026-08-11,69,9,Kalyan Magar,kalyanmagar08@gmail.com,"MG Road, Ashok Nagar, Pune, Karnataka, 560001",upi,MT64576294009L7AF,,issued,,,2026-08-11 14:13:50.844642,,14515.0,1451500,0.0,0,0.0,0,0.0,0,0.0,0,85.5,8550,1314.04,131404,1314.04,131404,0.0,0,0.0,0,2612.7,261270,15.39,1539,0.0,0,17228.59,1722859,0.0,0,17228.59,1722859
59,RCP-2026-0059,2026-08-11,70,9,Kalyan Magar,kalyanmagar08@gmail.com,"MG Road, Ashok Nagar, Pune, Karnataka, 560001",netbanking,MT6459787100956VZ,,issued,,,2026-08-11 14:49:48.481925,,1725.0,172500,0.0,0,0.0,0,0.0,0,0.0,0,85.5,8550,165.88,16588,165.88,16588,0.0,0,32.62,3262,310.5,31050,15.39,1539,5.87,587,2174.89,217489,0.0,0,2174.89,217489
60,RCP-2026-0060,2026-08-13,71,4,Mahesh Vaidya,kalyanmagar789@gmail.com,"Bengaluru, Bengaluru, Bangalore, Bangalore North, Karnataka, 560001",netbanking,MT66121625074LPR4,,issued,,,2026-08-13 09:09:23.871338,,10566.0,1056600,0.0,0,0.0,0,0.0,0,0.0,0,85.5,8550,658.06,65806,658.06,65806,0.0,0,182.25,18225,1267.92,126792,15.39,1539,32.8,3280,12149.86,1214986,0.0,0,12149.86,1214986
61,RCP-2026-0061,2026-08-13,72,6,Smita Rewatkar,smitarewatkar92@gmail.com,"Pune, Wakad, Wakad, Pune, Maharashtra, 411057",upi,MT66123082406AQGV,,issued,,,2026-08-13 09:11:49.924820,,1725.0,172500,0.0,0,0.0,0,0.0,0,0.0,0,85.5,8550,0.0,0,0.0,0,325.89,32589,0.0,0,310.5,31050,15.39,1539,0.0,0,2136.39,213639,0.0,0,2136.39,213639
62,RCP-2026-0062,2026-08-13,73,6,Smita Rewatkar,smitarewatkar92@gmail.com,"Pune, Wakad, Wakad, Pune, Maharashtra, 411057",upi,MT66133017196X4M7,,issued,,,2026-08-13 09:28:23.525431,,1725.0,172500,0.0,0,0.0,0,0.0,0,0.0,0,85.5,8550,0.0,0,0.0,0,325.89,32589,0.0,0,310.5,31050,15.39,1539,0.0,0,2136.39,213639,0.0,0,2136.39,213639
63,RCP-2026-0063,2026-08-13,74,6,Smita Rewatkar,smitarewatkar92@gmail.com,"Pune, Wakad, Wakad, Pune, Maharashtra, 411057",upi,MT66173753996GAP3,,issued,,,2026-08-13 10:36:16.915848,,1074.0,107400,0.0,0,0.0,0,0.0,0,0.0,0,85.5,8550,0.0,0,0.0,0,208.71,20871,0.0,0,193.32,19332,15.39,1539,0.0,0,1368.21,136821,0.0,0,1368.21,136821
64,RCP-2026-0064,2026-08-13,75,6,Smita Rewatkar,smitarewatkar92@gmail.com,"Pune, Wakad, Wakad, Pune, Maharashtra, 411057",upi,MT661808685461L8E,,issued,,,2026-08-13 10:48:08.096395,,1074.0,107400,0.0,0,0.0,0,0.0,0,0.0,0,85.5,8550,0.0,0,0.0,0,208.71,20871,0.0,0,193.32,19332,15.39,1539,0.0,0,1368.21,136821,0.0,0,1368.21,136821
65,RCP-2026-0065,2026-08-13,76,6,Smita Rewatkar,smitarewatkar92@gmail.com,"Pune, Wakad, Wakad, Pune, Maharashtra, 411057",upi,MT66185701106MA8B,,issued,,,2026-08-13 10:56:11.310647,,1074.0,107400,0.0,0,0.0,0,0.0,0,0.0,0,85.5,8550,0.0,0,0.0,0,208.71,20871,0.0,0,193.32,19332,15.39,1539,0.0,0,1368.21,136821,0.0,0,1368.21,136821
66,RCP-2026-0066,2026-08-13,77,6,Smita Rewatkar,smitarewatkar92@gmail.com,"Pune, Wakad, Wakad, Pune, Maharashtra, 411057",upi,MT66215785216ZL52,,issued,,,2026-08-13 11:46:19.792619,,1074.0,107400,0.0,0,0.0,0,0.0,0,0.0,0,85.5,8550,0.0,0,0.0,0,208.71,20871,0.0,0,193.32,19332,15.39,1539,0.0,0,1368.21,136821,0.0,0,1368.21,136821
67,RCP-2026-0067,2026-08-13,78,6,Smita Rewatkar,smitarewatkar92@gmail.com,"Pune, Wakad, Wakad, Pune, Maharashtra, 411057",upi,MT66238973696GKGA,,issued,,,2026-08-13 12:24:58.615364,,1074.0,107400,0.0,0,0.0,0,0.0,0,0.0,0,85.5,8550,0.0,0,0.0,0,208.71,20871,0.0,0,193.32,19332,15.39,1539,0.0,0,1368.21,136821,0.0,0,1368.21,136821
68,RCP-2026-0068,2026-08-14,79,4,Mahesh Vaidya,kalyanmagar789@gmail.com,"Bengaluru, Bengaluru, Bangalore, Bangalore North, Karnataka, 560001",netbanking,MT66889536914SEI8,,issued,,,2026-08-14 06:29:15.271396,,12163.0,1216300,0.0,0,0.0,0,0.0,0,0.0,0,171.0,17100,764.17,76417,764.17,76417,0.0,0,211.1,21110,1459.56,145956,30.78,3078,38.0,3800,14073.44,1407344,0.0,0,14073.44,1407344
69,RCP-2026-0069,2026-08-14,80,4,Mahesh Vaidya,kalyanmagar789@gmail.com,"Bengaluru, Bengaluru, Bangalore, Bangalore North, Karnataka, 560001",netbanking,MT66891532754I09K,,issued,,,2026-08-14 06:32:35.538592,,1478.0,147800,0.0,0,0.0,0,0.0,0,0.0,0,85.5,8550,98.79,9879,98.79,9879,0.0,0,26.82,2682,177.36,17736,15.39,1539,4.83,483,1787.9,178790,0.0,0,1787.9,178790
70,RCP-2026-0070,2026-08-14,81,4,Mahesh Vaidya,kalyanmagar789@gmail.com,"Bengaluru, Bengaluru, Bangalore, Bangalore North, Karnataka, 560001",netbanking,MT66900990454Q829,,issued,,,2026-08-14 06:48:20.135645,,748.0,74800,0.0,0,0.0,0,0.0,0,0.0,0,85.5,8550,76.36,7636,76.36,7636,0.0,0,15.02,1502,134.64,13464,15.39,1539,2.7,270,1001.25,100125,0.0,0,1001.25,100125
71,RCP-2026-0071,2026-08-14,82,4,Mahesh Vaidya,kalyanmagar789@gmail.com,"Bengaluru, Bengaluru, Bangalore, Bangalore North, Karnataka, 560001",netbanking,MT669107854740ZB4,,issued,,,2026-08-14 07:04:39.511497,,748.0,74800,0.0,0,0.0,0,0.0,0,0.0,0,85.5,8550,76.36,7636,76.36,7636,0.0,0,15.02,1502,134.64,13464,15.39,1539,2.7,270,1001.25,100125,0.0,0,1001.25,100125
72,RCP-2026-0072,2026-08-14,83,4,Mahesh Vaidya,kalyanmagar789@gmail.com,"Bengaluru, Bengaluru, Bangalore, Bangalore North, Karnataka, 560001",netbanking,MT6691643203480JY,,issued,,,2026-08-14 07:14:04.321607,,1234.0,123400,0.0,0,0.0,0,0.0,0,0.0,0,85.5,8550,40.47,4047,40.47,4047,0.0,0,21.33,2133,61.7,6170,15.39,1539,3.84,384,1421.76,142176,0.0,0,1421.76,142176
73,RCP-2026-0073,2026-08-14,84,6,Smita Rewatkar,smitarewatkar92@gmail.com,"Pune, Wakad, Wakad, Pune, Maharashtra, 411057",upi,MT66981468656GN2N,,issued,,,2026-08-14 09:02:28.984533,,1074.0,107400,0.0,0,0.0,0,0.0,0,0.0,0,85.5,8550,0.0,0,0.0,0,208.71,20871,0.0,0,193.32,19332,15.39,1539,0.0,0,1368.21,136821,0.0,0,1368.21,136821
74,RCP-2026-0074,2026-08-14,85,4,Mahesh Vaidya,kalyanmagar789@gmail.com,"Bengaluru, Bengaluru, Bangalore, Bangalore North, Karnataka, 560001",netbanking,MT670507526147F7T,,issued,,,2026-08-14 10:57:56.963491,,748.0,74800,0.0,0,0.0,0,0.0,0,0.0,0,85.5,8550,76.37,7637,76.37,7637,0.0,0,15.02,1502,134.64,13464,15.4,1540,2.7,270,1001.26,100126,0.0,0,1001.26,100126
75,RCP-2026-0075,2026-08-14,86,4,Mahesh Vaidya,kalyanmagar789@gmail.com,"Bengaluru, Bengaluru, Bangalore, Bangalore North, Karnataka, 560001",netbanking,MT67051218574RADC,,issued,,,2026-08-14 10:58:43.297224,,5878.0,587800,0.0,0,0.0,0,0.0,0,0.0,0,85.5,8550,369.57,36957,369.57,36957,0.0,0,102.07,10207,705.36,70536,15.4,1540,18.38,1838,6804.71,680471,0.0,0,6804.71,680471
76,RCP-2026-0076,2026-08-14,87,4,Mahesh Vaidya,kalyanmagar789@gmail.com,"Bengaluru, Bengaluru, Bangalore, Bangalore North, Karnataka, 560001",netbanking,MT670540423941BKQ,,issued,,,2026-08-14 11:03:25.725116,,319.0,31900,0.0,0,0.0,0,0.0,0,0.0,0,85.5,8550,27.47,2747,27.47,2747,0.0,0,7.0,700,38.28,3828,15.4,1540,1.26,126,466.44,46644,0.0,0,466.44,46644
77,RCP-2026-0077,2026-08-14,88,6,Smita Rewatkar,smitarewatkar92@gmail.com,"Pune, Wakad, Wakad, Pune, Maharashtra, 411057",WALLET,DUMMY-1786709694302-12382,,issued,,,2026-08-14 12:14:54.747213,,1725.0,172500,0.0,0,172.5,17250,0.0,0,0.0,0,85.5,8550,0.0,0,0.0,0,294.84,29484,0.0,0,279.45,27945,15.39,1539,0.0,0,1932.84,193284,0.0,0,1932.84,193284
78,RCP-2026-0078,2026-08-17,89,4,Mahesh Vaidya,kalyanmagar789@gmail.com,"Bengaluru, Bengaluru, Bangalore, Bangalore North, Karnataka, 560001",netbanking,MT694581580549EAP,,issued,,,2026-08-17 05:50:17.097356,,7603.0,760300,0.0,0,0.0,0,0.0,0,0.0,0,171.0,17100,535.46,53546,535.46,53546,0.0,0,134.69,13469,1015.86,101586,30.8,3080,24.26,2426,8979.61,897961,0.0,0,8979.61,897961
79,RCP-2026-0079,2026-08-17,90,4,Mahesh Vaidya,kalyanmagar789@gmail.com,"Bengaluru, Bengaluru, Bangalore, Bangalore North, Karnataka, 560001",netbanking,MT694604472746ZO2,,issued,,,2026-08-17 05:54:05.828542,,379.0,37900,0.0,0,0.0,0,0.0,0,0.0,0,85.5,8550,31.16,3116,31.16,3116,0.0,0,8.02,802,45.48,4548,15.4,1540,1.44,144,534.84,53484,0.0,0,534.84,53484
80,RCP-2026-0080,2026-08-17,91,4,Mahesh Vaidya,kalyanmagar789@gmail.com,"Bengaluru, Bengaluru, Bangalore, Bangalore North, Karnataka, 560001",netbanking,MT69467323054QLQ5,,issued,,,2026-08-17 06:05:33.692214,,1635.0,163500,0.0,0,0.0,0,0.0,0,0.0,0,85.5,8550,108.46,10846,108.46,10846,0.0,0,29.5,2950,196.2,19620,15.4,1540,5.32,532,1966.92,196692,0.0,0,1966.92,196692
81,RCP-2026-0081,2026-08-17,92,4,Mahesh Vaidya,kalyanmagar789@gmail.com,"Bengaluru, Bengaluru, Bangalore, Bangalore North, Karnataka, 560001",netbanking,MT6948803153462V5,,issued,,,2026-08-17 06:40:04.657578,,3113.0,311300,0.0,0,0.0,0,0.0,0,0.0,0,171.0,17100,207.25,20725,207.25,20725,0.0,0,56.32,5632,373.56,37356,30.8,3080,10.14,1014,3754.82,375482,0.0,0,3754.82,375482
82,RCP-2026-0082,2026-08-17,93,4,Mahesh Vaidya,kalyanmagar789@gmail.com,"Bengaluru, Bengaluru, Bangalore, Bangalore North, Karnataka, 560001",netbanking,MT69500804964E9HJ,,issued,,,2026-08-17 07:01:21.488218,,748.0,74800,0.0,0,0.0,0,0.0,0,0.0,0,85.5,8550,76.37,7637,76.37,7637,0.0,0,15.02,1502,134.64,13464,15.4,1540,2.7,270,1001.26,100126,0.0,0,1001.26,100126
83,RCP-2026-0083,2026-08-18,94,4,Mahesh Vaidya,kalyanmagar789@gmail.com,"Bengaluru, Bengaluru, Bangalore, Bangalore North, Karnataka, 560001",netbanking,MT70486539294DIC0,,issued,,,2026-08-18 10:24:15.814247,,4113.0,411300,0.0,0,0.0,0,0.0,0,0.0,0,342.0,34200,284.47,28447,284.47,28447,0.0,0,76.5,7650,493.56,49356,61.6,6160,13.78,1378,5100.44,510044,0.0,0,5100.44,510044
84,RCP-2026-0084,2026-08-18,95,4,Mahesh Vaidya,kalyanmagar789@gmail.com,"Bengaluru, Bengaluru, Bangalore, Bangalore North, Karnataka, 560001",netbanking,MT7052651221400KP,,issued,,,2026-08-18 11:30:53.047894,,1127.0,112700,0.0,0,0.0,0,0.0,0,0.0,0,171.0,17100,107.53,10753,107.53,10753,0.0,0,23.04,2304,180.12,18012,30.8,3080,4.14,414,1536.1,153610,0.0,0,1536.1,153610
85,RCP-2026-0085,2026-08-19,96,6,Smita Rewatkar,smitarewatkar92@gmail.com,"Pune, Wakad, Wakad, Pune, Maharashtra, 411057",upi,MT71300857336CO0S,,issued,,,2026-08-19 09:01:27.875362,,1725.0,172500,0.0,0,0.0,0,0.0,0,0.0,0,85.5,8550,0.0,0,0.0,0,325.89,32589,0.0,0,310.5,31050,15.39,1539,0.0,0,2136.39,213639,0.0,0,2136.39,213639
86,RCP-2026-0086,2026-08-19,97,6,Smita Rewatkar,smitarewatkar92@gmail.com,"Pune, Wakad, Wakad, Pune, Maharashtra, 411057",upi,MT71423226026E2YX,,issued,,,2026-08-19 12:25:25.106487,,51125.0,5112500,300.0,30000,0.0,0,0.0,0,0.0,0,85.5,8550,0.0,0,0.0,0,9163.89,916389,0.0,0,9148.5,914850,15.39,1539,0.0,0,60074.39,6007439,0.0,0,60074.39,6007439
87,RCP-2026-0087,2026-08-19,98,4,Mahesh Vaidya,kalyanmagar789@gmail.com,"Bengaluru, Bengaluru, Bangalore, Bangalore North, Karnataka, 560001",netbanking,MT714293788640A4S,,issued,,,2026-08-19 12:35:39.154217,,1548.0,154800,309.6,30960,0.0,0,0.0,0,0.0,0,85.5,8550,84.04,8404,84.04,8404,0.0,0,22.72,2272,148.6,14860,15.4,1540,4.08,408,1514.7,151470,0.0,0,1514.7,151470
88,RCP-2026-0088,2026-08-20,99,6,Smita Rewatkar,smitarewatkar92@gmail.com,"Pune, Wakad, Wakad, Pune, Maharashtra, 411057",upi,MT72078862426K1GV,,issued,,,2026-08-20 06:38:07.858800,,1074.0,107400,0.0,0,0.0,0,0.0,0,0.0,0,85.5,8550,0.0,0,0.0,0,208.71,20871,0.0,0,193.32,19332,15.39,1539,0.0,0,1368.21,136821,0.0,0,1368.21,136821
89,RCP-2026-0089,2026-08-20,100,6,Smita Rewatkar,smitarewatkar92@gmail.com,"Pune, Wakad, Wakad, Pune, Maharashtra, 411057",upi,MT72308828636RZBC,,issued,,,2026-08-20 13:01:24.554560,,51125.0,5112500,0.0,0,0.0,0,0.0,0,0.0,0,85.5,8550,0.0,0,0.0,0,9217.89,921789,0.0,0,9202.5,920250,15.39,1539,0.0,0,60428.39,6042839,0.0,0,60428.39,6042839
90,RCP-2026-0090,2026-08-20,101,4,Mahesh Vaidya,kalyanmagar789@gmail.com,"Bengaluru, Bengaluru, Bangalore, Bangalore North, Karnataka, 560001",netbanking,MT723149684648SIX,,issued,,,2026-08-20 13:11:38.536347,,6344.0,634400,0.0,0,0.0,0,0.0,0,0.0,0,85.5,8550,398.24,39824,398.24,39824,0.0,0,110.04,11004,761.28,76128,15.4,1540,19.8,1980,7336.02,733602,0.0,0,7336.02,733602
91,RCP-2026-0091,2026-08-20,102,6,Smita Rewatkar,smitarewatkar92@gmail.com,"Pune, Wakad, Wakad, Pune, Maharashtra, 411057",upi,MT723167364868261,,issued,,,2026-08-20 13:14:35.498869,,51125.0,5112500,0.0,0,0.0,0,0.0,0,0.0,0,85.5,8550,0.0,0,0.0,0,9217.89,921789,0.0,0,9202.5,920250,15.39,1539,0.0,0,60428.39,6042839,0.0,0,60428.39,6042839
92,RCP-2026-0092,2026-08-20,103,6,Smita Rewatkar,smitarewatkar92@gmail.com,"Pune, Wakad, Wakad, Pune, Maharashtra, 411057",upi,MT72317856136U3HB,,issued,,,2026-08-20 13:16:26.862429,,1074.0,107400,0.0,0,0.0,0,0.0,0,0.0,0,85.5,8550,0.0,0,0.0,0,208.71,20871,0.0,0,193.32,19332,15.39,1539,0.0,0,1368.21,136821,0.0,0,1368.21,136821
93,RCP-2026-0093,2026-08-20,104,6,Smita Rewatkar,smitarewatkar92@gmail.com,"Pune, Wakad, Wakad, Pune, Maharashtra, 411057",upi,MT72324306136M3BY,,issued,,,2026-08-20 13:27:11.963483,,1074.0,107400,0.0,0,0.0,0,0.0,0,0.0,0,85.5,8550,0.0,0,0.0,0,208.71,20871,0.0,0,193.32,19332,15.39,1539,0.0,0,1368.21,136821,0.0,0,1368.21,136821
94,RCP-2026-0094,2026-08-20,105,6,Smita Rewatkar,smitarewatkar92@gmail.com,"Pune, Wakad, Wakad, Pune, Maharashtra, 411057",upi,MT72327150666S9QI,,issued,,,2026-08-20 13:31:56.301810,,1074.0,107400,0.0,0,0.0,0,0.0,0,0.0,0,85.5,8550,0.0,0,0.0,0,208.71,20871,0.0,0,193.32,19332,15.39,1539,0.0,0,1368.21,136821,0.0,0,1368.21,136821
95,RCP-2026-0095,2026-08-21,106,6,Smita Rewatkar,smitarewatkar92@gmail.com,"Pune, Wakad, Wakad, Pune, Maharashtra, 411057",netbanking,MT732571340762GFS,,issued,,,2026-08-21 15:21:54.372766,,2075.0,207500,0.0,0,0.0,0,0.0,0,0.0,0,85.5,8550,0.0,0,0.0,0,395.9,39590,38.93,3893,373.5,37350,15.39,1539,7.01,701,2595.33,259533,0.0,0,2595.33,259533
96,RCP-2026-0096,2026-08-21,107,6,Smita Rewatkar,smitarewatkar92@gmail.com,"Pune, Wakad, Wakad, Pune, Maharashtra, 411057",netbanking,MT73259371546DSRY,,issued,,,2026-08-21 15:25:38.184826,,2075.0,207500,0.0,0,0.0,0,0.0,0,0.0,0,85.5,8550,0.0,0,0.0,0,395.9,39590,38.93,3893,373.5,37350,15.39,1539,7.01,701,2595.33,259533,0.0,0,2595.33,259533
97,RCP-2026-0097,2026-08-21,108,6,Smita Rewatkar,smitarewatkar92@gmail.com,"Pune, Wakad, Wakad, Pune, Maharashtra, 411057",netbanking,MT73262979866IWW3,,issued,,,2026-08-21 15:31:38.845219,,2075.0,207500,0.0,0,0.0,0,0.0,0,0.0,0,85.5,8550,0.0,0,0.0,0,395.9,39590,38.93,3893,373.5,37350,15.39,1539,7.01,701,2595.33,259533,0.0,0,2595.33,259533
98,RCP-2026-0098,2026-08-22,109,6,Smita Rewatkar,smitarewatkar92@gmail.com,"Pune, Wakad, Wakad, Pune, Maharashtra, 411057",netbanking,MT73804144316JRNV,,issued,,,2026-08-22 06:33:35.841968,,2075.0,207500,0.0,0,0.0,0,0.0,0,0.0,0,85.5,8550,0.0,0,0.0,0,395.9,39590,38.93,3893,373.5,37350,15.39,1539,7.01,701,2595.33,259533,0.0,0,2595.33,259533
99,RCP-2026-0099,2026-08-22,113,4,Mahesh Vaidya,kalyanmagar789@gmail.com,"Bengaluru, Bengaluru, Bangalore, Bangalore North, Karnataka, 560001",upi,MT73903904774SIVT,,issued,,,2026-08-22 09:19:51.927584,,750.0,75000,0.0,0,0.0,0,0.0,0,0.0,0,85.5,8550,75.2,7520,75.2,7520,0.0,0,0.0,0,135.0,13500,15.4,1540,0.0,0,985.9,98590,0.0,0,985.9,98590
100,RCP-2026-0100,2026-08-22,114,4,Mahesh Vaidya,kalyanmagar789@gmail.com,"Bengaluru, Bengaluru, Bangalore, Bangalore North, Karnataka, 560001",netbanking,MT73909309124WYW3,,issued,,,2026-08-22 09:28:52.337115,,2075.0,207500,0.0,0,0.0,0,0.0,0,0.0,0,85.5,8550,197.95,19795,197.95,19795,0.0,0,38.93,3893,373.5,37350,15.4,1540,7.0,700,2595.33,259533,0.0,0,2595.33,259533
101,RCP-2026-0101,2026-08-22,115,4,Mahesh Vaidya,kalyanmagar789@gmail.com,"Bengaluru, Bengaluru, Bangalore, Bangalore North, Karnataka, 560001",netbanking,MT73950264224XOYC,,issued,,,2026-08-22 10:37:07.731668,,750.0,75000,0.0,0,0.0,0,0.0,0,0.0,0,85.5,8550,76.55,7655,76.55,7655,0.0,0,15.05,1505,135.0,13500,15.4,1540,2.7,270,1003.65,100365,0.0,0,1003.65,100365
102,RCP-2026-0102,2026-08-24,116,4,Mahesh Vaidya,kalyanmagar789@gmail.com,"Bengaluru, Bengaluru, Bangalore, Bangalore North, Karnataka, 560001",netbanking,MT75626060314VC70,,issued,,,2026-08-24 09:10:07.508167,,2075.0,207500,0.0,0,0.0,0,0.0,0,0.0,0,85.5,8550,197.95,19795,197.95,19795,0.0,0,38.93,3893,373.5,37350,15.4,1540,7.0,700,2595.33,259533,0.0,0,2595.33,259533
103,RCP-2026-0103,2026-08-24,117,4,Mahesh Vaidya,kalyanmagar789@gmail.com,"Bengaluru, Bengaluru, Bangalore, Bangalore North, Karnataka, 560001",netbanking,MT756755187146SSG,,issued,,,2026-08-24 10:32:33.044931,,6541.0,654100,1000.0,100000,0.0,0,0.0,0,0.0,0,85.5,8550,348.83,34883,348.83,34883,0.0,0,96.31,9631,664.92,66492,15.4,1540,17.34,1734,6420.47,642047,0.0,0,6420.47,642047
104,RCP-2026-0104,2026-08-24,118,4,Mahesh Vaidya,kalyanmagar789@gmail.com,"Bengaluru, Bengaluru, Bangalore, Bangalore North, Karnataka, 560001",netbanking,MT75703439274LL63,,issued,,,2026-08-24 11:19:05.415151,,7092.0,709200,500.0,50000,0.0,0,0.0,0,0.0,0,171.0,17100,443.84,44384,443.84,44384,0.0,0,116.51,11651,835.92,83592,30.8,3080,20.96,2096,7767.19,776719,0.0,0,7767.19,776719
105,RCP-2026-0105,2026-08-24,119,4,Mahesh Vaidya,kalyanmagar789@gmail.com,"Bengaluru, Bengaluru, Bangalore, Bangalore North, Karnataka, 560001",netbanking,MT75720183024GCZ4,,issued,,,2026-08-24 11:46:59.870400,,1234.0,123400,0.0,0,0.0,0,0.0,0,0.0,0,85.5,8550,40.47,4047,40.47,4047,0.0,0,21.33,2133,61.7,6170,15.4,1540,3.84,384,1421.77,142177,0.0,0,1421.77,142177
106,RCP-2026-0106,2026-08-25,120,4,Mahesh Vaidya,kalyanmagar789@gmail.com,"Bengaluru, Bengaluru, Bangalore, Bangalore North, Karnataka, 560001",netbanking,MT76351525394AZLY,,issued,,,2026-08-25 05:19:14.146409,,7394.0,739400,0.0,0,0.0,0,0.0,0,0.0,0,171.0,17100,470.7,47070,470.7,47070,0.0,0,129.54,12954,887.28,88728,30.8,3080,23.32,2332,8635.94,863594,0.0,0,8635.94,863594
107,RCP-2026-0107,2026-08-25,121,4,Mahesh Vaidya,kalyanmagar789@gmail.com,"Bengaluru, Bengaluru, Bangalore, Bangalore North, Karnataka, 560001",netbanking,MT76354523374GNEX,,issued,,,2026-08-25 05:24:13.729178,,3183.0,318300,0.0,0,0.0,0,0.0,0,0.0,0,171.0,17100,211.56,21156,211.56,21156,0.0,0,57.52,5752,381.96,38196,30.8,3080,10.36,1036,3834.64,383464,0.0,0,3834.64,383464
108,RCP-2026-0108,2026-08-25,122,4,Mahesh Vaidya,kalyanmagar789@gmail.com,"Bengaluru, Bengaluru, Bangalore, Bangalore North, Karnataka, 560001",netbanking,MT76356919924LICO,,issued,,,2026-08-25 05:28:13.365556,,3183.0,318300,0.0,0,0.0,0,0.0,0,0.0,0,171.0,17100,211.56,21156,211.56,21156,0.0,0,57.52,5752,381.96,38196,30.8,3080,10.36,1036,3834.64,383464,0.0,0,3834.64,383464
109,RCP-2026-0109,2026-08-25,123,4,Mahesh Vaidya,kalyanmagar789@gmail.com,"Bengaluru, Bengaluru, Bangalore, Bangalore North, Karnataka, 560001",netbanking,MT764997745944OL1,,issued,,,2026-08-25 09:26:18.937675,,21071.0,2107100,2641.5,264150,0.0,0,0.0,0,0.0,0,513.0,51300,1226.72,122672,1226.72,122672,0.0,0,325.83,32583,2302.38,230238,92.4,9240,58.66,5866,21721.77,2172177,0.0,0,21721.77,2172177
110,RCP-2026-0110,2026-08-25,124,4,Mahesh Vaidya,kalyanmagar789@gmail.com,"Bengaluru, Bengaluru, Bangalore, Bangalore North, Karnataka, 560001",netbanking,MT7651020292413WR,,issued,,,2026-08-25 09:43:41.351137,,6344.0,634400,0.0,0,0.0,0,0.0,0,0.0,0,85.5,8550,398.24,39824,398.24,39824,0.0,0,110.04,11004,761.28,76128,15.4,1540,19.8,1980,7336.02,733602,0.0,0,7336.02,733602
111,RCP-2026-0111,2026-08-25,126,4,Mahesh Vaidya,kalyanmagar789@gmail.com,"Bengaluru, Bengaluru, Bangalore, Bangalore North, Karnataka, 560001",netbanking,MT76565944574KDIE,,issued,,,2026-08-25 11:16:35.503191,,1234.0,123400,0.0,0,0.0,0,0.0,0,0.0,0,85.5,8550,40.47,4047,40.47,4047,0.0,0,21.33,2133,61.7,6170,15.4,1540,3.84,384,1421.77,142177,0.0,0,1421.77,142177
112,RCP-2026-0112,2026-08-25,127,4,Mahesh Vaidya,kalyanmagar789@gmail.com,"Bengaluru, Bengaluru, Bangalore, Bangalore North, Karnataka, 560001",netbanking,MT76595536704VWFI,,issued,,,2026-08-25 12:05:54.531325,,295.0,29500,0.0,0,0.0,0,0.0,0,0.0,0,85.5,8550,25.99,2599,25.99,2599,0.0,0,6.59,659,35.4,3540,15.4,1540,1.18,118,439.07,43907,0.0,0,439.07,43907
113,RCP-2026-0113,2026-08-25,128,6,Smita Rewatkar,smitarewatkar92@gmail.com,"Pune, Wakad, Wakad, Pune, Maharashtra, 411057",netbanking,MT76641242196662R,,issued,,,2026-08-25 13:22:05.285545,,2075.0,207500,0.0,0,0.0,0,0.0,0,0.0,0,85.5,8550,0.0,0,0.0,0,395.9,39590,38.93,3893,373.5,37350,15.39,1539,7.01,701,2595.33,259533,0.0,0,2595.33,259533
114,RCP-2026-0114,2026-08-25,130,6,Smita Rewatkar,smitarewatkar92@gmail.com,"Pune, Wakad, Wakad, Pune, Maharashtra, 411057",netbanking,MT766496203665XV0,,issued,,,2026-08-25 13:36:02.945039,,2075.0,207500,0.0,0,0.0,0,0.0,0,0.0,0,85.5,8550,0.0,0,0.0,0,395.9,39590,38.93,3893,373.5,37350,15.39,1539,7.01,701,2595.33,259533,0.0,0,2595.33,259533
115,RCP-2026-0115,2026-08-26,137,9,Kalyan Magar,kalyanmagar08@gmail.com,"MG Road, Ashok Nagar, Pune, Karnataka, 560001",netbanking,MT77367506959CL6N,,issued,,,2026-08-26 09:33:19.158728,,1.2,120,0.0,0,0.0,0,0.0,0,0.0,0,0.0,0,0.07,7,0.07,7,0.0,0,0.02,2,0.14,14,0.0,0,0.0,0,1.36,136,0.0,0,1.36,136
116,RCP-2026-0116,2026-08-26,143,8,Rutuja Kulkarni,kadammahesh7654@gmail.com,"Wakad, Pune, Infotech  Park (Hinjawadi), Haveli, Maharashtra, 411057",WALLET,DUMMY-1787764351248-28162,,issued,,,2026-08-26 17:12:31.597402,,2075.0,207500,0.0,0,0.0,0,0.0,0,0.0,0,0.0,0,0.0,0,0.0,0,373.5,37350,0.0,0,373.5,37350,0.0,0,0.0,0,2448.5,244850,0.0,0,2448.5,244850
117,RCP-2026-0117,2026-08-26,144,8,Rutuja Kulkarni,kadammahesh7654@gmail.com,"Wakad, Pune, Infotech  Park (Hinjawadi), Haveli, Maharashtra, 411057",WALLET,DUMMY-1787766993378-157,,issued,,,2026-08-26 17:56:33.766443,,2075.0,207500,0.0,0,0.0,0,0.0,0,0.0,0,0.0,0,0.0,0,0.0,0,373.5,37350,0.0,0,373.5,37350,0.0,0,0.0,0,2448.5,244850,0.0,0,2448.5,244850
118,RCP-2026-0118,2026-08-26,145,8,Rutuja Kulkarni,kadammahesh7654@gmail.com,"Wakad, Pune, Infotech  Park (Hinjawadi), Haveli, Maharashtra, 411057",WALLET,DUMMY-1787768016444-93255,,issued,,,2026-08-26 18:13:36.814532,,2075.0,207500,0.0,0,0.0,0,0.0,0,0.0,0,0.0,0,0.0,0,0.0,0,373.5,37350,0.0,0,373.5,37350,0.0,0,0.0,0,2448.5,244850,0.0,0,2448.5,244850
119,RCP-2026-0119,2026-08-27,148,4,Mahesh Vaidya,kalyanmagar789@gmail.com,"Bengaluru, Bengaluru, Bangalore, Bangalore North, Karnataka, 560001",WALLET,DUMMY-1787809051858-97389,420.0,issued,,,2026-08-27 05:37:32.351542,,9555.0,955500,0.0,0,0.0,0,0.0,0,0.0,0,0.0,0,573.3,57330,573.3,57330,0.0,0,0.0,0,1146.6,114660,0.0,0,0.0,0,10701.6,1070160,0.0,0,10701.6,1070160
120,RCP-2026-0120,2026-08-27,149,4,Mahesh Vaidya,kalyanmagar789@gmail.com,"Bengaluru, Bengaluru, Bangalore, Bangalore North, Karnataka, 560001",WALLET,DUMMY-1787810568336-75990,421.0,issued,,,2026-08-27 06:02:48.663668,,4554.0,455400,0.0,0,0.0,0,0.0,0,0.0,0,0.0,0,409.86,40986,409.86,40986,0.0,0,0.0,0,819.72,81972,0.0,0,0.0,0,5373.72,537372,0.0,0,5373.72,537372
121,RCP-2026-0121,2026-08-27,159,9,Kalyan Magar,kalyanmagar08@gmail.com,"MG Road, Ashok Nagar, Pune, Karnataka, 560001",upi,MT78200071309P4BE,,issued,,,2026-08-27 08:40:39.903151,,1.2,120,0.0,0,0.0,0,0.0,0,0.0,0,0.0,0,0.07,7,0.07,7,0.0,0,0.0,0,0.14,14,0.0,0,0.0,0,1.34,134,0.0,0,1.34,134
122,RCP-2026-0122,2026-08-27,173,9,Kalyan Magar,kalyanmagar08@gmail.com,"MG Road, Ashok Nagar, Pune, Karnataka, 560001",WALLET,DUMMY-1787828159272-11300,430.0,issued,,,2026-08-27 10:55:59.588463,,806.0,80600,0.0,0,0.0,0,0.0,0,0.0,0,85.5,8550,56.06,5606,56.06,5606,0.0,0,0.0,0,96.72,9672,15.4,1540,0.0,0,1003.62,100362,0.0,0,1003.62,100362
123,RCP-2026-0123,2026-08-27,174,6,Smita Rewatkar,smitarewatkar92@gmail.com,"Pune, Wakad, Wakad, Pune, Maharashtra, 411057",WALLET,DUMMY-1787828901738-510,431.0,issued,,,2026-08-27 11:08:22.087161,,1074.0,107400,0.0,0,0.0,0,0.0,0,0.0,0,85.5,8550,0.0,0,0.0,0,208.71,20871,0.0,0,193.32,19332,15.39,1539,0.0,0,1368.21,136821,0.0,0,1368.21,136821
124,RCP-2026-0124,2026-08-29,176,6,Smita Rewatkar,smitarewatkar92@gmail.com,"Pune, Wakad, Wakad, Pune, Maharashtra, 411057",WALLET,DUMMY-1787985012144-29617,436.0,issued,,,2026-08-29 06:30:12.671405,,2885.0,288500,0.0,0,0.0,0,0.0,0,0.0,0,85.5,8550,0.0,0,0.0,0,361.59,36159,0.0,0,346.2,34620,15.39,1539,0.0,0,3332.09,333209,0.0,0,3332.09,333209
125,RCP-2026-0125,2026-08-29,179,6,Smita Rewatkar,smitarewatkar92@gmail.com,"Pune, Wakad, Wakad, Pune, Maharashtra, 411057",upi,MT79876138616C586,,issued,,,2026-08-29 07:13:57.553732,,1.2,120,0.0,0,0.0,0,0.0,0,0.0,0,85.5,8550,0.0,0,0.0,0,15.53,1553,0.0,0,0.14,14,15.39,1539,0.0,0,102.23,10223,0.0,0,102.23,10223
126,RCP-2026-0126,2026-08-31,180,8,Rutuja Kulkarni,kadammahesh7654@gmail.com,"Wakad, Pune, Infotech  Park (Hinjawadi), Haveli, Maharashtra, 411057",WALLET,DUMMY-1788166668716-97073,450.0,issued,,,2026-08-31 08:57:49.216875,,2075.0,207500,0.0,0,0.0,0,0.0,0,0.0,0,85.5,8550,0.0,0,0.0,0,388.89,38889,0.0,0,373.5,37350,15.39,1539,0.0,0,2549.39,254939,0.0,0,2549.39,254939
127,RCP-2026-0127,2026-09-01,186,6,Smita Rewatkar,smitarewatkar92@gmail.com,"Pune, Wakad, Wakad, Haveli, Maharashtra, 411057",WALLET,DUMMY-1788254862992-36034,454.0,issued,,,2026-09-01 09:27:43.390002,,1.2,120,0.0,0,0.0,0,0.0,0,0.0,0,85.5,8550,0.0,0,0.0,0,15.53,1553,0.0,0,0.14,14,15.39,1539,0.0,0,102.23,10223,0.0,0,102.23,10223
128,RCP-2026-0128,2026-09-02,188,6,Smita Rewatkar,smitarewatkar92@gmail.com,"Pune, Wakad, Wakad, Haveli, Maharashtra, 411057",WALLET,DUMMY-1788343789605-49233,459.0,issued,,,2026-09-02 10:09:50.142397,,1074.0,107400,0.0,0,0.0,0,0.0,0,0.0,0,85.5,8550,0.0,0,0.0,0,208.71,20871,0.0,0,193.32,19332,15.39,1539,0.0,0,1368.21,136821,0.0,0,1368.21,136821
129,RCP-2026-0129,2026-09-02,189,6,Smita Rewatkar,smitarewatkar92@gmail.com,"Pune, Wakad, Wakad, Haveli, Maharashtra, 411057",WALLET,DUMMY-1788343978467-82074,460.0,issued,,,2026-09-02 10:12:58.898840,,1725.0,172500,0.0,0,0.0,0,0.0,0,0.0,0,85.5,8550,0.0,0,0.0,0,325.89,32589,0.0,0,310.5,31050,15.39,1539,0.0,0,2136.39,213639,0.0,0,2136.39,213639
130,RCP-2026-0130,2026-09-02,190,6,Smita Rewatkar,smitarewatkar92@gmail.com,"Pune, Wakad, Wakad, Haveli, Maharashtra, 411057",WALLET,DUMMY-1788344395108-51238,461.0,issued,,,2026-09-02 10:19:55.688150,,1074.0,107400,0.0,0,0.0,0,0.0,0,0.0,0,85.5,8550,0.0,0,0.0,0,208.71,20871,0.0,0,193.32,19332,15.39,1539,0.0,0,1368.21,136821,0.0,0,1368.21,136821
131,RCP-2026-0131,2026-09-02,191,4,Mahesh Vaidya,kalyanmagar789@gmail.com,"Bengaluru, Bengaluru, Bangalore, Bangalore North, Karnataka, 560001",WALLET,DUMMY-1788344552230-72199,462.0,issued,,,2026-09-02 10:22:32.685775,,1.2,120,0.0,0,0.0,0,0.0,0,0.0,0,85.5,8550,7.77,777,7.77,777,0.0,0,0.0,0,0.14,14,15.4,1540,0.0,0,102.24,10224,0.0,0,102.24,10224
132,RCP-2026-0132,2026-09-02,192,6,Smita Rewatkar,smitarewatkar92@gmail.com,"Pune, Wakad, Wakad, Haveli, Maharashtra, 411057",WALLET,DUMMY-1788345197155-13557,463.0,issued,,,2026-09-02 10:33:17.837840,,1725.0,172500,0.0,0,0.0,0,0.0,0,0.0,0,85.5,8550,0.0,0,0.0,0,325.89,32589,0.0,0,310.5,31050,15.39,1539,0.0,0,2136.39,213639,0.0,0,2136.39,213639
133,RCP-2026-0133,2026-09-03,201,6,Smita Rewatkar,smitarewatkar92@gmail.com,"Pune, Wakad, Wakad, Haveli, Maharashtra, 411057",WALLET,DUMMY-1788411751316-79490,467.0,issued,,,2026-09-03 05:02:31.749806,,806.0,80600,500.0,50000,0.0,0,0.0,0,0.0,0,85.5,8550,0.0,0,0.0,0,52.11,5211,0.0,0,36.72,3672,15.39,1539,0.0,0,443.61,44361,0.0,0,443.61,44361
134,RCP-2026-0134,2026-09-03,203,6,Smita Rewatkar,smitarewatkar92@gmail.com,"Pune, Wakad, Wakad, Haveli, Maharashtra, 411057",WALLET,DUMMY-1788411945728-69972,468.0,issued,,,2026-09-03 05:05:46.194245,,9555.0,955500,0.0,0,0.0,0,0.0,0,0.0,0,85.5,8550,0.0,0,0.0,0,1161.99,116199,0.0,0,1146.6,114660,15.39,1539,0.0,0,10802.49,1080249,0.0,0,10802.49,1080249
135,RCP-2026-0135,2026-09-03,204,6,Smita Rewatkar,smitarewatkar92@gmail.com,"Pune, Wakad, Wakad, Haveli, Maharashtra, 411057",WALLET,DUMMY-1788412133391-53159,469.0,issued,,,2026-09-03 05:08:53.799919,,1565.0,156500,0.0,0,0.0,0,0.0,0,0.0,0,85.5,8550,0.0,0,0.0,0,297.09,29709,0.0,0,281.7,28170,15.39,1539,0.0,0,1947.59,194759,0.0,0,1947.59,194759
136,RCP-2026-0136,2026-09-03,205,6,Smita Rewatkar,smitarewatkar92@gmail.com,"Pune, Wakad, Wakad, Haveli, Maharashtra, 411057",WALLET,DUMMY-1788414647222-71785,471.0,issued,,,2026-09-03 05:50:47.707009,,1074.0,107400,0.0,0,0.0,0,0.0,0,0.0,0,85.5,8550,0.0,0,0.0,0,208.71,20871,0.0,0,193.32,19332,15.39,1539,0.0,0,1368.21,136821,0.0,0,1368.21,136821
137,RCP-2026-0137,2026-09-03,206,14,Dnyaneshwar panchal,panchaldnyaneshwar.m@gmail.com,"At.Post. Dhangar Takli Tq.Purna Dist.Parbhani, Near Ram Temple, Dhangar Takli, Purna, Maharashtra, 431511",WALLET,DUMMY-1788414846061-50071,473.0,issued,,,2026-09-03 05:54:06.343362,,1.2,120,0.0,0,0.0,0,0.0,0,0.0,0,85.5,8550,0.0,0,0.0,0,15.53,1553,0.0,0,0.14,14,15.39,1539,0.0,0,102.23,10223,0.0,0,102.23,10223
138,RCP-2026-0138,2026-09-03,207,14,Dnyaneshwar panchal,panchaldnyaneshwar.m@gmail.com,"At.Post. Dhangar Takli Tq.Purna Dist.Parbhani, Near Ram Temple, Dhangar Takli, Purna, Maharashtra, 431511",WALLET,DUMMY-1788415485762-24207,475.0,issued,,,2026-09-03 06:04:46.242423,,1.2,120,0.0,0,0.0,0,0.0,0,0.0,0,85.5,8550,0.0,0,0.0,0,15.53,1553,0.0,0,0.14,14,15.39,1539,0.0,0,102.23,10223,0.0,0,102.23,10223
139,RCP-2026-0139,2026-09-03,208,4,Mahesh Vaidya,kalyanmagar789@gmail.com,"Bengaluru, Bengaluru, Bangalore, Bangalore North, Karnataka, 560001",WALLET,DUMMY-1788416349889-80633,479.0,issued,,,2026-09-03 06:19:10.363453,,2075.0,207500,0.0,0,0.0,0,0.0,0,0.0,0,85.5,8550,194.45,19445,194.45,19445,0.0,0,0.0,0,373.5,37350,15.4,1540,0.0,0,2549.4,254940,0.0,0,2549.4,254940
140,RCP-2026-0140,2026-09-03,209,4,Mahesh Vaidya,kalyanmagar789@gmail.com,"Bengaluru, Bengaluru, Bangalore, Bangalore North, Karnataka, 560001",WALLET,DUMMY-1788416425193-17953,480.0,issued,,,2026-09-03 06:20:25.572677,,1074.0,107400,0.0,0,0.0,0,0.0,0,0.0,0,85.5,8550,104.36,10436,104.36,10436,0.0,0,0.0,0,193.32,19332,15.4,1540,0.0,0,1368.22,136822,0.0,0,1368.22,136822
141,RCP-2026-0141,2026-09-03,210,6,Smita Rewatkar,smitarewatkar92@gmail.com,"Pune, Wakad, Wakad, Haveli, Maharashtra, 411057",WALLET,DUMMY-1788417406353-23783,481.0,issued,,,2026-09-03 06:36:46.889332,,1725.0,172500,0.0,0,0.0,0,0.0,0,0.0,0,85.5,8550,0.0,0,0.0,0,325.89,32589,0.0,0,310.5,31050,15.39,1539,0.0,0,2136.39,213639,0.0,0,2136.39,213639
142,RCP-2026-0142,2026-09-03,211,14,Dnyaneshwar panchal,panchaldnyaneshwar.m@gmail.com,"At.Post. Dhangar Takli Tq.Purna Dist.Parbhani, Near Ram Temple, Dhangar Takli, Purna, Maharashtra, 431511",WALLET,DUMMY-1788421609163-17407,483.0,issued,,,2026-09-03 07:46:49.647050,,6.1,610,0.0,0,0.0,0,0.0,0,0.0,0,85.5,8550,0.0,0,0.0,0,16.12,1612,0.0,0,0.73,73,15.39,1539,0.0,0,107.72,10772,0.0,0,107.72,10772
143,RCP-2026-0143,2026-09-03,212,14,Dnyaneshwar panchal,panchaldnyaneshwar.m@gmail.com,"At.Post. Dhangar Takli Tq.Purna Dist.Parbhani, Near Ram Temple, Dhangar Takli, Purna, Maharashtra, 431511",WALLET,DUMMY-1788422153037-22947,484.0,issued,,,2026-09-03 07:55:53.474376,,6.1,610,0.0,0,0.0,0,0.0,0,0.0,0,85.5,8550,0.0,0,0.0,0,16.12,1612,0.0,0,0.73,73,15.39,1539,0.0,0,107.72,10772,0.0,0,107.72,10772
144,RCP-2026-0144,2026-09-03,213,6,Smita Rewatkar,smitarewatkar92@gmail.com,"Pune, Wakad, Wakad, Haveli, Maharashtra, 411057",WALLET,DUMMY-1788424751502-69729,488.0,issued,,,2026-09-03 08:39:11.830331,,1074.0,107400,0.0,0,0.0,0,0.0,0,0.0,0,85.5,8550,0.0,0,0.0,0,208.71,20871,0.0,0,193.32,19332,15.39,1539,0.0,0,1368.21,136821,0.0,0,1368.21,136821
145,RCP-2026-0145,2026-09-03,214,14,Dnyaneshwar panchal,panchaldnyaneshwar.m@gmail.com,"At.Post. Dhangar Takli Tq.Purna Dist.Parbhani, Near Ram Temple, Dhangar Takli, Purna, Maharashtra, 431511",WALLET,DUMMY-1788425695866-43057,492.0,issued,,,2026-09-03 08:54:56.422349,,812.1,81210,500.0,50000,0.0,0,0.0,0,0.0,0,171.0,17100,0.0,0,0.0,0,68.23,6823,0.0,0,37.45,3745,30.78,3078,0.0,0,551.33,55133,0.0,0,551.33,55133
146,RCP-2026-0146,2026-09-03,215,6,Smita Rewatkar,smitarewatkar92@gmail.com,"Pune, Wakad, Wakad, Haveli, Maharashtra, 411057",WALLET,DUMMY-1788425990533-38357,493.0,issued,,,2026-09-03 08:59:51.048394,,1074.0,107400,0.0,0,0.0,0,0.0,0,0.0,0,85.5,8550,0.0,0,0.0,0,208.71,20871,0.0,0,193.32,19332,15.39,1539,0.0,0,1368.21,136821,0.0,0,1368.21,136821
147,RCP-2026-0147,2026-09-03,216,6,Smita Rewatkar,smitarewatkar92@gmail.com,"Pune, Wakad, Wakad, Haveli, Maharashtra, 411057",WALLET,DUMMY-1788426945458-1825,497.0,issued,,,2026-09-03 09:15:45.837220,,1725.0,172500,0.0,0,0.0,0,0.0,0,0.0,0,85.5,8550,0.0,0,0.0,0,325.89,32589,0.0,0,310.5,31050,15.39,1539,0.0,0,2136.39,213639,0.0,0,2136.39,213639
148,RCP-2026-0148,2026-09-03,217,14,Dnyaneshwar panchal,panchaldnyaneshwar.m@gmail.com,"At.Post. Dhangar Takli Tq.Purna Dist.Parbhani, Near Ram Temple, Dhangar Takli, Purna, Maharashtra, 431511",WALLET,DUMMY-1788429269150-87271,504.0,issued,,,2026-09-03 09:54:29.737519,,2075.0,207500,0.0,0,0.0,0,0.0,0,0.0,0,85.5,8550,0.0,0,0.0,0,388.89,38889,0.0,0,373.5,37350,15.39,1539,0.0,0,2549.39,254939,0.0,0,2549.39,254939
149,RCP-2026-0149,2026-09-03,218,6,Smita Rewatkar,smitarewatkar92@gmail.com,"Pune, Wakad, Wakad, Haveli, Maharashtra, 411057",WALLET,DUMMY-1788431395059-26088,506.0,issued,,,2026-09-03 10:29:55.423248,,1565.0,156500,0.0,0,0.0,0,0.0,0,0.0,0,85.5,8550,0.0,0,0.0,0,297.09,29709,0.0,0,281.7,28170,15.39,1539,0.0,0,1947.59,194759,0.0,0,1947.59,194759
150,RCP-2026-0150,2026-09-03,219,4,Mahesh Vaidya,kalyanmagar789@gmail.com,"Bengaluru, Bengaluru, Bangalore, Bangalore North, Karnataka, 560001",WALLET,DUMMY-1788432820102-4256,507.0,issued,,,2026-09-03 10:53:40.520755,,6.1,610,0.0,0,0.0,0,0.0,0,0.0,0,85.5,8550,8.07,807,8.07,807,0.0,0,0.0,0,0.74,74,15.4,1540,0.0,0,107.74,10774,0.0,0,107.74,10774
151,RCP-2026-0151,2026-09-03,220,14,Dnyaneshwar panchal,panchaldnyaneshwar.m@gmail.com,"At.Post. Dhangar Takli Tq.Purna Dist.Parbhani, Near Ram Temple, Dhangar Takli, Purna, Maharashtra, 431511",WALLET,DUMMY-1788433424558-95187,510.0,issued,,,2026-09-03 11:03:44.861149,,9555.0,955500,0.0,0,0.0,0,0.0,0,0.0,0,85.5,8550,0.0,0,0.0,0,1161.99,116199,0.0,0,1146.6,114660,15.39,1539,0.0,0,10802.49,1080249,0.0,0,10802.49,1080249
152,RCP-2026-0152,2026-09-03,221,14,Dnyaneshwar panchal,panchaldnyaneshwar.m@gmail.com,"At.Post. Dhangar Takli Tq.Purna Dist.Parbhani, Near Ram Temple, Dhangar Takli, Purna, Maharashtra, 431511",WALLET,DUMMY-1788433505813-43176,511.0,issued,,,2026-09-03 11:05:06.381015,,9555.0,955500,0.0,0,0.0,0,0.0,0,0.0,0,85.5,8550,0.0,0,0.0,0,1161.99,116199,0.0,0,1146.6,114660,15.39,1539,0.0,0,10802.49,1080249,0.0,0,10802.49,1080249
153,RCP-2026-0153,2026-09-03,223,14,Dnyaneshwar panchal,panchaldnyaneshwar.m@gmail.com,"At.Post. Dhangar Takli Tq.Purna Dist.Parbhani, Near Ram Temple, Dhangar Takli, Purna, Maharashtra, 431511",WALLET,DUMMY-1788434025524-56207,515.0,issued,,,2026-09-03 11:13:45.916403,,2885.0,288500,0.0,0,0.0,0,0.0,0,0.0,0,85.5,8550,0.0,0,0.0,0,361.59,36159,0.0,0,346.2,34620,15.39,1539,0.0,0,3332.09,333209,0.0,0,3332.09,333209
154,RCP-2026-0154,2026-09-03,226,4,Mahesh Vaidya,kalyanmagar789@gmail.com,"Bengaluru, Bengaluru, Bangalore, Bangalore North, Karnataka, 560001",WALLET,DUMMY-1788436611214-80760,519.0,issued,,,2026-09-03 11:56:51.538687,,806.0,80600,500.0,50000,0.0,0,0.0,0,0.0,0,85.5,8550,26.06,2606,26.06,2606,0.0,0,0.0,0,36.72,3672,15.4,1540,0.0,0,443.62,44362,0.0,0,443.62,44362
155,RCP-2026-0155,2026-09-03,227,14,Dnyaneshwar panchal,panchaldnyaneshwar.m@gmail.com,"At.Post. Dhangar Takli Tq.Purna Dist.Parbhani, Near Ram Temple, Dhangar Takli, Purna, Maharashtra, 431511",WALLET,DUMMY-1788443881069-74016,522.0,issued,,,2026-09-03 13:58:01.779401,,806.0,80600,500.0,50000,0.0,0,0.0,0,0.0,0,85.5,8550,0.0,0,0.0,0,52.11,5211,0.0,0,36.72,3672,15.39,1539,0.0,0,443.61,44361,0.0,0,443.61,44361
156,RCP-2026-0156,2026-09-03,228,14,Dnyaneshwar panchal,panchaldnyaneshwar.m@gmail.com,"At.Post. Dhangar Takli Tq.Purna Dist.Parbhani, Near Ram Temple, Dhangar Takli, Purna, Maharashtra, 431511",WALLET,DUMMY-1788443922680-49855,523.0,issued,,,2026-09-03 13:58:43.102044,,6.1,610,0.0,0,0.0,0,0.0,0,0.0,0,85.5,8550,0.0,0,0.0,0,16.12,1612,0.0,0,0.73,73,15.39,1539,0.0,0,107.72,10772,0.0,0,107.72,10772
157,RCP-2026-0157,2026-09-04,229,14,Dnyaneshwar panchal,panchaldnyaneshwar.m@gmail.com,"At.Post. Dhangar Takli Tq.Purna Dist.Parbhani, Near Ram Temple, Dhangar Takli, Purna, Maharashtra, 431511",WALLET,DUMMY-1788495219821-35025,526.0,issued,,,2026-09-04 04:13:40.249624,,29000.0,2900000,0.0,0,0.0,0,0.0,0,0.0,0,85.5,8550,0.0,0,0.0,0,5235.39,523539,0.0,0,5220.0,522000,15.39,1539,0.0,0,34320.89,3432089,0.0,0,34320.89,3432089
158,RCP-2026-0158,2026-09-04,230,14,Dnyaneshwar panchal,panchaldnyaneshwar.m@gmail.com,"At.Post. Dhangar Takli Tq.Purna Dist.Parbhani, Near Ram Temple, Dhangar Takli, Purna, Maharashtra, 431511",WALLET,DUMMY-1788497155125-82441,530.0,issued,,,2026-09-04 04:45:55.516900,,20000.0,2000000,0.0,0,0.0,0,0.0,0,0.0,0,85.5,8550,0.0,0,0.0,0,3615.39,361539,0.0,0,3600.0,360000,15.39,1539,0.0,0,23700.89,2370089,0.0,0,23700.89,2370089
159,RCP-2026-0159,2026-09-04,231,14,Dnyaneshwar panchal,panchaldnyaneshwar.m@gmail.com,"At.Post. Dhangar Takli Tq.Purna Dist.Parbhani, Near Ram Temple, Dhangar Takli, Purna, Maharashtra, 431511",WALLET,DUMMY-1788498350684-22641,531.0,issued,,,2026-09-04 05:05:51.139020,,20000.0,2000000,0.0,0,0.0,0,0.0,0,0.0,0,85.5,8550,0.0,0,0.0,0,3615.39,361539,0.0,0,3600.0,360000,15.39,1539,0.0,0,23700.89,2370089,0.0,0,23700.89,2370089
160,RCP-2026-0160,2026-09-04,232,9,Kalyan Magar,kalyanmagar08@gmail.com,"MG Road, Ashok Nagar, Pune, Karnataka, 560001",WALLET,DUMMY-1788499069490-44570,532.0,issued,,,2026-09-04 05:17:49.952459,,2075.0,207500,0.0,0,0.0,0,0.0,0,0.0,0,85.5,8550,194.45,19445,194.45,19445,0.0,0,0.0,0,373.5,37350,15.4,1540,0.0,0,2549.4,254940,0.0,0,2549.4,254940
161,RCP-2026-0161,2026-09-04,233,6,Smita Rewatkar,smitarewatkar92@gmail.com,"Pune, Wakad, Wakad, Haveli, Maharashtra, 411057",WALLET,DUMMY-1788510793342-7633,533.0,issued,,,2026-09-04 08:33:13.669009,,1565.0,156500,0.0,0,0.0,0,0.0,0,0.0,0,85.5,8550,0.0,0,0.0,0,297.09,29709,0.0,0,281.7,28170,15.39,1539,0.0,0,1947.59,194759,0.0,0,1947.59,194759
162,RCP-2026-0162,2026-09-04,234,6,Smita Rewatkar,smitarewatkar92@gmail.com,"Pune, Wakad, Wakad, Haveli, Maharashtra, 411057",WALLET,DUMMY-1788514582459-8479,541.0,issued,,,2026-09-04 09:36:22.842990,,1074.0,107400,0.0,0,0.0,0,0.0,0,0.0,0,85.5,8550,0.0,0,0.0,0,208.71,20871,0.0,0,193.32,19332,15.39,1539,0.0,0,1368.21,136821,0.0,0,1368.21,136821
163,RCP-2026-0163,2026-09-04,235,6,Smita Rewatkar,smitarewatkar92@gmail.com,"Pune, Wakad, Wakad, Haveli, Maharashtra, 411057",WALLET,DUMMY-1788518678130-21099,545.0,issued,,,2026-09-04 10:44:38.600723,,1565.0,156500,0.0,0,0.0,0,0.0,0,0.0,0,85.5,8550,0.0,0,0.0,0,297.09,29709,0.0,0,281.7,28170,15.39,1539,0.0,0,1947.59,194759,0.0,0,1947.59,194759
164,RCP-2026-0164,2026-09-04,236,14,Dnyaneshwar panchal,panchaldnyaneshwar.m@gmail.com,"At.Post. Dhangar Takli Tq.Purna Dist.Parbhani, Near Ram Temple, Dhangar Takli, Purna, Maharashtra, 431511",WALLET,DUMMY-1788518888074-18598,547.0,issued,,,2026-09-04 10:48:08.650352,,29000.0,2900000,0.0,0,0.0,0,0.0,0,0.0,0,85.5,8550,0.0,0,0.0,0,5235.39,523539,0.0,0,5220.0,522000,15.39,1539,0.0,0,34320.89,3432089,0.0,0,34320.89,3432089
165,RCP-2026-0165,2026-09-04,237,14,Dnyaneshwar panchal,panchaldnyaneshwar.m@gmail.com,"At.Post. Dhangar Takli Tq.Purna Dist.Parbhani, Near Ram Temple, Dhangar Takli, Purna, Maharashtra, 431511",WALLET,DUMMY-1788524165232-15622,556.0,issued,,,2026-09-04 12:16:05.768665,,20000.0,2000000,0.0,0,0.0,0,0.0,0,0.0,0,85.5,8550,0.0,0,0.0,0,3615.39,361539,0.0,0,3600.0,360000,15.39,1539,0.0,0,23700.89,2370089,0.0,0,23700.89,2370089
166,RCP-2026-0166,2026-09-05,238,6,Smita Rewatkar,smitarewatkar92@gmail.com,"Pune, Wakad, Wakad, Haveli, Maharashtra, 411057",WALLET,DUMMY-1788588976485-65332,561.0,issued,,,2026-09-05 06:16:16.955249,,4274.0,427400,0.0,0,0.0,0,0.0,0,0.0,0,85.5,8550,0.0,0,0.0,0,784.71,78471,0.0,0,769.32,76932,15.39,1539,0.0,0,5144.21,514421,0.0,0,5144.21,514421
167,RCP-2026-0167,2026-09-05,246,6,Smita Rewatkar,smitarewatkar92@gmail.com,"Pune, Wakad, Wakad, Haveli, Maharashtra, 411057",WALLET,DUMMY-1788604797704-71758,565.0,issued,,,2026-09-05 10:39:58.154062,,,427400,,0,,0,,0,,0,,8550,,0,,0,,78471,,0,,76932,,1539,,0,,514421,,0,,514421
168,RCP-2026-0168,2026-09-05,248,6,Smita Rewatkar,smitarewatkar92@gmail.com,"Pune, Wakad, Wakad, Haveli, Maharashtra, 411057",WALLET,DUMMY-1788608568307-56396,571.0,issued,,,2026-09-05 11:42:48.609538,,,427400,,0,,0,,0,,0,,8550,,0,,0,,78471,,0,,76932,,1539,,0,,514421,,0,,514421
169,RCP-2026-0169,2026-09-07,249,6,Smita Rewatkar,smitarewatkar92@gmail.com,"Pune, Wakad, Wakad, Haveli, Maharashtra, 411057",WALLET,DUMMY-1788761889623-22298,574.0,issued,,,2026-09-07 06:18:10.041133,,,427400,,0,,0,,0,,0,,8550,,0,,0,,78471,,0,,76932,,1539,,0,,514421,,0,,514421
170,RCP-2026-0170,2026-09-07,251,6,Smita Rewatkar,smitarewatkar92@gmail.com,"Pune, Wakad, Wakad, Haveli, Maharashtra, 411057",WALLET,DUMMY-1788776483357-46294,575.0,issued,,,2026-09-07 10:21:23.736282,,,427400,,0,,0,,0,,0,,8550,,0,,0,,78471,,0,,76932,,1539,,0,,514421,,0,,514421
171,RCP-2026-0171,2026-09-07,252,6,Smita Rewatkar,smitarewatkar92@gmail.com,"Pune, Wakad, Wakad, Haveli, Maharashtra, 411057",WALLET,DUMMY-1788783238189-87569,583.0,issued,,,2026-09-07 12:13:58.582754,,,427400,,0,,0,,0,,0,,8550,,0,,0,,78471,,0,,76932,,1539,,0,,514421,,0,,514421
172,RCP-2026-0172,2026-09-07,253,6,Smita Rewatkar,smitarewatkar92@gmail.com,"Pune, Wakad, Wakad, Haveli, Maharashtra, 411057",WALLET,DUMMY-1788783652077-20959,585.0,issued,,,2026-09-07 12:20:52.434166,,,172500,,0,,0,,0,,0,,8550,,0,,0,,32589,,0,,31050,,1539,,0,,213639,,0,,213639
173,RCP-2026-0173,2026-09-07,255,4,Mahesh Vaidya,kalyanmagar789@gmail.com,"Bengaluru, Bengaluru, Bangalore, Bangalore North, Karnataka, 560001",WALLET,DUMMY-1788788198569-96434,587.0,issued,,,2026-09-07 13:36:38.854545,,,74800,,0,,0,,0,,0,,8550,,7502,,7502,,0,,0,,13464,,1540,,0,,98354,,0,,98354
174,RCP-2026-0174,2026-09-08,256,6,Smita Rewatkar,smitarewatkar92@gmail.com,"Pune, Wakad, Wakad, Haveli, Maharashtra, 411057",WALLET,DUMMY-1788858274281-77015,588.0,issued,,,2026-09-08 09:04:34.759948,,,427400,,0,,0,,0,,0,,8550,,0,,0,,78471,,0,,76932,,1539,,0,,514421,,0,,514421
175,RCP-2026-0175,2026-09-08,257,6,Smita Rewatkar,smitarewatkar92@gmail.com,"Pune, Wakad, Wakad, Haveli, Maharashtra, 411057",WALLET,DUMMY-1788859628929-27812,589.0,issued,,,2026-09-08 09:27:09.287238,,,107400,,0,,0,,0,,0,,8550,,0,,0,,20871,,0,,19332,,1539,,0,,136821,,0,,136821
176,RCP-2026-0176,2026-09-08,258,6,Smita Rewatkar,smitarewatkar92@gmail.com,"Pune, Wakad, Wakad, Haveli, Maharashtra, 411057",WALLET,DUMMY-1788859697779-4272,590.0,issued,,,2026-09-08 09:28:18.180396,,,107400,,0,,0,,0,,0,,8550,,0,,0,,20871,,0,,19332,,1539,,0,,136821,,0,,136821
177,RCP-2026-0177,2026-09-08,259,6,Smita Rewatkar,smitarewatkar92@gmail.com,"Pune, Wakad, Wakad, Haveli, Maharashtra, 411057",WALLET,DUMMY-1788859740662-57898,591.0,issued,,,2026-09-08 09:29:01.111988,,,427400,,0,,0,,0,,0,,8550,,0,,0,,78471,,0,,76932,,1539,,0,,514421,,0,,514421
178,RCP-2026-0178,2026-09-08,260,6,Smita Rewatkar,smitarewatkar92@gmail.com,"Pune, Wakad, Wakad, Haveli, Maharashtra, 411057",WALLET,DUMMY-1788859847716-27156,592.0,issued,,,2026-09-08 09:30:48.172641,,,156500,,0,,0,,0,,0,,8550,,0,,0,,29709,,0,,28170,,1539,,0,,194759,,0,,194759
179,RCP-2026-0179,2026-09-08,261,6,Smita Rewatkar,smitarewatkar92@gmail.com,"Pune, Wakad, Wakad, Haveli, Maharashtra, 411057",WALLET,DUMMY-1788859867931-32276,593.0,issued,,,2026-09-08 09:31:08.298437,,,156500,,0,,0,,0,,0,,8550,,0,,0,,29709,,0,,28170,,1539,,0,,194759,,0,,194759
180,RCP-2026-0180,2026-09-08,262,6,Smita Rewatkar,smitarewatkar92@gmail.com,"Pune, Wakad, Wakad, Haveli, Maharashtra, 411057",WALLET,DUMMY-1788859963831-95346,594.0,issued,,,2026-09-08 09:32:44.138590,,,172500,,0,,0,,0,,0,,8550,,0,,0,,32589,,0,,31050,,1539,,0,,213639,,0,,213639
181,RCP-2026-0181,2026-09-08,264,9,Kalyan Magar,kalyanmagar08@gmail.com,"MG Road, Ashok Nagar, Pune, Karnataka, 560001",WALLET,DUMMY-1788864405232-25472,596.0,issued,,,2026-09-08 10:46:45.810752,,,2000000,,0,,0,,0,,0,,8550,,180770,,180770,,0,,0,,360000,,1540,,0,,2370090,,0,,2370090
182,RCP-2026-0182,2026-09-08,265,9,Kalyan Magar,kalyanmagar08@gmail.com,"MG Road, Ashok Nagar, Pune, Karnataka, 560001",WALLET,DUMMY-1788865967975-99659,599.0,issued,,,2026-09-08 11:12:48.332484,,,427400,,0,,0,,0,,0,,8550,,39236,,39236,,0,,0,,76932,,1540,,0,,514422,,0,,514422
183,RCP-2026-0183,2026-09-08,266,4,Mahesh Vaidya,kalyanmagar789@gmail.com,"Bengaluru, Bengaluru, Bangalore, Bangalore North, Karnataka, 560001",WALLET,DUMMY-1788869857754-79693,600.0,issued,,,2026-09-08 12:17:38.205174,,,80600,,0,,0,,0,,0,,8550,,5606,,5606,,0,,0,,9672,,1540,,0,,100362,,0,,100362
184,RCP-2026-0184,2026-09-08,267,4,Mahesh Vaidya,kalyanmagar789@gmail.com,"Bengaluru, Bengaluru, Bangalore, Bangalore North, Karnataka, 560001",WALLET,DUMMY-1788870545112-36965,601.0,issued,,,2026-09-08 12:29:05.430357,,,1056600,,0,,0,,0,,0,,8550,,64166,,64166,,0,,0,,126792,,1540,,0,,1193482,,0,,1193482
185,RCP-2026-0185,2026-09-08,268,4,Mahesh Vaidya,kalyanmagar789@gmail.com,"Bengaluru, Bengaluru, Bangalore, Bangalore North, Karnataka, 560001",WALLET,DUMMY-1788871807542-2876,602.0,issued,,,2026-09-08 12:50:07.962505,,,288500,,0,,0,,0,,0,,8550,,18080,,18080,,0,,0,,34620,,1540,,0,,333210,,0,,333210
186,RCP-2026-0186,2026-09-08,269,6,Smita Rewatkar,smitarewatkar92@gmail.com,"Pune, Wakad, Wakad, Haveli, Maharashtra, 411057",WALLET,DUMMY-1788888482470-5198,603.0,issued,,,2026-09-08 17:28:02.877171,,,427400,,0,,0,,0,,0,,8550,,0,,0,,78471,,0,,76932,,1539,,0,,514421,,0,,514421
187,RCP-2026-0187,2026-09-08,271,6,Smita Rewatkar,smitarewatkar92@gmail.com,"Pune, Wakad, Wakad, Haveli, Maharashtra, 411057",WALLET,DUMMY-1788889814202-5338,607.0,issued,,,2026-09-08 17:50:14.516012,,,427400,,0,,0,,0,,0,,8550,,0,,0,,78471,,0,,76932,,1539,,0,,514421,,0,,514421
188,RCP-2026-0188,2026-09-09,272,6,Smita Rewatkar,smitarewatkar92@gmail.com,"Pune, Wakad, Wakad, Haveli, Maharashtra, 411057",WALLET,DUMMY-1788930859255-23614,611.0,issued,,,2026-09-09 05:14:19.702284,,,427400,,0,,0,,0,,0,,8550,,0,,0,,78471,,0,,76932,,1539,,0,,514421,,0,,514421
189,RCP-2026-0189,2026-09-09,273,6,Smita Rewatkar,smitarewatkar92@gmail.com,"Pune, Wakad, Wakad, Haveli, Maharashtra, 411057",WALLET,DUMMY-1788934818700-30246,612.0,issued,,,2026-09-09 06:20:19.223350,,,427400,,0,,0,,0,,0,,8550,,0,,0,,78471,,0,,76932,,1539,,0,,514421,,0,,514421
190,RCP-2026-0190,2026-09-09,276,4,Mahesh Vaidya,kalyanmagar789@gmail.com,"Bengaluru, Bengaluru, Bangalore, Bangalore North, Karnataka, 560001",WALLET,DUMMY-1788937048202-31721,616.0,issued,,,2026-09-09 06:57:28.586246,,,2000000,,0,,0,,0,,0,,8550,,180770,,180770,,0,,0,,360000,,1540,,0,,2370090,,0,,2370090
191,RCP-2026-0191,2026-09-09,277,6,Smita Rewatkar,smitarewatkar92@gmail.com,"Pune, Wakad, Wakad, Haveli, Maharashtra, 411057",WALLET,DUMMY-1788938967926-17307,617.0,issued,,,2026-09-09 07:29:28.362511,,,427400,,0,,0,,0,,0,,8550,,0,,0,,78471,,0,,76932,,1539,,0,,514421,,0,,514421
192,RCP-2026-0192,2026-09-09,278,6,Smita Rewatkar,smitarewatkar92@gmail.com,"Pune, Wakad, Wakad, Haveli, Maharashtra, 411057",WALLET,DUMMY-1788940170258-97613,621.0,issued,,,2026-09-09 07:49:30.671547,,,172500,,0,,0,,0,,0,,8550,,0,,0,,32589,,0,,31050,,1539,,0,,213639,,0,,213639
193,RCP-2026-0193,2026-09-09,279,6,Smita Rewatkar,smitarewatkar92@gmail.com,"Pune, Wakad, Wakad, Haveli, Maharashtra, 411057",WALLET,DUMMY-1788944377563-67425,625.0,issued,,,2026-09-09 08:59:37.990967,,,172500,,0,,0,,0,,0,,8550,,0,,0,,32589,,0,,31050,,1539,,0,,213639,,0,,213639
194,RCP-2026-0194,2026-09-09,281,4,Mahesh Vaidya,kalyanmagar789@gmail.com,"Bengaluru, Bengaluru, Bangalore, Bangalore North, Karnataka, 560001",WALLET,DUMMY-1788947959354-69463,630.0,issued,,,2026-09-09 09:59:19.793473,,,2808000,,0,,0,,0,,0,,8550,,169250,,169250,,0,,0,,336960,,1540,,0,,3155050,,0,,3155050
195,RCP-2026-0195,2026-09-09,282,6,Smita Rewatkar,smitarewatkar92@gmail.com,"Pune, Wakad, Wakad, Haveli, Maharashtra, 411057",WALLET,DUMMY-1788949160416-86610,632.0,issued,,,2026-09-09 10:19:20.821212,,,427400,,0,,0,,0,,0,,8550,,0,,0,,78471,,0,,76932,,1539,,0,,514421,,0,,514421
196,RCP-2026-0196,2026-09-09,283,6,Smita Rewatkar,smitarewatkar92@gmail.com,"Pune, Wakad, Wakad, Haveli, Maharashtra, 411057",WALLET,DUMMY-1788951320293-30035,638.0,issued,,,2026-09-09 10:55:20.701539,,,427400,,0,,0,,0,,0,,8550,,0,,0,,78471,,0,,76932,,1539,,0,,514421,,0,,514421
197,RCP-2026-0197,2026-09-09,285,14,Dnyaneshwar panchal,panchaldnyaneshwar.m@gmail.com,"At.Post. Dhangar Takli Tq.Purna Dist.Parbhani, Near Ram Temple, Dhangar Takli, Purna, Maharashtra, 431511",WALLET,DUMMY-1788952757665-91766,642.0,issued,,,2026-09-09 11:19:18.097211,,,288500,,0,,0,,0,,0,,8550,,0,,0,,36159,,0,,34620,,1539,,0,,333209,,0,,333209
198,RCP-2026-0198,2026-09-09,286,6,Smita Rewatkar,smitarewatkar92@gmail.com,"Pune, Wakad, Wakad, Haveli, Maharashtra, 411057",WALLET,DUMMY-1788953942098-33050,646.0,issued,,,2026-09-09 11:39:03.072117,,,427400,,0,,0,,0,,0,,8550,,0,,0,,78471,,0,,76932,,1539,,0,,514421,,0,,514421
199,RCP-2026-0199,2026-09-09,287,6,Smita Rewatkar,smitarewatkar92@gmail.com,"Pune, Wakad, Wakad, Haveli, Maharashtra, 411057",WALLET,DUMMY-1788954654611-58207,647.0,issued,,,2026-09-09 11:50:55.010442,,,427400,,0,,0,,0,,0,,8550,,0,,0,,78471,,0,,76932,,1539,,0,,514421,,0,,514421
200,RCP-2026-0200,2026-09-09,288,6,Smita Rewatkar,smitarewatkar92@gmail.com,"Pune, Wakad, Wakad, Haveli, Maharashtra, 411057",WALLET,DUMMY-1788956433073-95971,648.0,issued,,,2026-09-09 12:20:33.473739,,,427400,,0,,0,,0,,0,,8550,,0,,0,,78471,,0,,76932,,1539,,0,,514421,,0,,514421
201,RCP-2026-0201,2026-09-09,289,6,Smita Rewatkar,smitarewatkar92@gmail.com,"Pune, Wakad, Wakad, Haveli, Maharashtra, 411057",WALLET,DUMMY-1788962105275-85623,652.0,issued,,,2026-09-09 13:55:05.814945,,,2808000,,0,,0,,0,,0,,8550,,0,,0,,338499,,0,,336960,,1539,,0,,3155049,,0,,3155049
202,RCP-2026-0202,2026-09-09,291,6,Smita Rewatkar,smitarewatkar92@gmail.com,"Pune, Wakad, Wakad, Haveli, Maharashtra, 411057",WALLET,DUMMY-1788962128973-27322,653.0,issued,,,2026-09-09 13:55:29.277248,,,2808000,,0,,0,,0,,0,,8550,,0,,0,,338499,,0,,336960,,1539,,0,,3155049,,0,,3155049
203,RCP-2026-0203,2026-09-09,292,6,Smita Rewatkar,smitarewatkar92@gmail.com,"Pune, Wakad, Wakad, Haveli, Maharashtra, 411057",WALLET,DUMMY-1788962148333-66806,654.0,issued,,,2026-09-09 13:55:48.603394,,,2808000,,0,,0,,0,,0,,8550,,0,,0,,338499,,0,,336960,,1539,,0,,3155049,,0,,3155049
204,RCP-2026-0204,2026-09-09,293,6,Smita Rewatkar,smitarewatkar92@gmail.com,"Pune, Wakad, Wakad, Haveli, Maharashtra, 411057",WALLET,DUMMY-1788962174284-75872,655.0,issued,,,2026-09-09 13:56:14.701243,,,427400,,0,,0,,0,,0,,8550,,0,,0,,78471,,0,,76932,,1539,,0,,514421,,0,,514421
205,RCP-2026-0205,2026-09-09,294,6,Smita Rewatkar,smitarewatkar92@gmail.com,"Pune, Wakad, Wakad, Haveli, Maharashtra, 411057",WALLET,DUMMY-1788962225813-39002,656.0,issued,,,2026-09-09 13:57:06.186470,,,427400,,0,,0,,0,,0,,8550,,0,,0,,78471,,0,,76932,,1539,,0,,514421,,0,,514421
206,RCP-2026-0206,2026-09-09,295,6,Smita Rewatkar,smitarewatkar92@gmail.com,"Pune, Wakad, Wakad, Haveli, Maharashtra, 411057",WALLET,DUMMY-1788962244914-45244,657.0,issued,,,2026-09-09 13:57:25.172363,,,427400,,0,,0,,0,,0,,8550,,0,,0,,78471,,0,,76932,,1539,,0,,514421,,0,,514421
207,RCP-2026-0207,2026-09-10,296,6,Smita Rewatkar,smitarewatkar92@gmail.com,"Pune, Wakad, Wakad, Haveli, Maharashtra, 411057",WALLET,DUMMY-1789019273528-90122,658.0,issued,,,2026-09-10 05:47:54.065091,,,427400,,0,,0,,0,,0,,8550,,0,,0,,78471,,0,,76932,,1539,,0,,514421,,0,,514421
208,RCP-2026-0208,2026-09-10,298,6,Smita Rewatkar,smitarewatkar92@gmail.com,"Pune, Wakad, Wakad, Haveli, Maharashtra, 411057",WALLET,DUMMY-1789020679063-70931,663.0,issued,,,2026-09-10 06:11:19.665856,,,439900,,0,,0,,0,,0,,8550,,0,,0,,80721,,0,,79182,,1539,,0,,529171,,0,,529171
209,RCP-2026-0209,2026-09-10,301,4,Mahesh Vaidya,kalyanmagar789@gmail.com,"Bengaluru, Bengaluru, Bangalore, Bangalore North, Karnataka, 560001",WALLET,DUMMY-1789030798705-47375,668.0,issued,,,2026-09-10 08:59:59.150141,,,610,,0,,0,,0,,0,,8550,,807,,807,,0,,0,,74,,1540,,0,,10774,,0,,10774
210,RCP-2026-0210,2026-09-10,302,6,Smita Rewatkar,smitarewatkar92@gmail.com,"Pune, Wakad, Wakad, Haveli, Maharashtra, 411057",WALLET,DUMMY-1789031998477-51537,669.0,issued,,,2026-09-10 09:19:58.869684,,,439900,,0,,0,,0,,0,,8550,,0,,0,,80721,,0,,79182,,1539,,0,,529171,,0,,529171
211,RCP-2026-0211,2026-09-10,304,6,Smita Rewatkar,smitarewatkar92@gmail.com,"Pune, Wakad, Wakad, Haveli, Maharashtra, 411057",WALLET,DUMMY-1789032344734-99605,673.0,issued,,,2026-09-10 09:25:45.103230,,,439900,,0,,0,,0,,0,,8550,,0,,0,,80721,,0,,79182,,1539,,0,,529171,,0,,529171
212,RCP-2026-0212,2026-09-10,305,6,Smita Rewatkar,smitarewatkar92@gmail.com,"Pune, Wakad, Wakad, Haveli, Maharashtra, 411057",WALLET,DUMMY-1789034632257-510,677.0,issued,,,2026-09-10 10:03:52.626926,,,439900,,0,,0,,0,,0,,8550,,0,,0,,80721,,0,,79182,,1539,,0,,529171,,0,,529171
213,RCP-2026-0213,2026-09-10,307,6,Smita Rewatkar,smitarewatkar92@gmail.com,"Pune, Wakad, Wakad, Haveli, Maharashtra, 411057",WALLET,DUMMY-1789040614314-85387,679.0,issued,,,2026-09-10 11:43:34.827287,,,439900,,0,,0,,0,,0,,8550,,0,,0,,80721,,0,,79182,,1539,,0,,529171,,0,,529171
214,RCP-2026-0214,2026-09-10,308,6,Smita Rewatkar,smitarewatkar92@gmail.com,"Pune, Wakad, Wakad, Haveli, Maharashtra, 411057",WALLET,DUMMY-1789042304070-65538,681.0,issued,,,2026-09-10 12:11:44.400098,,,439900,,0,,0,,0,,0,,8550,,0,,0,,80721,,0,,79182,,1539,,0,,529171,,0,,529171
215,RCP-2026-0215,2026-09-11,309,6,Smita Rewatkar,smitarewatkar92@gmail.com,"Pune, Wakad, Wakad, Haveli, Maharashtra, 411057",WALLET,DUMMY-1789103741627-99621,685.0,issued,,,2026-09-11 05:15:42.089833,,,439900,,0,,0,,0,,0,,8550,,0,,0,,80721,,0,,79182,,1539,,0,,529171,,0,,529171
216,RCP-2026-0216,2026-09-11,310,6,Smita Rewatkar,smitarewatkar92@gmail.com,"Pune, Wakad, Wakad, Haveli, Maharashtra, 411057",WALLET,DUMMY-1789104911285-63025,689.0,issued,,,2026-09-11 05:35:11.699050,,,439900,,0,,0,,0,,0,,8550,,0,,0,,80721,,0,,79182,,1539,,0,,529171,,0,,529171
217,RCP-2026-0217,2026-09-11,311,6,Smita Rewatkar,smitarewatkar92@gmail.com,"Pune, Wakad, Wakad, Haveli, Maharashtra, 411057",WALLET,DUMMY-1789116589603-16638,695.0,issued,,,2026-09-11 08:49:50.445418,,,439900,,0,,0,,0,,0,,8550,,0,,0,,80721,,0,,79182,,1539,,0,,529171,,0,,529171
218,RCP-2026-0218,2026-09-11,312,6,Smita Rewatkar,smitarewatkar92@gmail.com,"Pune, Wakad, Wakad, Haveli, Maharashtra, 411057",WALLET,DUMMY-1789119444968-45423,701.0,issued,,,2026-09-11 09:37:25.375978,,,439900,,0,,0,,0,,0,,8550,,0,,0,,80721,,0,,79182,,1539,,0,,529171,,0,,529171
219,RCP-2026-0219,2026-09-11,314,6,Smita Rewatkar,smitarewatkar92@gmail.com,"Pune, Wakad, Wakad, Haveli, Maharashtra, 411057",WALLET,DUMMY-1789121028321-26578,705.0,issued,,,2026-09-11 10:03:48.759800,,,439900,,0,,0,,0,,0,,8550,,0,,0,,80721,,0,,79182,,1539,,0,,529171,,0,,529171
220,RCP-2026-0220,2026-09-11,315,6,Smita Rewatkar,smitarewatkar92@gmail.com,"Pune, Wakad, Wakad, Haveli, Maharashtra, 411057",WALLET,DUMMY-1789121106200-74709,706.0,issued,,,2026-09-11 10:05:06.690479,,,439900,,0,,0,,0,,0,,8550,,0,,0,,80721,,0,,79182,,1539,,0,,529171,,0,,529171
221,RCP-2026-0221,2026-09-11,317,6,Smita Rewatkar,smitarewatkar92@gmail.com,"Pune, Wakad, Wakad, Haveli, Maharashtra, 411057",WALLET,DUMMY-1789121242876-14449,707.0,issued,,,2026-09-11 10:07:23.199811,,,439900,,0,,0,,0,,0,,8550,,0,,0,,80721,,0,,79182,,1539,,0,,529171,,0,,529171
222,RCP-2026-0222,2026-09-11,318,6,Smita Rewatkar,smitarewatkar92@gmail.com,"Pune, Wakad, Wakad, Haveli, Maharashtra, 411057",WALLET,DUMMY-1789121252912-32169,708.0,issued,,,2026-09-11 10:07:33.176364,,,439900,,0,,0,,0,,0,,8550,,0,,0,,80721,,0,,79182,,1539,,0,,529171,,0,,529171
223,RCP-2026-0223,2026-09-11,319,6,Smita Rewatkar,smitarewatkar92@gmail.com,"Pune, Wakad, Wakad, Haveli, Maharashtra, 411057",WALLET,DUMMY-1789121272257-37424,709.0,issued,,,2026-09-11 10:07:52.524522,,,439900,,0,,0,,0,,0,,8550,,0,,0,,80721,,0,,79182,,1539,,0,,529171,,0,,529171
224,RCP-2026-0224,2026-09-11,320,6,Smita Rewatkar,smitarewatkar92@gmail.com,"Pune, Wakad, Wakad, Haveli, Maharashtra, 411057",WALLET,DUMMY-1789121717433-49342,710.0,issued,,,2026-09-11 10:15:17.861675,,,439900,,0,,0,,0,,0,,8550,,0,,0,,80721,,0,,79182,,1539,,0,,529171,,0,,529171
225,RCP-2026-0225,2026-09-11,321,6,Smita Rewatkar,smitarewatkar92@gmail.com,"Pune, Wakad, Wakad, Haveli, Maharashtra, 411057",WALLET,DUMMY-1789121951071-92117,711.0,issued,,,2026-09-11 10:19:11.458788,,,439900,,0,,0,,0,,0,,8550,,0,,0,,80721,,0,,79182,,1539,,0,,529171,,0,,529171
226,RCP-2026-0226,2026-09-11,322,6,Smita Rewatkar,smitarewatkar92@gmail.com,"Pune, Wakad, Wakad, Haveli, Maharashtra, 411057",WALLET,DUMMY-1789121987121-36339,712.0,issued,,,2026-09-11 10:19:47.429291,,,439900,,0,,0,,0,,0,,8550,,0,,0,,80721,,0,,79182,,1539,,0,,529171,,0,,529171
227,RCP-2026-0227,2026-09-11,323,6,Smita Rewatkar,smitarewatkar92@gmail.com,"Pune, Wakad, Wakad, Haveli, Maharashtra, 411057",WALLET,DUMMY-1789122972306-7210,714.0,issued,,,2026-09-11 10:36:12.690054,,,439900,,0,,0,,0,,0,,8550,,0,,0,,80721,,0,,79182,,1539,,0,,529171,,0,,529171
228,RCP-2026-0228,2026-09-11,324,6,Smita Rewatkar,smitarewatkar92@gmail.com,"Pune, Wakad, Wakad, Haveli, Maharashtra, 411057",WALLET,DUMMY-1789125327410-52328,717.0,issued,,,2026-09-11 11:15:27.936426,,,439900,,0,,0,,0,,0,,8550,,0,,0,,80721,,0,,79182,,1539,,0,,529171,,0,,529171
229,RCP-2026-0229,2026-09-11,326,6,Smita Rewatkar,smitarewatkar92@gmail.com,"Pune, Wakad, Wakad, Haveli, Maharashtra, 411057",WALLET,DUMMY-1789127112035-22652,718.0,issued,,,2026-09-11 11:45:12.593969,,,439900,,0,,0,,0,,0,,8550,,0,,0,,80721,,0,,79182,,1539,,0,,529171,,0,,529171
230,RCP-2026-0230,2026-09-11,327,6,Smita Rewatkar,smitarewatkar92@gmail.com,"Pune, Wakad, Wakad, Haveli, Maharashtra, 411057",WALLET,DUMMY-1789127139344-57007,719.0,issued,,,2026-09-11 11:45:39.681459,,,439900,,0,,0,,0,,0,,8550,,0,,0,,80721,,0,,79182,,1539,,0,,529171,,0,,529171
231,RCP-2026-0231,2026-09-11,328,6,Smita Rewatkar,smitarewatkar92@gmail.com,"Pune, Wakad, Wakad, Haveli, Maharashtra, 411057",WALLET,DUMMY-1789127162191-21387,720.0,issued,,,2026-09-11 11:46:02.767627,,,5112500,,0,,0,,0,,0,,8550,,0,,0,,921789,,0,,920250,,1539,,0,,6042839,,0,,6042839
232,RCP-2026-0232,2026-09-11,329,6,Smita Rewatkar,smitarewatkar92@gmail.com,"Pune, Wakad, Wakad, Haveli, Maharashtra, 411057",WALLET,DUMMY-1789127175533-52509,721.0,issued,,,2026-09-11 11:46:15.841345,,,5112500,,0,,0,,0,,0,,8550,,0,,0,,921789,,0,,920250,,1539,,0,,6042839,,0,,6042839
233,RCP-2026-0233,2026-09-11,330,6,Smita Rewatkar,smitarewatkar92@gmail.com,"Pune, Wakad, Wakad, Haveli, Maharashtra, 411057",WALLET,DUMMY-1789127291884-18357,722.0,issued,,,2026-09-11 11:48:12.257404,,,439900,,0,,0,,0,,0,,8550,,0,,0,,80721,,0,,79182,,1539,,0,,529171,,0,,529171
234,RCP-2026-0234,2026-09-11,331,6,Smita Rewatkar,smitarewatkar92@gmail.com,"Pune, Wakad, Wakad, Haveli, Maharashtra, 411057",WALLET,DUMMY-1789127302365-14027,723.0,issued,,,2026-09-11 11:48:22.705921,,,439900,,0,,0,,0,,0,,8550,,0,,0,,80721,,0,,79182,,1539,,0,,529171,,0,,529171
235,RCP-2026-0235,2026-09-11,332,6,Smita Rewatkar,smitarewatkar92@gmail.com,"Pune, Wakad, Wakad, Haveli, Maharashtra, 411057",WALLET,DUMMY-1789127353831-81753,724.0,issued,,,2026-09-11 11:49:14.176591,,,5112500,,0,,0,,0,,0,,8550,,0,,0,,921789,,0,,920250,,1539,,0,,6042839,,0,,6042839
236,RCP-2026-0236,2026-09-11,333,6,Smita Rewatkar,smitarewatkar92@gmail.com,"Pune, Wakad, Wakad, Haveli, Maharashtra, 411057",WALLET,DUMMY-1789127385609-39242,725.0,issued,,,2026-09-11 11:49:45.990170,,,107400,,0,,0,,0,,0,,8550,,0,,0,,20871,,0,,19332,,1539,,0,,136821,,0,,136821
237,RCP-2026-0237,2026-09-11,334,6,Smita Rewatkar,smitarewatkar92@gmail.com,"Pune, Wakad, Wakad, Haveli, Maharashtra, 411057",WALLET,DUMMY-1789127399788-19369,726.0,issued,,,2026-09-11 11:50:00.562921,,,107400,,0,,0,,0,,0,,8550,,0,,0,,20871,,0,,19332,,1539,,0,,136821,,0,,136821
238,RCP-2026-0238,2026-09-11,335,6,Smita Rewatkar,smitarewatkar92@gmail.com,"Pune, Wakad, Wakad, Haveli, Maharashtra, 411057",WALLET,DUMMY-1789127960267-47224,727.0,issued,,,2026-09-11 11:59:20.568727,,,439900,,0,,0,,0,,0,,8550,,0,,0,,80721,,0,,79182,,1539,,0,,529171,,0,,529171
239,RCP-2026-0239,2026-09-11,336,14,Dnyaneshwar panchal,panchaldnyaneshwar.m@gmail.com,"At.Post. Dhangar Takli Tq.Purna Dist.Parbhani, Near Ram Temple, Dhangar Takli, Purna, Maharashtra, 431511",WALLET,DUMMY-1789135491548-24062,728.0,issued,,,2026-09-11 14:04:51.885484,,,5112500,,0,,0,,0,,0,,8550,,0,,0,,921789,,0,,920250,,1539,,0,,6042839,,0,,6042839
240,RCP-2026-0240,2026-09-15,337,14,Dnyaneshwar panchal,panchaldnyaneshwar.m@gmail.com,"At.Post. Dhangar Takli Tq.Purna Dist.Parbhani, Near Ram Temple, Dhangar Takli, Purna, Maharashtra, 431511",WALLET,DUMMY-1789449782809-87034,729.0,issued,,,2026-09-15 05:23:03.330104,,,30000,,0,,0,,0,,0,,8550,,0,,0,,5139,,0,,3600,,1539,,0,,43689,,0,,43689
241,RCP-2026-0241,2026-09-15,338,6,Smita Rewatkar,smitarewatkar92@gmail.com,"Pune, Wakad, Wakad, Haveli, Maharashtra, 411057",WALLET,DUMMY-1789467555283-44266,730.0,issued,,,2026-09-15 10:19:15.811990,,,439900,,0,,0,,0,,0,,8550,,0,,0,,80721,,0,,79182,,1539,,0,,529171,,0,,529171
242,RCP-2026-0242,2026-09-15,339,6,Smita Rewatkar,smitarewatkar92@gmail.com,"Pune, Wakad, Wakad, Haveli, Maharashtra, 411057",WALLET,DUMMY-1789469637610-65197,731.0,issued,,,2026-09-15 10:53:58.124211,,,439900,,0,,0,,0,,0,,8550,,0,,0,,80721,,0,,79182,,1539,,0,,529171,,0,,529171
243,RCP-2026-0243,2026-09-15,340,6,Smita Rewatkar,smitarewatkar92@gmail.com,"Pune, Wakad, Wakad, Haveli, Maharashtra, 411057",WALLET,DUMMY-1789469697184-20462,732.0,issued,,,2026-09-15 10:54:57.527495,,,439900,,0,,0,,0,,0,,8550,,0,,0,,80721,,0,,79182,,1539,,0,,529171,,0,,529171
244,RCP-2026-0244,2026-09-15,341,6,Smita Rewatkar,smitarewatkar92@gmail.com,"Pune, Wakad, Wakad, Haveli, Maharashtra, 411057",WALLET,DUMMY-1789471495122-48176,733.0,issued,,,2026-09-15 11:24:55.512275,,,439900,,0,,0,,0,,0,,8550,,0,,0,,80721,,0,,79182,,1539,,0,,529171,,0,,529171
245,RCP-2026-0245,2026-09-15,342,6,Smita Rewatkar,smitarewatkar92@gmail.com,"Pune, Wakad, Wakad, Haveli, Maharashtra, 411057",WALLET,DUMMY-1789471522799-27406,734.0,issued,,,2026-09-15 11:25:23.214244,,,439900,,0,,0,,0,,0,,8550,,0,,0,,80721,,0,,79182,,1539,,0,,529171,,0,,529171
246,RCP-2026-0246,2026-09-15,343,6,Smita Rewatkar,smitarewatkar92@gmail.com,"Pune, Wakad, Wakad, Haveli, Maharashtra, 411057",WALLET,DUMMY-1789471846631-24730,735.0,issued,,,2026-09-15 11:30:47.057125,,,439900,,0,,0,,0,,0,,8550,,0,,0,,80721,,0,,79182,,1539,,0,,529171,,0,,529171
