id,sinv_id,source_document_type,delivery_challan_id,einvoice_record_id,ewbNo,ewbDate,validUpto,extended_valid_upto,transporter_id,transporter_name,vehicle_no,transport_mode,distance_km,status,cancelReason,cancelDate,rawRequest,rawResponse,createdAt,updated_at
1,78,SINV,,23.0,181012223138.0,08/08/2026 11:07:00 AM,13/08/2026 11:59:00 PM,,12AWGPV7107B1Z1,Delhivery,KA12ER1234,1.0,840.0,ACT,,,"{""Irn"": ""b8cf1f3c304bd8c4c0d7969de750bf2d76be05e38771ca854bfd8dfaa497db32"", ""VehNo"": ""KA12ER1234"", ""TransId"": ""12AWGPV7107B1Z1"", ""VehType"": ""R"", ""Distance"": 0, ""TransMode"": ""1"", ""TransName"": ""Delhivery"", ""TransDocDt"": ""08/08/2026"", ""TransDocNo"": ""55dgdkkjr""}","{""irp"": ""NIC1"", ""data"": {""EwbDt"": ""2026-08-08 11:07:00"", ""EwbNo"": 181012223138, ""EwbValidTill"": ""2026-08-13 23:59:00""}, ""status_cd"": ""1"", ""status_desc"": ""GSTR request succeeds"", ""detailResponse"": {""irp"": ""NIC1"", ""data"": {""docNo"": ""SINV-2026-0034"", ""ewbNo"": 181012223138, ""status"": ""ACT"", ""docDate"": ""08/08/2026"", ""docType"": ""INV"", ""genMode"": ""API"", ""toAddr1"": ""MG Road"", ""toAddr2"": """", ""toGstin"": ""29AWGPV7107B1Z1"", ""toPlace"": ""Pune"", ""itemList"": [{""itemNo"": 1, ""hsnCode"": 73064000, ""qtyUnit"": ""NOS"", ""cessRate"": 0, ""cgstRate"": 2.5, ""igstRate"": 0, ""quantity"": 1, ""sgstRate"": 2.5, ""productId"": 0, ""productDesc"": ""Seamless Carbon Steel Pipe - ASTM A106 Grade B (2 Inch)"", ""productName"": """", ""cessNonAdvol"": 0, ""taxableAmount"": 1234}, {""itemNo"": 2, ""hsnCode"": 996799, ""qtyUnit"": ""OTH"", ""cessRate"": 0, ""cgstRate"": 9, ""igstRate"": 0, ""quantity"": 1, ""sgstRate"": 9, ""productId"": 0, ""productDesc"": ""Freight/Shipping Charges"", ""productName"": """", ""cessNonAdvol"": 0, ""taxableAmount"": 85.5}, {""itemNo"": 3, ""hsnCode"": 997158, ""qtyUnit"": ""OTH"", ""cessRate"": 0, ""cgstRate"": 9, ""igstRate"": 0, ""quantity"": 1, ""sgstRate"": 9, ""productId"": 0, ""productDesc"": ""Payment Gateway/Processing Charges"", ""productName"": """", ""cessNonAdvol"": 0, ""taxableAmount"": 21.33}], ""cessValue"": 0, ""cgstValue"": 40.47, ""fromAddr1"": ""MIDC Phase 2"", ""fromAddr2"": ""Pune, Maharashtra"", ""fromGstin"": ""29AAGCB1286Q000"", ""fromPlace"": ""Pune"", ""igstValue"": 0, ""sgstValue"": 40.47, ""toPincode"": 560001, ""toTrdName"": ""Acme Solutions Private Limited"", ""userGstin"": ""29AAGCB1286Q000"", ""validUpto"": ""13/08/2026 11:59:00 PM"", ""actualDist"": 840, ""otherValue"": 0, ""supplyType"": ""O"", ""totalValue"": 1340.83, ""fromPincode"": 411001, ""fromTrdName"": ""Infoproys Commerce Private Limited"", ""noValidDays"": 5, ""toStateCode"": 29, ""totInvValue"": 1421.77, ""vehicleType"": ""R"", ""ewayBillDate"": ""08/08/2026 11:07:00 AM"", ""rejectStatus"": ""N"", ""extendedTimes"": 0, ""fromStateCode"": 29, ""subSupplyType"": ""1  "", ""transporterId"": ""12AWGPV7107B1Z1"", ""actToStateCode"": 29, ""transactionType"": 3, ""transporterName"": ""Delhivery"", ""actFromStateCode"": 27, ""VehiclListDetails"": [{""groupNo"": ""0"", ""updMode"": ""API"", ""fromPlace"": ""Pune"", ""fromState"": 27, ""transMode"": ""1"", ""tripshtNo"": 0, ""vehicleNo"": ""KA12ER1234"", ""transDocNo"": ""55dgdkkjr"", ""enteredDate"": ""08/08/2026 11:07:00 AM"", ""transDocDate"": ""08/08/2026"", ""userGSTINTransin"": ""29AAGCB1286Q000""}], ""cessNonAdvolValue"": 0}, ""status_cd"": ""1"", ""status_desc"": ""EWAYBILL request succeeds""}}",2026-08-08 05:36:58.363628,2026-08-08 05:48:30
2,82,SINV,,,,,,,12AWGPV7107B1Z1,Delhivery,MH12ER1234,1.0,0.0,FAILED,,,"{""docNo"": ""SINV-2026-0035"", ""docDate"": ""08/08/2026"", ""docType"": ""INV"", ""toAddr1"": ""Pune"", ""toAddr2"": ""Wakad"", ""toGstin"": ""URP"", ""toPlace"": ""Pune"", ""itemList"": [{""hsnCode"": 12345, ""qtyUnit"": ""NOS"", ""cessRate"": 0, ""cgstRate"": 0, ""igstRate"": 18, ""quantity"": 1, ""sgstRate"": 0, ""productDesc"": ""Aluminium Round Tube"", ""productName"": ""Aluminium Round Tube"", ""cessNonadvol"": 0, ""taxableAmount"": 1565}], ""cessValue"": 0, ""cgstValue"": 0, ""fromAddr1"": ""Office No 12, Tech Park Road"", ""fromAddr2"": ""Phase 2, Business District"", ""fromGstin"": ""29AAGCB1286Q000"", ""fromPlace"": ""Bengaluru"", ""igstValue"": 297.09, ""sgstValue"": 0, ""toPincode"": 411057, ""toTrdName"": ""Smita"", ""transMode"": ""1"", ""vehicleNo"": ""MH12ER1234"", ""otherValue"": 85.5, ""supplyType"": ""O"", ""totalValue"": 1565, ""transDocNo"": ""NDCV"", ""fromPincode"": 560001, ""fromTrdName"": ""Infoproys Commerce Private Limited"", ""toStateCode"": 27, ""totInvValue"": 1947.59, ""vehicleType"": ""R"", ""transDocDate"": ""08/08/2026"", ""fromStateCode"": 29, ""subSupplyDesc"": """", ""subSupplyType"": ""1"", ""transDistance"": ""0"", ""transporterId"": ""12AWGPV7107B1Z1"", ""actToStateCode"": 27, ""transactionType"": 1, ""transporterName"": ""Delhivery"", ""actFromStateCode"": 29, ""cessNonAdvolValue"": 0}","{""irp"": ""NIC1"", ""error"": [{""errorCode"": ""216"", ""errorMessage"": ""216""}], ""status_cd"": ""0""}",2026-08-08 08:13:37.708079,2026-08-11 13:55:45
3,68,SINV,,24.0,121012223169.0,08/08/2026 01:47:00 PM,13/08/2026 11:59:00 PM,,12AWGPV7107B1Z1,Delhivery,MH12ER2437,1.0,840.0,ACT,,,"{""Irn"": ""aa9459e00fd2f97c50fb95acfffc247baa052bd5b371fcc70c0491ae2855e7be"", ""VehNo"": ""MH12ER2437"", ""TransId"": ""12AWGPV7107B1Z1"", ""VehType"": ""R"", ""Distance"": 0, ""TransMode"": ""1"", ""TransName"": ""Delhivery"", ""TransDocDt"": ""08/08/2026"", ""TransDocNo"": ""FDGSDGS""}","{""irp"": ""NIC1"", ""data"": {""EwbDt"": ""2026-08-08 13:47:00"", ""EwbNo"": 121012223169, ""EwbValidTill"": ""2026-08-13 23:59:00""}, ""status_cd"": ""1"", ""status_desc"": ""GSTR request succeeds"", ""detailResponse"": {""irp"": ""NIC1"", ""data"": {""docNo"": ""SINV-2026-0029"", ""ewbNo"": 121012223169, ""status"": ""ACT"", ""docDate"": ""07/08/2026"", ""docType"": ""INV"", ""genMode"": ""API"", ""toAddr1"": ""MG Road"", ""toAddr2"": """", ""toGstin"": ""29AWGPV7107B1Z1"", ""toPlace"": ""Pune"", ""itemList"": [{""itemNo"": 1, ""hsnCode"": 73064000, ""qtyUnit"": ""NOS"", ""cessRate"": 0, ""cgstRate"": 2.5, ""igstRate"": 0, ""quantity"": 1, ""sgstRate"": 2.5, ""productId"": 0, ""productDesc"": ""Seamless Carbon Steel Pipe - ASTM A106 Grade B (2 Inch)"", ""productName"": """", ""cessNonAdvol"": 0, ""taxableAmount"": 1234}, {""itemNo"": 2, ""hsnCode"": 996799, ""qtyUnit"": ""OTH"", ""cessRate"": 0, ""cgstRate"": 9, ""igstRate"": 0, ""quantity"": 1, ""sgstRate"": 9, ""productId"": 0, ""productDesc"": ""Freight/Shipping Charges"", ""productName"": """", ""cessNonAdvol"": 0, ""taxableAmount"": 85.5}, {""itemNo"": 3, ""hsnCode"": 997158, ""qtyUnit"": ""OTH"", ""cessRate"": 0, ""cgstRate"": 9, ""igstRate"": 0, ""quantity"": 1, ""sgstRate"": 9, ""productId"": 0, ""productDesc"": ""Payment Gateway/Processing Charges"", ""productName"": """", ""cessNonAdvol"": 0, ""taxableAmount"": 21.33}], ""cessValue"": 0, ""cgstValue"": 40.47, ""fromAddr1"": ""MIDC Phase 2"", ""fromAddr2"": ""Pune, Maharashtra"", ""fromGstin"": ""29AAGCB1286Q000"", ""fromPlace"": ""Pune"", ""igstValue"": 0, ""sgstValue"": 40.47, ""toPincode"": 560001, ""toTrdName"": ""Acme Solutions Private Limited"", ""userGstin"": ""29AAGCB1286Q000"", ""validUpto"": ""13/08/2026 11:59:00 PM"", ""actualDist"": 840, ""otherValue"": 0, ""supplyType"": ""O"", ""totalValue"": 1340.83, ""fromPincode"": 411001, ""fromTrdName"": ""Infoproys Commerce Private Limited"", ""noValidDays"": 5, ""toStateCode"": 29, ""totInvValue"": 1421.77, ""vehicleType"": ""R"", ""ewayBillDate"": ""08/08/2026 01:47:00 PM"", ""rejectStatus"": ""N"", ""extendedTimes"": 0, ""fromStateCode"": 29, ""subSupplyType"": ""1  "", ""transporterId"": ""12AWGPV7107B1Z1"", ""actToStateCode"": 29, ""transactionType"": 3, ""transporterName"": ""Delhivery"", ""actFromStateCode"": 27, ""VehiclListDetails"": [{""groupNo"": ""0"", ""updMode"": ""API"", ""fromPlace"": ""Pune"", ""fromState"": 27, ""transMode"": ""1"", ""tripshtNo"": 0, ""vehicleNo"": ""MH12ER2437"", ""transDocNo"": ""FDGSDGS"", ""enteredDate"": ""08/08/2026 01:47:00 PM"", ""transDocDate"": ""08/08/2026"", ""userGSTINTransin"": ""29AAGCB1286Q000""}], ""cessNonAdvolValue"": 0}, ""status_cd"": ""1"", ""status_desc"": ""EWAYBILL request succeeds""}}",2026-08-08 08:16:36.695465,
4,101,SINV,,27.0,,,,,,,,,,CNL,,,"{""Irn"": ""48ed544f9e5208dc30c07cefbbbb99ec9cedaaee72c0b5a179409325a9ebb6ed"", ""TransId"": ""06AAPCS1234P1Z9"", ""VehType"": ""R"", ""Distance"": 44, ""TransMode"": ""1"", ""TransName"": ""Delhivery"", ""TransDocDt"": ""11/08/2026""}","{""irp"": ""NIC1"", ""errorCode"": ""4013"", ""status_cd"": ""0"", ""status_desc"": ""The distance between the pincodes given is too high or low.""}",2026-08-11 04:13:32.808628,
5,101,SINV,,27.0,,,,,,,,,,CNL,,,"{""Irn"": ""48ed544f9e5208dc30c07cefbbbb99ec9cedaaee72c0b5a179409325a9ebb6ed"", ""TransId"": ""06AAPCS1234P1Z9"", ""VehType"": ""R"", ""Distance"": 0, ""TransMode"": ""1"", ""TransName"": ""Delhivery"", ""TransDocDt"": ""11/08/2026""}","{""irp"": ""NIC1"", ""errorCode"": ""4011"", ""status_cd"": ""0"", ""status_desc"": ""Vehicle number  should be passed in case of transportation mode is Road.""}",2026-08-11 04:13:45.184730,
6,101,SINV,,27.0,,,,,,,,,,CNL,,,"{""Irn"": ""48ed544f9e5208dc30c07cefbbbb99ec9cedaaee72c0b5a179409325a9ebb6ed"", ""VehNo"": ""MH12AB23456"", ""TransId"": ""06AAPCS1234P1Z9"", ""VehType"": ""R"", ""Distance"": 0, ""TransMode"": ""1"", ""TransName"": ""Delhivery"", ""TransDocDt"": ""11/08/2026""}","{""irp"": ""NIC1"", ""errorCode"": ""4014"", ""status_cd"": ""0"", ""status_desc"": ""Invalid Vehicle Number""}",2026-08-11 04:14:01.145629,
7,101,SINV,,27.0,,,,,,,,,,CNL,,,"{""Irn"": ""48ed544f9e5208dc30c07cefbbbb99ec9cedaaee72c0b5a179409325a9ebb6ed"", ""VehNo"": ""MH12AB2345"", ""TransId"": ""06AAPCS1234P1Z9"", ""VehType"": ""R"", ""Distance"": 0, ""TransMode"": ""1"", ""TransName"": ""Delhivery"", ""TransDocDt"": ""11/08/2026""}","{""irp"": ""NIC1"", ""errorCode"": ""3049"", ""status_cd"": ""0"", ""status_desc"": ""TransportId -06AAPCS1234P1Z9 is not present in E WayBill system.""}",2026-08-11 04:14:05.766457,
8,101,SINV,,27.0,,,,,,,,,,CNL,,,"{""Irn"": ""48ed544f9e5208dc30c07cefbbbb99ec9cedaaee72c0b5a179409325a9ebb6ed"", ""VehNo"": ""MH12AB2345"", ""TransId"": ""06AAPCS1234P1Z9"", ""VehType"": ""R"", ""Distance"": 0, ""TransMode"": ""1"", ""TransName"": ""Delhivery"", ""TransDocDt"": ""11/08/2026"", ""TransDocNo"": ""trfghbjh""}","{""irp"": ""NIC1"", ""errorCode"": ""3049"", ""status_cd"": ""0"", ""status_desc"": ""TransportId -06AAPCS1234P1Z9 is not present in E WayBill system.""}",2026-08-11 04:14:16.319347,
9,101,SINV,,27.0,,,,,,,,,,CNL,,,"{""Irn"": ""48ed544f9e5208dc30c07cefbbbb99ec9cedaaee72c0b5a179409325a9ebb6ed"", ""VehNo"": ""MH12AB2345"", ""TransId"": ""GHJN"", ""VehType"": ""R"", ""Distance"": 0, ""TransMode"": ""1"", ""TransName"": ""Delhivery"", ""TransDocDt"": ""11/08/2026"", ""TransDocNo"": ""trfghbjh""}","{""irp"": ""NIC1"", ""errorCode"": ""5002"", ""status_cd"": ""0"", ""status_desc"": ""The field Transin must be a string with a minimum length of 15 and a maximum length of 15.""}",2026-08-11 04:14:19.878843,
10,123,SINV,,29.0,,,,,,,,,,CNL,,,"{""Irn"": ""a09845de467f3bfec9e7c204d4526bf05f0f773c0bb4a45805a0c886989612d5"", ""VehNo"": ""KA01AB1234"", ""TransId"": ""29AAAAA0000A1Z5"", ""VehType"": ""R"", ""Distance"": 43, ""TransMode"": ""1"", ""TransName"": ""Test Logistics Pvt Ltd"", ""TransDocDt"": ""11/08/2026"", ""TransDocNo"": ""LR-2026-001""}","{""irp"": ""NIC1"", ""errorCode"": ""4013"", ""status_cd"": ""0"", ""status_desc"": ""The distance between the pincodes given is too high or low.""}",2026-08-11 05:19:42.413961,
11,123,SINV,,29.0,,,,,,,,,,CNL,,,"{""Irn"": ""a09845de467f3bfec9e7c204d4526bf05f0f773c0bb4a45805a0c886989612d5"", ""VehNo"": ""KA01AB1234"", ""TransId"": ""29AAAAA0000A1Z5"", ""VehType"": ""R"", ""Distance"": 9, ""TransMode"": ""1"", ""TransName"": ""Test Logistics Pvt Ltd"", ""TransDocDt"": ""11/08/2026"", ""TransDocNo"": ""LR-2026-001""}","{""irp"": ""NIC1"", ""errorCode"": ""4013"", ""status_cd"": ""0"", ""status_desc"": ""The distance between the pincodes given is too high or low.""}",2026-08-11 05:19:49.745721,
12,123,SINV,,29.0,,,,,,,,,,CNL,,,"{""Irn"": ""a09845de467f3bfec9e7c204d4526bf05f0f773c0bb4a45805a0c886989612d5"", ""VehNo"": ""KA01AB1234"", ""TransId"": ""29AAAAA0000A1Z5"", ""VehType"": ""R"", ""Distance"": 0, ""TransMode"": ""1"", ""TransName"": ""Test Logistics Pvt Ltd"", ""TransDocDt"": ""11/08/2026"", ""TransDocNo"": ""LR-2026-001""}","{""irp"": ""NIC1"", ""errorCode"": ""3049"", ""status_cd"": ""0"", ""status_desc"": ""TransportId -29AAAAA0000A1Z5 is not present in E WayBill system.""}",2026-08-11 05:19:53.838318,
13,123,SINV,,29.0,131012224532.0,11/08/2026 10:50:00 AM,16/08/2026 11:59:00 PM,,,Test Logistics Pvt Ltd,KA01AB1234,1.0,840.0,CNL,Order Cancelled,2026-11-08 10:58:00,"{""Irn"": ""a09845de467f3bfec9e7c204d4526bf05f0f773c0bb4a45805a0c886989612d5"", ""VehNo"": ""KA01AB1234"", ""VehType"": ""R"", ""Distance"": 0, ""TransMode"": ""1"", ""TransName"": ""Test Logistics Pvt Ltd"", ""TransDocDt"": ""11/08/2026"", ""TransDocNo"": ""LR-2026-001"", ""_lastOperation"": {""at"": ""2026-08-11T05:27:47.447Z"", ""payload"": {""ewbNo"": 131012224532, ""cancelRmrk"": ""Order Cancelled"", ""cancelRsnCode"": 3}, ""operation"": ""cancel""}}","{""irp"": ""NIC1"", ""data"": {""cancelDate"": ""11/08/2026 10:58:00 AM"", ""ewayBillNo"": ""131012224532""}, ""status_cd"": ""1"", ""status_desc"": ""EWAYBILL request succeeds""}",2026-08-11 05:20:13.711114,2026-08-11 05:27:47
14,123,SINV,,29.0,121345678901.0,04/08/2026,20/08/2026,,29AAGCB1286Q000,,KA01AB1234,1.0,50.0,ACT,,,"{""docNo"": ""SINV-2026-0048"", ""source"": ""MANUAL_PORTAL"", ""docDate"": ""11/08/2026"", ""docType"": ""INV"", ""remarks"": null, ""transMode"": ""1"", ""vehicleNo"": ""KA01AB1234"", ""supplyType"": ""O"", ""transDocNo"": """", ""transDocDate"": ""11/08/2026"", ""subSupplyType"": ""1"", ""transDistance"": ""50"", ""transporterId"": ""29AAGCB1286Q000"", ""_lastOperation"": {""at"": ""2026-08-11T05:45:15.465Z"", ""payload"": {""ewbNo"": 121345678901, ""cancelRmrk"": ""Order Cancelled"", ""cancelRsnCode"": 4}, ""operation"": ""cancel""}, ""transporterName"": """"}","{""irp"": ""NIC1"", ""error"": [{""errorCode"": ""312"", ""errorMessage"": ""312""}], ""status_cd"": ""0""}",2026-08-11 05:29:06.625802,2026-08-11 05:45:15
15,139,SINV,,,,,,,27AAPCS9575E1ZN,Delhivery,MH12AB1234,1.0,0.0,FAILED,,,"{""docNo"": ""SINV-2026-0052"", ""docDate"": ""18/08/2026"", ""docType"": ""INV"", ""toAddr1"": ""Bengaluru"", ""toAddr2"": ""Bengaluru"", ""toGstin"": ""29AWGPV7107B1Z1"", ""toPlace"": ""Bangalore North"", ""itemList"": [{""hsnCode"": 73069090, ""qtyUnit"": ""NOS"", ""cessRate"": 0, ""cgstRate"": 6, ""igstRate"": 0, ""quantity"": 1, ""sgstRate"": 6, ""productDesc"": ""Eccentric Reducer_162"", ""productName"": ""Eccentric Reducer_162"", ""cessNonadvol"": 0, ""taxableAmount"": 1478}], ""cessValue"": 0, ""cgstValue"": 98.79, ""fromAddr1"": ""Office No 12, Tech Park Road"", ""fromAddr2"": ""Phase 2, Business District"", ""fromGstin"": ""29AAGCB1286Q000"", ""fromPlace"": ""Bengaluru"", ""igstValue"": 0, ""sgstValue"": 98.79, ""toPincode"": 560001, ""toTrdName"": ""kalyan Magar"", ""transMode"": ""1"", ""vehicleNo"": ""MH12AB1234"", ""otherValue"": 112.32, ""supplyType"": ""O"", ""totalValue"": 1478, ""transDocNo"": """", ""fromPincode"": 560001, ""fromTrdName"": ""Infoproys Commerce Private Limited"", ""toStateCode"": 29, ""totInvValue"": 1787.9, ""vehicleType"": ""R"", ""transDocDate"": ""18/08/2026"", ""fromStateCode"": 29, ""subSupplyDesc"": """", ""subSupplyType"": ""1"", ""transDistance"": ""0"", ""transporterId"": ""27AAPCS9575E1ZN"", ""actToStateCode"": 29, ""transactionType"": 1, ""transporterName"": ""Delhivery"", ""actFromStateCode"": 29, ""cessNonAdvolValue"": 0}","{""irp"": ""NIC1"", ""info"": "", The distance between the given pincodes are not available in the system."", ""error"": [{""errorCode"": ""721"", ""errorMessage"": ""721""}], ""status_cd"": ""0""}",2026-08-18 04:30:18.536638,
16,139,SINV,,,,,,,27AAPCS9575E1ZN,Delhivery,MH12AB1234,1.0,0.0,FAILED,,,"{""docNo"": ""SINV-2026-0052"", ""docDate"": ""18/08/2026"", ""docType"": ""INV"", ""toAddr1"": ""Bengaluru"", ""toAddr2"": ""Bengaluru"", ""toGstin"": ""29AWGPV7107B1Z1"", ""toPlace"": ""Bangalore North"", ""itemList"": [{""hsnCode"": 73069090, ""qtyUnit"": ""NOS"", ""cessRate"": 0, ""cgstRate"": 6, ""igstRate"": 0, ""quantity"": 1, ""sgstRate"": 6, ""productDesc"": ""Eccentric Reducer_162"", ""productName"": ""Eccentric Reducer_162"", ""cessNonadvol"": 0, ""taxableAmount"": 1478}], ""cessValue"": 0, ""cgstValue"": 98.79, ""fromAddr1"": ""Office No 12, Tech Park Road"", ""fromAddr2"": ""Phase 2, Business District"", ""fromGstin"": ""29AAGCB1286Q000"", ""fromPlace"": ""Bengaluru"", ""igstValue"": 0, ""sgstValue"": 98.79, ""toPincode"": 560001, ""toTrdName"": ""kalyan Magar"", ""transMode"": ""1"", ""vehicleNo"": ""MH12AB1234"", ""otherValue"": 112.32, ""supplyType"": ""O"", ""totalValue"": 1478, ""transDocNo"": """", ""fromPincode"": 560001, ""fromTrdName"": ""Infoproys Commerce Private Limited"", ""toStateCode"": 29, ""totInvValue"": 1787.9, ""vehicleType"": ""R"", ""transDocDate"": ""18/08/2026"", ""fromStateCode"": 29, ""subSupplyDesc"": """", ""subSupplyType"": ""1"", ""transDistance"": ""0"", ""transporterId"": ""27AAPCS9575E1ZN"", ""actToStateCode"": 29, ""transactionType"": 1, ""transporterName"": ""Delhivery"", ""actFromStateCode"": 29, ""cessNonAdvolValue"": 0}","{""irp"": ""NIC1"", ""info"": "", The distance between the given pincodes are not available in the system."", ""error"": [{""errorCode"": ""721"", ""errorMessage"": ""721""}], ""status_cd"": ""0""}",2026-08-18 04:30:25.640623,
17,139,SINV,,,171012246934.0,18/08/2026 10:01:00 AM,19/08/2026 11:59:00 PM,,27AAPCS9575E1ZN,Delhivery,MH12AB1234,1.0,15.0,CNL,Order Cancelled,,"{""docNo"": ""SINV-2026-0052"", ""docDate"": ""18/08/2026"", ""docType"": ""INV"", ""toAddr1"": ""Bengaluru"", ""toAddr2"": ""Bengaluru"", ""toGstin"": ""29AWGPV7107B1Z1"", ""toPlace"": ""Bangalore North"", ""itemList"": [{""hsnCode"": 73069090, ""qtyUnit"": ""NOS"", ""cessRate"": 0, ""cgstRate"": 6, ""igstRate"": 0, ""quantity"": 1, ""sgstRate"": 6, ""productDesc"": ""Eccentric Reducer_162"", ""productName"": ""Eccentric Reducer_162"", ""cessNonadvol"": 0, ""taxableAmount"": 1478}], ""cessValue"": 0, ""cgstValue"": 98.79, ""fromAddr1"": ""Office No 12, Tech Park Road"", ""fromAddr2"": ""Phase 2, Business District"", ""fromGstin"": ""29AAGCB1286Q000"", ""fromPlace"": ""Bengaluru"", ""igstValue"": 0, ""sgstValue"": 98.79, ""toPincode"": 560001, ""toTrdName"": ""kalyan Magar"", ""transMode"": ""1"", ""vehicleNo"": ""MH12AB1234"", ""otherValue"": 112.32, ""supplyType"": ""O"", ""totalValue"": 1478, ""transDocNo"": """", ""fromPincode"": 560001, ""fromTrdName"": ""Infoproys Commerce Private Limited"", ""toStateCode"": 29, ""totInvValue"": 1787.9, ""vehicleType"": ""R"", ""transDocDate"": ""18/08/2026"", ""fromStateCode"": 29, ""subSupplyDesc"": """", ""subSupplyType"": ""1"", ""transDistance"": ""15"", ""transporterId"": ""27AAPCS9575E1ZN"", ""_lastOperation"": {""at"": ""2026-08-18T04:35:41.762Z"", ""payload"": {""ewbNo"": 171012246934, ""cancelRmrk"": ""Order Cancelled"", ""cancelRsnCode"": 3}, ""operation"": ""cancel""}, ""actToStateCode"": 29, ""transactionType"": 1, ""transporterName"": ""Delhivery"", ""actFromStateCode"": 29, ""cessNonAdvolValue"": 0}","{""irp"": ""NIC1"", ""data"": {""cancelDate"": ""18/08/2026 10:06:00 AM"", ""ewayBillNo"": ""171012246934""}, ""status_cd"": ""1"", ""status_desc"": ""EWAYBILL request succeeds""}",2026-08-18 04:30:45.445240,2026-08-18 04:35:41
18,139,SINV,,30.0,121001234567.0,18/08/2026,28/08/2026,,27AAPCS9575E1ZN,Delhivery Limited,MH12AB1234,1.0,15.0,CNL,Order Cancelled,2026-08-18 05:15:54,"{""docNo"": ""SINV-2026-0052"", ""source"": ""MANUAL_PORTAL"", ""docDate"": ""18/08/2026"", ""docType"": ""INV"", ""remarks"": ""TESTING Phase 1"", ""transMode"": ""1"", ""vehicleNo"": ""MH12AB1234"", ""supplyType"": ""O"", ""transDocNo"": ""LR123456"", ""transDocDate"": ""18/08/2026"", ""subSupplyType"": ""1"", ""transDistance"": ""15"", ""transporterId"": ""27AAPCS9575E1ZN"", ""_lastOperation"": {""at"": ""2026-08-18T05:15:54.046Z"", ""payload"": {""ewbNo"": 121001234567, ""cancelRmrk"": ""Order Cancelled"", ""cancelRsnCode"": 3}, ""operation"": ""cancel""}, ""transporterName"": ""Delhivery Limited""}","{""irp"": ""NIC1"", ""error"": [{""errorCode"": ""312"", ""errorMessage"": ""312""}], ""status_cd"": ""0""}",2026-08-18 05:15:45.834918,2026-08-18 05:15:54
19,139,SINV,,30.0,,,,,,,,,,CNL,,,"{""Irn"": ""d7e64871b23e9725a62c007efc6095ad8e33b2152cf4490da4e9fbf304a77f1d"", ""VehNo"": ""MH12AB1234"", ""TransId"": ""27AAPCS9575E1ZN"", ""VehType"": ""R"", ""Distance"": 15, ""TransMode"": ""1"", ""TransName"": ""Delhivery"", ""TransDocDt"": ""18/08/2026""}","{""irp"": ""NIC1"", ""status_cd"": ""0"", ""status_desc"": ""[{ErrorCode:4013, ErrorMessage:The distance between the pincodes given is too high or low.}]""}",2026-08-18 05:24:38.122139,
20,139,SINV,,30.0,,,,,,,,,,CNL,,,"{""Irn"": ""d7e64871b23e9725a62c007efc6095ad8e33b2152cf4490da4e9fbf304a77f1d"", ""VehNo"": ""MH12AB1234"", ""TransId"": ""27AAPCS9575E1ZN"", ""VehType"": ""R"", ""Distance"": 17, ""TransMode"": ""1"", ""TransName"": ""Delhivery"", ""TransDocDt"": ""18/08/2026""}","{""irp"": ""NIC1"", ""status_cd"": ""0"", ""status_desc"": ""[{ErrorCode:4013, ErrorMessage:The distance between the pincodes given is too high or low.}]""}",2026-08-18 05:24:49.933954,
21,139,SINV,,30.0,,,,,,,,,,CNL,,,"{""Irn"": ""d7e64871b23e9725a62c007efc6095ad8e33b2152cf4490da4e9fbf304a77f1d"", ""VehNo"": ""MH12AB1234"", ""TransId"": ""27AAPCS9575E1ZN"", ""VehType"": ""R"", ""Distance"": 17, ""TransMode"": ""1"", ""TransName"": ""Delhivery"", ""TransDocDt"": ""18/08/2026""}","{""irp"": ""NIC1"", ""status_cd"": ""0"", ""status_desc"": ""[{ErrorCode:4013, ErrorMessage:The distance between the pincodes given is too high or low.}]""}",2026-08-18 05:25:00.412510,
22,139,SINV,,30.0,,,,,,,,,,CNL,,,"{""Irn"": ""d7e64871b23e9725a62c007efc6095ad8e33b2152cf4490da4e9fbf304a77f1d"", ""VehNo"": ""MH12AB1234"", ""TransId"": ""27AAPCS9575E1ZN"", ""VehType"": ""R"", ""Distance"": 17, ""TransMode"": ""1"", ""TransName"": ""Delhivery"", ""TransDocDt"": ""18/08/2026""}","{""irp"": ""NIC1"", ""status_cd"": ""0"", ""status_desc"": ""[{ErrorCode:4013, ErrorMessage:The distance between the pincodes given is too high or low.}]""}",2026-08-18 05:25:21.637837,
23,139,SINV,,30.0,,,,,,,,,,CNL,,,"{""Irn"": ""d7e64871b23e9725a62c007efc6095ad8e33b2152cf4490da4e9fbf304a77f1d"", ""VehNo"": ""MH12AB1234"", ""TransId"": ""27AAPCS9575E1ZN"", ""VehType"": ""R"", ""Distance"": 17, ""TransMode"": ""1"", ""TransName"": ""Delhivery"", ""TransDocDt"": ""18/08/2026""}","{""irp"": ""NIC1"", ""status_cd"": ""0"", ""status_desc"": ""[{ErrorCode:4013, ErrorMessage:The distance between the pincodes given is too high or low.}]""}",2026-08-18 05:26:51.113378,
24,139,SINV,,30.0,,,,,,,,,,CNL,,,"{""Irn"": ""d7e64871b23e9725a62c007efc6095ad8e33b2152cf4490da4e9fbf304a77f1d"", ""VehNo"": ""MH12AB1234"", ""TransId"": ""27AAPCS9575E1ZN"", ""VehType"": ""R"", ""Distance"": 17, ""TransMode"": ""1"", ""TransName"": ""Delhivery"", ""TransDocDt"": ""18/08/2026""}","{""irp"": ""NIC1"", ""status_cd"": ""0"", ""status_desc"": ""[{ErrorCode:4013, ErrorMessage:The distance between the pincodes given is too high or low.}]""}",2026-08-18 05:26:58.780010,
25,139,SINV,,30.0,,,,,,,,,,CNL,,,"{""Irn"": ""d7e64871b23e9725a62c007efc6095ad8e33b2152cf4490da4e9fbf304a77f1d"", ""VehNo"": ""MH12AB1234"", ""TransId"": ""27AAPCS9575E1ZN"", ""VehType"": ""R"", ""Distance"": 17, ""TransMode"": ""1"", ""TransName"": ""Delhivery"", ""TransDocDt"": ""18/08/2026""}","{""irp"": ""NIC1"", ""status_cd"": ""0"", ""status_desc"": ""[{ErrorCode:4013, ErrorMessage:The distance between the pincodes given is too high or low.}]""}",2026-08-18 05:27:05.385986,
26,139,SINV,,30.0,141012246951.0,18/08/2026 10:58:00 AM,23/08/2026 11:59:00 PM,,27AAPCS9575E1ZN,Delhivery,MH12AB1234,1.0,840.0,CNL,Order Cancelled,,"{""Irn"": ""d7e64871b23e9725a62c007efc6095ad8e33b2152cf4490da4e9fbf304a77f1d"", ""VehNo"": ""MH12AB1234"", ""TransId"": ""27AAPCS9575E1ZN"", ""VehType"": ""R"", ""Distance"": 0, ""TransMode"": ""1"", ""TransName"": ""Delhivery"", ""TransDocDt"": ""18/08/2026"", ""_lastOperation"": {""at"": ""2026-08-18T05:27:57.045Z"", ""payload"": {""ewbNo"": 141012246951, ""cancelRmrk"": ""Order Cancelled"", ""cancelRsnCode"": 3}, ""operation"": ""cancel""}}","{""irp"": ""NIC1"", ""data"": {""cancelDate"": ""18/08/2026 10:58:00 AM"", ""ewayBillNo"": ""141012246951""}, ""status_cd"": ""1"", ""status_desc"": ""EWAYBILL request succeeds""}",2026-08-18 05:27:37.881677,2026-08-18 05:27:57
27,139,SINV,,30.0,,,,,,,,,,CNL,,,"{""Irn"": ""d7e64871b23e9725a62c007efc6095ad8e33b2152cf4490da4e9fbf304a77f1d"", ""VehNo"": ""MH12AB1234"", ""TransId"": ""27AAPCS9575E1ZN"", ""VehType"": ""R"", ""Distance"": 15, ""TransMode"": ""1"", ""TransName"": ""Delhivery"", ""TransDocDt"": ""18/08/2026""}","{""irp"": ""NIC1"", ""status_cd"": ""0"", ""status_desc"": ""[{ErrorCode:4013, ErrorMessage:The distance between the pincodes given is too high or low.}]""}",2026-08-18 05:28:29.496069,
28,141,SINV,,,,,,,29AAPCS9575E1ZN,Delhivery,KA01AB1234,1.0,15.0,FAILED,,,"{""docNo"": ""SINV-2026-0053"", ""docDate"": ""18/08/2026"", ""docType"": ""INV"", ""toAddr1"": ""Bengaluru"", ""toAddr2"": ""Bengaluru"", ""toGstin"": ""29AWGPV7107B1Z1"", ""toPlace"": ""Bangalore North"", ""itemList"": [{""hsnCode"": 73069090, ""qtyUnit"": ""NOS"", ""cessRate"": 0, ""cgstRate"": 6, ""igstRate"": 0, ""quantity"": 1, ""sgstRate"": 6, ""productDesc"": ""Eccentric Reducer_398"", ""productName"": ""Eccentric Reducer_398"", ""cessNonadvol"": 0, ""taxableAmount"": 1635}], ""cessValue"": 0, ""cgstValue"": 108.46, ""fromAddr1"": ""Office No 12, Tech Park Road"", ""fromAddr2"": ""Phase 2, Business District"", ""fromGstin"": ""29AAGCB1286Q000"", ""fromPlace"": ""Bengaluru"", ""igstValue"": 0, ""sgstValue"": 108.46, ""toPincode"": 560001, ""toTrdName"": ""kalyan Magar"", ""transMode"": ""1"", ""vehicleNo"": ""KA01AB1234"", ""otherValue"": 115, ""supplyType"": ""O"", ""totalValue"": 1635, ""transDocNo"": ""LR12345678"", ""fromPincode"": 560001, ""fromTrdName"": ""Infoproys Commerce Private Limited"", ""toStateCode"": 29, ""totInvValue"": 1966.92, ""vehicleType"": ""R"", ""transDocDate"": ""18/08/2026"", ""fromStateCode"": 29, ""subSupplyDesc"": """", ""subSupplyType"": ""1"", ""transDistance"": ""15"", ""transporterId"": ""29AAPCS9575E1ZN"", ""actToStateCode"": 29, ""transactionType"": 1, ""transporterName"": ""Delhivery"", ""actFromStateCode"": 29, ""cessNonAdvolValue"": 0}","{""irp"": ""NIC1"", ""error"": [{""errorCode"": ""222"", ""errorMessage"": ""222""}], ""status_cd"": ""0""}",2026-08-18 05:32:11.575344,
29,141,SINV,,,,,,,29AAPCS9575E1ZN,Delhivery,MH01AB1234,1.0,15.0,FAILED,,,"{""docNo"": ""SINV-2026-0053"", ""docDate"": ""18/08/2026"", ""docType"": ""INV"", ""toAddr1"": ""Bengaluru"", ""toAddr2"": ""Bengaluru"", ""toGstin"": ""29AWGPV7107B1Z1"", ""toPlace"": ""Bangalore North"", ""itemList"": [{""hsnCode"": 73069090, ""qtyUnit"": ""NOS"", ""cessRate"": 0, ""cgstRate"": 6, ""igstRate"": 0, ""quantity"": 1, ""sgstRate"": 6, ""productDesc"": ""Eccentric Reducer_398"", ""productName"": ""Eccentric Reducer_398"", ""cessNonadvol"": 0, ""taxableAmount"": 1635}], ""cessValue"": 0, ""cgstValue"": 108.46, ""fromAddr1"": ""Office No 12, Tech Park Road"", ""fromAddr2"": ""Phase 2, Business District"", ""fromGstin"": ""29AAGCB1286Q000"", ""fromPlace"": ""Bengaluru"", ""igstValue"": 0, ""sgstValue"": 108.46, ""toPincode"": 560001, ""toTrdName"": ""kalyan Magar"", ""transMode"": ""1"", ""vehicleNo"": ""MH01AB1234"", ""otherValue"": 115, ""supplyType"": ""O"", ""totalValue"": 1635, ""transDocNo"": ""LR12345678"", ""fromPincode"": 560001, ""fromTrdName"": ""Infoproys Commerce Private Limited"", ""toStateCode"": 29, ""totInvValue"": 1966.92, ""vehicleType"": ""R"", ""transDocDate"": ""18/08/2026"", ""fromStateCode"": 29, ""subSupplyDesc"": """", ""subSupplyType"": ""1"", ""transDistance"": ""15"", ""transporterId"": ""29AAPCS9575E1ZN"", ""actToStateCode"": 29, ""transactionType"": 1, ""transporterName"": ""Delhivery"", ""actFromStateCode"": 29, ""cessNonAdvolValue"": 0}","{""irp"": ""NIC1"", ""error"": [{""errorCode"": ""222"", ""errorMessage"": ""222""}], ""status_cd"": ""0""}",2026-08-18 05:32:16.924363,
30,141,SINV,,,,,,,29AAPCS9575E1ZN,Delhivery,MH01AB1234,1.0,15.0,FAILED,,,"{""docNo"": ""SINV-2026-0053"", ""docDate"": ""18/08/2026"", ""docType"": ""INV"", ""toAddr1"": ""Bengaluru"", ""toAddr2"": ""Bengaluru"", ""toGstin"": ""29AWGPV7107B1Z1"", ""toPlace"": ""Bangalore North"", ""itemList"": [{""hsnCode"": 73069090, ""qtyUnit"": ""NOS"", ""cessRate"": 0, ""cgstRate"": 6, ""igstRate"": 0, ""quantity"": 1, ""sgstRate"": 6, ""productDesc"": ""Eccentric Reducer_398"", ""productName"": ""Eccentric Reducer_398"", ""cessNonadvol"": 0, ""taxableAmount"": 1635}], ""cessValue"": 0, ""cgstValue"": 108.46, ""fromAddr1"": ""Office No 12, Tech Park Road"", ""fromAddr2"": ""Phase 2, Business District"", ""fromGstin"": ""29AAGCB1286Q000"", ""fromPlace"": ""Bengaluru"", ""igstValue"": 0, ""sgstValue"": 108.46, ""toPincode"": 560001, ""toTrdName"": ""kalyan Magar"", ""transMode"": ""1"", ""vehicleNo"": ""MH01AB1234"", ""otherValue"": 115, ""supplyType"": ""O"", ""totalValue"": 1635, ""transDocNo"": ""LR12345678"", ""fromPincode"": 560001, ""fromTrdName"": ""Infoproys Commerce Private Limited"", ""toStateCode"": 29, ""totInvValue"": 1966.92, ""vehicleType"": ""R"", ""transDocDate"": ""18/08/2026"", ""fromStateCode"": 29, ""subSupplyDesc"": """", ""subSupplyType"": ""1"", ""transDistance"": ""15"", ""transporterId"": ""29AAPCS9575E1ZN"", ""actToStateCode"": 29, ""transactionType"": 1, ""transporterName"": ""Delhivery"", ""actFromStateCode"": 29, ""cessNonAdvolValue"": 0}","{""irp"": ""NIC1"", ""error"": [{""errorCode"": ""222"", ""errorMessage"": ""222""}], ""status_cd"": ""0""}",2026-08-18 05:32:42.350525,
31,141,SINV,,,,,,,29AAPCS9575E1ZN,Delhivery,MH01AB1234,1.0,15.0,FAILED,,,"{""docNo"": ""SINV-2026-0053"", ""docDate"": ""18/08/2026"", ""docType"": ""INV"", ""toAddr1"": ""Bengaluru"", ""toAddr2"": ""Bengaluru"", ""toGstin"": ""29AWGPV7107B1Z1"", ""toPlace"": ""Bangalore North"", ""itemList"": [{""hsnCode"": 73069090, ""qtyUnit"": ""NOS"", ""cessRate"": 0, ""cgstRate"": 6, ""igstRate"": 0, ""quantity"": 1, ""sgstRate"": 6, ""productDesc"": ""Eccentric Reducer_398"", ""productName"": ""Eccentric Reducer_398"", ""cessNonadvol"": 0, ""taxableAmount"": 1635}], ""cessValue"": 0, ""cgstValue"": 108.46, ""fromAddr1"": ""Office No 12, Tech Park Road"", ""fromAddr2"": ""Phase 2, Business District"", ""fromGstin"": ""29AAGCB1286Q000"", ""fromPlace"": ""Bengaluru"", ""igstValue"": 0, ""sgstValue"": 108.46, ""toPincode"": 560001, ""toTrdName"": ""kalyan Magar"", ""transMode"": ""1"", ""vehicleNo"": ""MH01AB1234"", ""otherValue"": 115, ""supplyType"": ""O"", ""totalValue"": 1635, ""transDocNo"": ""LR12345678"", ""fromPincode"": 560001, ""fromTrdName"": ""Infoproys Commerce Private Limited"", ""toStateCode"": 29, ""totInvValue"": 1966.92, ""vehicleType"": ""R"", ""transDocDate"": ""18/08/2026"", ""fromStateCode"": 29, ""subSupplyDesc"": """", ""subSupplyType"": ""1"", ""transDistance"": ""15"", ""transporterId"": ""29AAPCS9575E1ZN"", ""actToStateCode"": 29, ""transactionType"": 1, ""transporterName"": ""Delhivery"", ""actFromStateCode"": 29, ""cessNonAdvolValue"": 0}","{""irp"": ""NIC1"", ""error"": [{""errorCode"": ""222"", ""errorMessage"": ""222""}], ""status_cd"": ""0""}",2026-08-18 05:32:52.094715,
32,141,SINV,,,,,,,29AAPCS9575E1ZN,Delhivery,MH01AB1234,1.0,0.0,FAILED,,,"{""docNo"": ""SINV-2026-0053"", ""docDate"": ""18/08/2026"", ""docType"": ""INV"", ""toAddr1"": ""Bengaluru"", ""toAddr2"": ""Bengaluru"", ""toGstin"": ""29AWGPV7107B1Z1"", ""toPlace"": ""Bangalore North"", ""itemList"": [{""hsnCode"": 73069090, ""qtyUnit"": ""NOS"", ""cessRate"": 0, ""cgstRate"": 6, ""igstRate"": 0, ""quantity"": 1, ""sgstRate"": 6, ""productDesc"": ""Eccentric Reducer_398"", ""productName"": ""Eccentric Reducer_398"", ""cessNonadvol"": 0, ""taxableAmount"": 1635}], ""cessValue"": 0, ""cgstValue"": 108.46, ""fromAddr1"": ""Office No 12, Tech Park Road"", ""fromAddr2"": ""Phase 2, Business District"", ""fromGstin"": ""29AAGCB1286Q000"", ""fromPlace"": ""Bengaluru"", ""igstValue"": 0, ""sgstValue"": 108.46, ""toPincode"": 560001, ""toTrdName"": ""kalyan Magar"", ""transMode"": ""1"", ""vehicleNo"": ""MH01AB1234"", ""otherValue"": 115, ""supplyType"": ""O"", ""totalValue"": 1635, ""transDocNo"": ""LR12345678"", ""fromPincode"": 560001, ""fromTrdName"": ""Infoproys Commerce Private Limited"", ""toStateCode"": 29, ""totInvValue"": 1966.92, ""vehicleType"": ""R"", ""transDocDate"": ""18/08/2026"", ""fromStateCode"": 29, ""subSupplyDesc"": """", ""subSupplyType"": ""1"", ""transDistance"": ""0"", ""transporterId"": ""29AAPCS9575E1ZN"", ""actToStateCode"": 29, ""transactionType"": 1, ""transporterName"": ""Delhivery"", ""actFromStateCode"": 29, ""cessNonAdvolValue"": 0}","{""irp"": ""NIC1"", ""info"": "", The distance between the given pincodes are not available in the system."", ""error"": [{""errorCode"": ""222"", ""errorMessage"": ""222""}, {""errorCode"": ""721"", ""errorMessage"": ""721""}], ""status_cd"": ""0""}",2026-08-18 05:33:07.255392,
33,141,SINV,,,,,,,29AAPCS9575E1ZN,Delhivery,MH01AB1234,1.0,0.0,FAILED,,,"{""docNo"": ""SINV-2026-0053"", ""docDate"": ""18/08/2026"", ""docType"": ""INV"", ""toAddr1"": ""Bengaluru"", ""toAddr2"": ""Bengaluru"", ""toGstin"": ""29AWGPV7107B1Z1"", ""toPlace"": ""Bangalore North"", ""itemList"": [{""hsnCode"": 73069090, ""qtyUnit"": ""NOS"", ""cessRate"": 0, ""cgstRate"": 6, ""igstRate"": 0, ""quantity"": 1, ""sgstRate"": 6, ""productDesc"": ""Eccentric Reducer_398"", ""productName"": ""Eccentric Reducer_398"", ""cessNonadvol"": 0, ""taxableAmount"": 1635}], ""cessValue"": 0, ""cgstValue"": 108.46, ""fromAddr1"": ""Office No 12, Tech Park Road"", ""fromAddr2"": ""Phase 2, Business District"", ""fromGstin"": ""29AAGCB1286Q000"", ""fromPlace"": ""Bengaluru"", ""igstValue"": 0, ""sgstValue"": 108.46, ""toPincode"": 560001, ""toTrdName"": ""kalyan Magar"", ""transMode"": ""1"", ""vehicleNo"": ""MH01AB1234"", ""otherValue"": 115, ""supplyType"": ""O"", ""totalValue"": 1635, ""transDocNo"": ""LR12345678"", ""fromPincode"": 560001, ""fromTrdName"": ""Infoproys Commerce Private Limited"", ""toStateCode"": 29, ""totInvValue"": 1966.92, ""vehicleType"": ""R"", ""transDocDate"": ""18/08/2026"", ""fromStateCode"": 29, ""subSupplyDesc"": """", ""subSupplyType"": ""1"", ""transDistance"": ""0"", ""transporterId"": ""29AAPCS9575E1ZN"", ""actToStateCode"": 29, ""transactionType"": 1, ""transporterName"": ""Delhivery"", ""actFromStateCode"": 29, ""cessNonAdvolValue"": 0}","{""irp"": ""NIC1"", ""info"": "", The distance between the given pincodes are not available in the system."", ""error"": [{""errorCode"": ""222"", ""errorMessage"": ""222""}, {""errorCode"": ""721"", ""errorMessage"": ""721""}], ""status_cd"": ""0""}",2026-08-18 05:33:20.696018,
34,141,SINV,,,,,,,29AAPCS9575E1ZN,Delhivery,MH01AB1234,1.0,0.0,FAILED,,,"{""docNo"": ""SINV-2026-0053"", ""docDate"": ""18/08/2026"", ""docType"": ""INV"", ""toAddr1"": ""Bengaluru"", ""toAddr2"": ""Bengaluru"", ""toGstin"": ""29AWGPV7107B1Z1"", ""toPlace"": ""Bangalore North"", ""itemList"": [{""hsnCode"": 73069090, ""qtyUnit"": ""NOS"", ""cessRate"": 0, ""cgstRate"": 6, ""igstRate"": 0, ""quantity"": 1, ""sgstRate"": 6, ""productDesc"": ""Eccentric Reducer_398"", ""productName"": ""Eccentric Reducer_398"", ""cessNonadvol"": 0, ""taxableAmount"": 1635}], ""cessValue"": 0, ""cgstValue"": 108.46, ""fromAddr1"": ""Office No 12, Tech Park Road"", ""fromAddr2"": ""Phase 2, Business District"", ""fromGstin"": ""29AAGCB1286Q000"", ""fromPlace"": ""Bengaluru"", ""igstValue"": 0, ""sgstValue"": 108.46, ""toPincode"": 560001, ""toTrdName"": ""kalyan Magar"", ""transMode"": ""1"", ""vehicleNo"": ""MH01AB1234"", ""otherValue"": 115, ""supplyType"": ""O"", ""totalValue"": 1635, ""transDocNo"": ""LR12345678"", ""fromPincode"": 560001, ""fromTrdName"": ""Infoproys Commerce Private Limited"", ""toStateCode"": 29, ""totInvValue"": 1966.92, ""vehicleType"": ""R"", ""transDocDate"": ""18/08/2026"", ""fromStateCode"": 29, ""subSupplyDesc"": """", ""subSupplyType"": ""1"", ""transDistance"": ""0"", ""transporterId"": ""29AAPCS9575E1ZN"", ""actToStateCode"": 29, ""transactionType"": 1, ""transporterName"": ""Delhivery"", ""actFromStateCode"": 29, ""cessNonAdvolValue"": 0}","{""irp"": ""NIC1"", ""info"": "", The distance between the given pincodes are not available in the system."", ""error"": [{""errorCode"": ""222"", ""errorMessage"": ""222""}, {""errorCode"": ""721"", ""errorMessage"": ""721""}], ""status_cd"": ""0""}",2026-08-18 05:33:30.566639,
35,141,SINV,,,,,,,29AAPCS9575E1ZN,Delhivery,MH01AB1234,1.0,0.0,FAILED,,,"{""docNo"": ""SINV-2026-0053"", ""docDate"": ""18/08/2026"", ""docType"": ""INV"", ""toAddr1"": ""Bengaluru"", ""toAddr2"": ""Bengaluru"", ""toGstin"": ""29AWGPV7107B1Z1"", ""toPlace"": ""Bangalore North"", ""itemList"": [{""hsnCode"": 73069090, ""qtyUnit"": ""NOS"", ""cessRate"": 0, ""cgstRate"": 6, ""igstRate"": 0, ""quantity"": 1, ""sgstRate"": 6, ""productDesc"": ""Eccentric Reducer_398"", ""productName"": ""Eccentric Reducer_398"", ""cessNonadvol"": 0, ""taxableAmount"": 1635}], ""cessValue"": 0, ""cgstValue"": 108.46, ""fromAddr1"": ""Office No 12, Tech Park Road"", ""fromAddr2"": ""Phase 2, Business District"", ""fromGstin"": ""29AAGCB1286Q000"", ""fromPlace"": ""Bengaluru"", ""igstValue"": 0, ""sgstValue"": 108.46, ""toPincode"": 560001, ""toTrdName"": ""kalyan Magar"", ""transMode"": ""1"", ""vehicleNo"": ""MH01AB1234"", ""otherValue"": 115, ""supplyType"": ""O"", ""totalValue"": 1635, ""transDocNo"": ""LR12345678"", ""fromPincode"": 560001, ""fromTrdName"": ""Infoproys Commerce Private Limited"", ""toStateCode"": 29, ""totInvValue"": 1966.92, ""vehicleType"": ""R"", ""transDocDate"": ""18/08/2026"", ""fromStateCode"": 29, ""subSupplyDesc"": """", ""subSupplyType"": ""1"", ""transDistance"": ""0"", ""transporterId"": ""29AAPCS9575E1ZN"", ""actToStateCode"": 29, ""transactionType"": 1, ""transporterName"": ""Delhivery"", ""actFromStateCode"": 29, ""cessNonAdvolValue"": 0}","{""irp"": ""NIC1"", ""info"": "", The distance between the given pincodes are not available in the system."", ""error"": [{""errorCode"": ""222"", ""errorMessage"": ""222""}, {""errorCode"": ""721"", ""errorMessage"": ""721""}], ""status_cd"": ""0""}",2026-08-18 05:33:52.556283,
36,141,SINV,,,,,,,29AAPCS9575E1ZN,Delhivery,MH01AB1234,1.0,0.0,FAILED,,,"{""docNo"": ""SINV-2026-0053"", ""docDate"": ""18/08/2026"", ""docType"": ""INV"", ""toAddr1"": ""Bengaluru"", ""toAddr2"": ""Bengaluru"", ""toGstin"": ""29AWGPV7107B1Z1"", ""toPlace"": ""Bangalore North"", ""itemList"": [{""hsnCode"": 73069090, ""qtyUnit"": ""NOS"", ""cessRate"": 0, ""cgstRate"": 6, ""igstRate"": 0, ""quantity"": 1, ""sgstRate"": 6, ""productDesc"": ""Eccentric Reducer_398"", ""productName"": ""Eccentric Reducer_398"", ""cessNonadvol"": 0, ""taxableAmount"": 1635}], ""cessValue"": 0, ""cgstValue"": 108.46, ""fromAddr1"": ""Office No 12, Tech Park Road"", ""fromAddr2"": ""Phase 2, Business District"", ""fromGstin"": ""29AAGCB1286Q000"", ""fromPlace"": ""Bengaluru"", ""igstValue"": 0, ""sgstValue"": 108.46, ""toPincode"": 560001, ""toTrdName"": ""kalyan Magar"", ""transMode"": ""1"", ""vehicleNo"": ""MH01AB1234"", ""otherValue"": 115, ""supplyType"": ""O"", ""totalValue"": 1635, ""transDocNo"": ""LR12345678"", ""fromPincode"": 560001, ""fromTrdName"": ""Infoproys Commerce Private Limited"", ""toStateCode"": 29, ""totInvValue"": 1966.92, ""vehicleType"": ""R"", ""transDocDate"": ""18/08/2026"", ""fromStateCode"": 29, ""subSupplyDesc"": """", ""subSupplyType"": ""1"", ""transDistance"": ""0"", ""transporterId"": ""29AAPCS9575E1ZN"", ""actToStateCode"": 29, ""transactionType"": 1, ""transporterName"": ""Delhivery"", ""actFromStateCode"": 29, ""cessNonAdvolValue"": 0}","{""irp"": ""NIC1"", ""info"": "", The distance between the given pincodes are not available in the system."", ""error"": [{""errorCode"": ""222"", ""errorMessage"": ""222""}, {""errorCode"": ""721"", ""errorMessage"": ""721""}], ""status_cd"": ""0""}",2026-08-18 05:34:06.891739,
37,141,SINV,,,,,,,29AAPCS9575E1ZN,Delhivery,MH01AB1234,1.0,0.0,FAILED,,,"{""docNo"": ""SINV-2026-0053"", ""docDate"": ""18/08/2026"", ""docType"": ""INV"", ""toAddr1"": ""Bengaluru"", ""toAddr2"": ""Bengaluru"", ""toGstin"": ""29AWGPV7107B1Z1"", ""toPlace"": ""Bangalore North"", ""itemList"": [{""hsnCode"": 73069090, ""qtyUnit"": ""NOS"", ""cessRate"": 0, ""cgstRate"": 6, ""igstRate"": 0, ""quantity"": 1, ""sgstRate"": 6, ""productDesc"": ""Eccentric Reducer_398"", ""productName"": ""Eccentric Reducer_398"", ""cessNonadvol"": 0, ""taxableAmount"": 1635}], ""cessValue"": 0, ""cgstValue"": 108.46, ""fromAddr1"": ""Office No 12, Tech Park Road"", ""fromAddr2"": ""Phase 2, Business District"", ""fromGstin"": ""29AAGCB1286Q000"", ""fromPlace"": ""Bengaluru"", ""igstValue"": 0, ""sgstValue"": 108.46, ""toPincode"": 560001, ""toTrdName"": ""kalyan Magar"", ""transMode"": ""1"", ""vehicleNo"": ""MH01AB1234"", ""otherValue"": 115, ""supplyType"": ""O"", ""totalValue"": 1635, ""transDocNo"": ""LR12345678"", ""fromPincode"": 560001, ""fromTrdName"": ""Infoproys Commerce Private Limited"", ""toStateCode"": 29, ""totInvValue"": 1966.92, ""vehicleType"": ""R"", ""transDocDate"": ""18/08/2026"", ""fromStateCode"": 29, ""subSupplyDesc"": """", ""subSupplyType"": ""1"", ""transDistance"": ""0"", ""transporterId"": ""29AAPCS9575E1ZN"", ""actToStateCode"": 29, ""transactionType"": 1, ""transporterName"": ""Delhivery"", ""actFromStateCode"": 29, ""cessNonAdvolValue"": 0}","{""irp"": ""NIC1"", ""info"": "", The distance between the given pincodes are not available in the system."", ""error"": [{""errorCode"": ""222"", ""errorMessage"": ""222""}, {""errorCode"": ""721"", ""errorMessage"": ""721""}], ""status_cd"": ""0""}",2026-08-18 05:40:28.097760,
38,141,SINV,,31.0,121012247408.0,2026-08-18 23:11:00,2026-08-23 23:59:00,,12AWGPV7107B1Z1,Delhivery,KA12ER1234,1.0,0.0,CNL,Order Cancelled,,"{""Irn"": ""b469a89a7cf66223ae20f0d656fa6378cdab4bb245336841c0bc936b745117f8"", ""VehNo"": ""KA12ER1234"", ""TransId"": ""12AWGPV7107B1Z1"", ""VehType"": ""R"", ""Distance"": 0, ""TransMode"": ""1"", ""TransName"": ""Delhivery"", ""TransDocDt"": ""18/08/2026"", ""TransDocNo"": ""TRA5N/DOdC/15"", ""_lastOperation"": {""at"": ""2026-08-18T17:41:45.261Z"", ""payload"": {""ewbNo"": 121012247408, ""cancelRmrk"": ""Order Cancelled"", ""cancelRsnCode"": 3}, ""operation"": ""cancel""}}","{""irp"": ""NIC1"", ""data"": {""cancelDate"": ""18/08/2026 11:12:00 PM"", ""ewayBillNo"": ""121012247408""}, ""status_cd"": ""1"", ""status_desc"": ""EWAYBILL request succeeds""}",2026-08-18 17:41:24.647208,2026-08-18 17:41:45
39,141,SINV,,31.0,123456789788.0,18/08/2026,18/08/2026,,12AWGPV7107B1Z1,sfsfs,6SFS4FS,1.0,15.0,CNL,Order Cancelled,2026-08-18 18:10:14,"{""docNo"": ""SINV-2026-0053"", ""source"": ""MANUAL_PORTAL"", ""docDate"": ""18/08/2026"", ""docType"": ""INV"", ""remarks"": null, ""transMode"": ""1"", ""vehicleNo"": ""6SFS4FS"", ""supplyType"": ""O"", ""transDocNo"": ""sfsf"", ""transDocDate"": ""18/08/2026"", ""subSupplyType"": ""1"", ""transDistance"": ""15"", ""transporterId"": ""12AWGPV7107B1Z1"", ""_lastOperation"": {""at"": ""2026-08-18T18:10:13.531Z"", ""payload"": {""ewbNo"": 123456789788, ""cancelRmrk"": ""Order Cancelled"", ""cancelRsnCode"": 3}, ""operation"": ""cancel""}, ""transporterName"": ""sfsfs""}","{""irp"": ""NIC1"", ""error"": [{""errorCode"": ""312"", ""errorMessage"": ""312""}], ""status_cd"": ""0""}",2026-08-18 17:43:12.100272,2026-08-18 18:10:13
40,143,SINV,,,,,,,27AABCU9603R1ZN,Mahesh,MH12AB1234,1.0,0.0,FAILED,,,"{""docNo"": ""SINV-2026-0054"", ""docDate"": ""19/08/2026"", ""docType"": ""INV"", ""toAddr1"": ""Pune"", ""toAddr2"": ""Wakad"", ""toGstin"": ""URP"", ""toPlace"": ""Pune"", ""itemList"": [{""hsnCode"": 400911, ""qtyUnit"": ""NOS"", ""cessRate"": 0, ""cgstRate"": 0, ""igstRate"": 18, ""quantity"": 1, ""sgstRate"": 0, ""productDesc"": ""Hydraulic pipe"", ""productName"": ""Hydraulic pipe"", ""cessNonadvol"": 0, ""taxableAmount"": 1725}], ""cessValue"": 0, ""cgstValue"": 0, ""fromAddr1"": ""Office No 12, Tech Park Road"", ""fromAddr2"": ""Phase 2, Business District"", ""fromGstin"": ""29AAGCB1286Q000"", ""fromPlace"": ""Bengaluru"", ""igstValue"": 325.89, ""sgstValue"": 0, ""toPincode"": 411057, ""toTrdName"": ""Smita"", ""transMode"": ""1"", ""vehicleNo"": ""MH12AB1234"", ""otherValue"": 85.5, ""supplyType"": ""O"", ""totalValue"": 1725, ""transDocNo"": """", ""fromPincode"": 560001, ""fromTrdName"": ""Infoproys Commerce Private Limited"", ""toStateCode"": 27, ""totInvValue"": 2136.39, ""vehicleType"": ""R"", ""transDocDate"": ""20/08/2026"", ""fromStateCode"": 29, ""subSupplyDesc"": """", ""subSupplyType"": ""1"", ""transDistance"": ""0"", ""transporterId"": ""27AABCU9603R1ZN"", ""actToStateCode"": 27, ""transactionType"": 1, ""transporterName"": ""Mahesh"", ""actFromStateCode"": 29, ""cessNonAdvolValue"": 0}","{""irp"": ""NIC1"", ""error"": [{""errorCode"": ""216"", ""errorMessage"": ""216""}], ""status_cd"": ""0""}",2026-08-20 04:55:24.663652,
41,141,SINV,,31.0,,,,,,,,,,CNL,,,"{""Irn"": ""b469a89a7cf66223ae20f0d656fa6378cdab4bb245336841c0bc936b745117f8"", ""VehNo"": ""MH12AB1234"", ""TransId"": ""27AABCU9603R1ZN"", ""VehType"": ""R"", ""Distance"": 0, ""TransMode"": ""1"", ""TransName"": ""Mahesh"", ""TransDocDt"": ""20/08/2026""}","{""errorCode"": ""WB_ERR_9991"", ""status_cd"": ""0"", ""status_desc"": ""No issues from White Books, but some issue received from up stream. Please check the details""}",2026-08-20 04:56:09.679773,
42,139,SINV,,30.0,121004567890.0,13/08/2026,20/08/2026,,,,,1.0,12.0,ACT,,,"{""docNo"": ""SINV-2026-0052"", ""source"": ""MANUAL_PORTAL"", ""docDate"": ""18/08/2026"", ""docType"": ""INV"", ""remarks"": null, ""transMode"": ""1"", ""vehicleNo"": """", ""supplyType"": ""O"", ""transDocNo"": """", ""transDocDate"": """", ""subSupplyType"": ""1"", ""transDistance"": ""12"", ""transporterId"": """", ""transporterName"": """"}","{""source"": ""MANUAL_PORTAL"", ""remarks"": null, ""enteredAt"": ""2026-08-20T04:57:13.665Z"", ""portalPdfPath"": ""/uploads/gsp_portal_pdfs/1787201833645-164876890.pdf""}",2026-08-20 04:57:13.684186,
43,141,SINV,,31.0,,,,,,,,,,CNL,,,"{""Irn"": ""b469a89a7cf66223ae20f0d656fa6378cdab4bb245336841c0bc936b745117f8"", ""VehNo"": ""MH12AB1234"", ""TransId"": ""27AAPCS9575E1ZN"", ""VehType"": ""R"", ""Distance"": 0, ""TransMode"": ""1"", ""TransName"": ""Mahesh"", ""TransDocDt"": ""20/08/2026""}","{""errorCode"": ""WB_ERR_9991"", ""status_cd"": ""0"", ""status_desc"": ""No issues from White Books, but some issue received from up stream. Please check the details""}",2026-08-20 05:36:52.508798,
44,141,SINV,,31.0,,,,,,,,,,CNL,,,"{""Irn"": ""b469a89a7cf66223ae20f0d656fa6378cdab4bb245336841c0bc936b745117f8"", ""VehNo"": ""MH12AB1234"", ""TransId"": ""27AAPCS9575E1ZN"", ""VehType"": ""R"", ""Distance"": 0, ""TransMode"": ""1"", ""TransName"": ""Mahesh"", ""TransDocDt"": ""20/08/2026"", ""TransDocNo"": ""LR12345678""}","{""errorCode"": ""WB_ERR_9991"", ""status_cd"": ""0"", ""status_desc"": ""No issues from White Books, but some issue received from up stream. Please check the details""}",2026-08-20 05:37:11.028636,
45,141,SINV,,31.0,,,,,,,,,,CNL,,,"{""Irn"": ""b469a89a7cf66223ae20f0d656fa6378cdab4bb245336841c0bc936b745117f8"", ""VehNo"": ""MH12AB1234"", ""TransId"": ""27AAPCS9575E1ZN"", ""VehType"": ""R"", ""Distance"": 0, ""TransMode"": ""1"", ""TransName"": ""Mahesh"", ""TransDocDt"": ""20/08/2026"", ""TransDocNo"": ""LR12345678""}","{""errorCode"": ""WB_ERR_9991"", ""status_cd"": ""0"", ""status_desc"": ""No issues from White Books, but some issue received from up stream. Please check the details""}",2026-08-20 05:37:39.982410,
46,139,DELIVERY_CHALLAN,3.0,,,,,,27AAPCS9575E1ZN,Delhivery,MH12AB1234,1.0,0.0,FAILED,,,"{""docNo"": ""DCHL-2026-0003"", ""docDate"": ""20/08/2026"", ""docType"": ""CHL"", ""toAddr1"": ""Office No 12, Tech Park Road"", ""toAddr2"": ""Phase 2, Business District"", ""toGstin"": ""29AAGCB1286Q000"", ""toPlace"": ""Bengaluru"", ""itemList"": [{""hsnCode"": 73069090, ""qtyUnit"": ""NOS"", ""cessRate"": 0, ""cgstRate"": 6, ""igstRate"": 0, ""quantity"": 1, ""sgstRate"": 6, ""productDesc"": ""Eccentric Reducer_162"", ""productName"": ""Eccentric Reducer_162"", ""cessNonadvol"": 0, ""taxableAmount"": 1478}], ""cessValue"": 0, ""cgstValue"": 88.68, ""fromAddr1"": ""Bengaluru"", ""fromAddr2"": ""Bengaluru"", ""fromGstin"": ""29AWGPV7107B1Z1"", ""fromPlace"": ""Bangalore North"", ""igstValue"": 0, ""sgstValue"": 88.68, ""toPincode"": 560001, ""toTrdName"": ""Infoproys Commerce Private Limited"", ""transMode"": ""1"", ""vehicleNo"": ""MH12AB1234"", ""otherValue"": 0, ""supplyType"": ""I"", ""totalValue"": 1478, ""transDocNo"": """", ""fromPincode"": 560001, ""fromTrdName"": ""kalyan Magar"", ""toStateCode"": 29, ""totInvValue"": 1655.36, ""vehicleType"": ""R"", ""transDocDate"": ""20/08/2026"", ""fromStateCode"": 29, ""subSupplyDesc"": """", ""subSupplyType"": ""7"", ""transDistance"": ""0"", ""transporterId"": ""27AAPCS9575E1ZN"", ""actToStateCode"": 29, ""transactionType"": 1, ""transporterName"": ""Delhivery"", ""actFromStateCode"": 29, ""cessNonAdvolValue"": 0}","{""irp"": ""NIC1"", ""info"": "", The distance between the given pincodes are not available in the system."", ""error"": [{""errorCode"": ""604"", ""errorMessage"": ""604""}, {""errorCode"": ""721"", ""errorMessage"": ""721""}], ""status_cd"": ""0""}",2026-08-20 05:45:00.253012,
47,139,DELIVERY_CHALLAN,3.0,,,,,,27AAPCS9575E1ZN,Delhivery,MH12AB1234,1.0,0.0,FAILED,,,"{""docNo"": ""DCHL-2026-0003"", ""docDate"": ""20/08/2026"", ""docType"": ""CHL"", ""toAddr1"": ""Office No 12, Tech Park Road"", ""toAddr2"": ""Phase 2, Business District"", ""toGstin"": ""29AAGCB1286Q000"", ""toPlace"": ""Bengaluru"", ""itemList"": [{""hsnCode"": 73069090, ""qtyUnit"": ""NOS"", ""cessRate"": 0, ""cgstRate"": 6, ""igstRate"": 0, ""quantity"": 1, ""sgstRate"": 6, ""productDesc"": ""Eccentric Reducer_162"", ""productName"": ""Eccentric Reducer_162"", ""cessNonadvol"": 0, ""taxableAmount"": 1478}], ""cessValue"": 0, ""cgstValue"": 88.68, ""fromAddr1"": ""Bengaluru"", ""fromAddr2"": ""Bengaluru"", ""fromGstin"": ""29AWGPV7107B1Z1"", ""fromPlace"": ""Bangalore North"", ""igstValue"": 0, ""sgstValue"": 88.68, ""toPincode"": 560001, ""toTrdName"": ""Infoproys Commerce Private Limited"", ""transMode"": ""1"", ""vehicleNo"": ""MH12AB1234"", ""otherValue"": 0, ""supplyType"": ""I"", ""totalValue"": 1478, ""transDocNo"": ""LR12345678"", ""fromPincode"": 560001, ""fromTrdName"": ""kalyan Magar"", ""toStateCode"": 29, ""totInvValue"": 1655.36, ""vehicleType"": ""R"", ""transDocDate"": ""20/08/2026"", ""fromStateCode"": 29, ""subSupplyDesc"": """", ""subSupplyType"": ""7"", ""transDistance"": ""0"", ""transporterId"": ""27AAPCS9575E1ZN"", ""actToStateCode"": 29, ""transactionType"": 1, ""transporterName"": ""Delhivery"", ""actFromStateCode"": 29, ""cessNonAdvolValue"": 0}","{""irp"": ""NIC1"", ""info"": "", The distance between the given pincodes are not available in the system."", ""error"": [{""errorCode"": ""604"", ""errorMessage"": ""604""}, {""errorCode"": ""721"", ""errorMessage"": ""721""}], ""status_cd"": ""0""}",2026-08-20 05:45:07.037923,
48,139,DELIVERY_CHALLAN,3.0,,,,,,27AAPCS9575E1ZN,Delhivery,MH12AB1234,1.0,14.0,FAILED,,,"{""docNo"": ""DCHL-2026-0003"", ""docDate"": ""20/08/2026"", ""docType"": ""CHL"", ""toAddr1"": ""Office No 12, Tech Park Road"", ""toAddr2"": ""Phase 2, Business District"", ""toGstin"": ""29AAGCB1286Q000"", ""toPlace"": ""Bengaluru"", ""itemList"": [{""hsnCode"": 73069090, ""qtyUnit"": ""NOS"", ""cessRate"": 0, ""cgstRate"": 6, ""igstRate"": 0, ""quantity"": 1, ""sgstRate"": 6, ""productDesc"": ""Eccentric Reducer_162"", ""productName"": ""Eccentric Reducer_162"", ""cessNonadvol"": 0, ""taxableAmount"": 1478}], ""cessValue"": 0, ""cgstValue"": 88.68, ""fromAddr1"": ""Bengaluru"", ""fromAddr2"": ""Bengaluru"", ""fromGstin"": ""29AWGPV7107B1Z1"", ""fromPlace"": ""Bangalore North"", ""igstValue"": 0, ""sgstValue"": 88.68, ""toPincode"": 560001, ""toTrdName"": ""Infoproys Commerce Private Limited"", ""transMode"": ""1"", ""vehicleNo"": ""MH12AB1234"", ""otherValue"": 0, ""supplyType"": ""I"", ""totalValue"": 1478, ""transDocNo"": ""LR12345678"", ""fromPincode"": 560001, ""fromTrdName"": ""kalyan Magar"", ""toStateCode"": 29, ""totInvValue"": 1655.36, ""vehicleType"": ""R"", ""transDocDate"": ""20/08/2026"", ""fromStateCode"": 29, ""subSupplyDesc"": """", ""subSupplyType"": ""7"", ""transDistance"": ""14"", ""transporterId"": ""27AAPCS9575E1ZN"", ""actToStateCode"": 29, ""transactionType"": 1, ""transporterName"": ""Delhivery"", ""actFromStateCode"": 29, ""cessNonAdvolValue"": 0}","{""irp"": ""NIC1"", ""error"": [{""errorCode"": ""604"", ""errorMessage"": ""604""}], ""status_cd"": ""0""}",2026-08-20 05:45:20.713786,
49,139,DELIVERY_CHALLAN,3.0,,,,,,27AAPCS9575E1ZN,Delhivery,KA01AB1234,1.0,14.0,FAILED,,,"{""docNo"": ""DCHL-2026-0003"", ""docDate"": ""20/08/2026"", ""docType"": ""CHL"", ""toAddr1"": ""Office No 12, Tech Park Road"", ""toAddr2"": ""Phase 2, Business District"", ""toGstin"": ""29AAGCB1286Q000"", ""toPlace"": ""Bengaluru"", ""itemList"": [{""hsnCode"": 73069090, ""qtyUnit"": ""NOS"", ""cessRate"": 0, ""cgstRate"": 6, ""igstRate"": 0, ""quantity"": 1, ""sgstRate"": 6, ""productDesc"": ""Eccentric Reducer_162"", ""productName"": ""Eccentric Reducer_162"", ""cessNonadvol"": 0, ""taxableAmount"": 1478}], ""cessValue"": 0, ""cgstValue"": 88.68, ""fromAddr1"": ""Bengaluru"", ""fromAddr2"": ""Bengaluru"", ""fromGstin"": ""29AWGPV7107B1Z1"", ""fromPlace"": ""Bangalore North"", ""igstValue"": 0, ""sgstValue"": 88.68, ""toPincode"": 560001, ""toTrdName"": ""Infoproys Commerce Private Limited"", ""transMode"": ""1"", ""vehicleNo"": ""KA01AB1234"", ""otherValue"": 0, ""supplyType"": ""I"", ""totalValue"": 1478, ""transDocNo"": ""LR12345678"", ""fromPincode"": 560001, ""fromTrdName"": ""kalyan Magar"", ""toStateCode"": 29, ""totInvValue"": 1655.36, ""vehicleType"": ""R"", ""transDocDate"": ""20/08/2026"", ""fromStateCode"": 29, ""subSupplyDesc"": """", ""subSupplyType"": ""7"", ""transDistance"": ""14"", ""transporterId"": ""27AAPCS9575E1ZN"", ""actToStateCode"": 29, ""transactionType"": 1, ""transporterName"": ""Delhivery"", ""actFromStateCode"": 29, ""cessNonAdvolValue"": 0}","{""irp"": ""NIC1"", ""error"": [{""errorCode"": ""604"", ""errorMessage"": ""604""}], ""status_cd"": ""0""}",2026-08-20 05:45:34.589829,
50,139,DELIVERY_CHALLAN,3.0,,,,,,27AAPCS9575E1ZN,Delhivery,KA01AB1234,1.0,0.0,FAILED,,,"{""docNo"": ""DCHL-2026-0003"", ""docDate"": ""20/08/2026"", ""docType"": ""CHL"", ""toAddr1"": ""Office No 12, Tech Park Road"", ""toAddr2"": ""Phase 2, Business District"", ""toGstin"": ""29AAGCB1286Q000"", ""toPlace"": ""Bengaluru"", ""itemList"": [{""hsnCode"": 73069090, ""qtyUnit"": ""NOS"", ""cessRate"": 0, ""cgstRate"": 6, ""igstRate"": 0, ""quantity"": 1, ""sgstRate"": 6, ""productDesc"": ""Eccentric Reducer_162"", ""productName"": ""Eccentric Reducer_162"", ""cessNonadvol"": 0, ""taxableAmount"": 1478}], ""cessValue"": 0, ""cgstValue"": 88.68, ""fromAddr1"": ""Bengaluru"", ""fromAddr2"": ""Bengaluru"", ""fromGstin"": ""29AWGPV7107B1Z1"", ""fromPlace"": ""Bangalore North"", ""igstValue"": 0, ""sgstValue"": 88.68, ""toPincode"": 560001, ""toTrdName"": ""Infoproys Commerce Private Limited"", ""transMode"": ""1"", ""vehicleNo"": ""KA01AB1234"", ""otherValue"": 0, ""supplyType"": ""I"", ""totalValue"": 1478, ""transDocNo"": ""LR12345678"", ""fromPincode"": 560001, ""fromTrdName"": ""kalyan Magar"", ""toStateCode"": 29, ""totInvValue"": 1655.36, ""vehicleType"": ""R"", ""transDocDate"": ""20/08/2026"", ""fromStateCode"": 29, ""subSupplyDesc"": """", ""subSupplyType"": ""7"", ""transDistance"": ""0"", ""transporterId"": ""27AAPCS9575E1ZN"", ""actToStateCode"": 29, ""transactionType"": 1, ""transporterName"": ""Delhivery"", ""actFromStateCode"": 29, ""cessNonAdvolValue"": 0}","{""irp"": ""NIC1"", ""info"": "", The distance between the given pincodes are not available in the system."", ""error"": [{""errorCode"": ""604"", ""errorMessage"": ""604""}, {""errorCode"": ""721"", ""errorMessage"": ""721""}], ""status_cd"": ""0""}",2026-08-20 05:45:38.909723,
51,139,DELIVERY_CHALLAN,3.0,,,,,,27AAPCS9575E1ZN,Delhivery,KA01AB1234,1.0,14.0,FAILED,,,"{""docNo"": ""DCHL-2026-0003"", ""docDate"": ""20/08/2026"", ""docType"": ""CHL"", ""toAddr1"": ""Office No 12, Tech Park Road"", ""toAddr2"": ""Phase 2, Business District"", ""toGstin"": ""29AAGCB1286Q000"", ""toPlace"": ""Bengaluru"", ""itemList"": [{""hsnCode"": 73069090, ""qtyUnit"": ""NOS"", ""cessRate"": 0, ""cgstRate"": 6, ""igstRate"": 0, ""quantity"": 1, ""sgstRate"": 6, ""productDesc"": ""Eccentric Reducer_162"", ""productName"": ""Eccentric Reducer_162"", ""cessNonadvol"": 0, ""taxableAmount"": 1478}], ""cessValue"": 0, ""cgstValue"": 88.68, ""fromAddr1"": ""Bengaluru"", ""fromAddr2"": ""Bengaluru"", ""fromGstin"": ""29AWGPV7107B1Z1"", ""fromPlace"": ""Bangalore North"", ""igstValue"": 0, ""sgstValue"": 88.68, ""toPincode"": 560001, ""toTrdName"": ""Infoproys Commerce Private Limited"", ""transMode"": ""1"", ""vehicleNo"": ""KA01AB1234"", ""otherValue"": 0, ""supplyType"": ""I"", ""totalValue"": 1478, ""transDocNo"": ""LR12345678"", ""fromPincode"": 560001, ""fromTrdName"": ""kalyan Magar"", ""toStateCode"": 29, ""totInvValue"": 1655.36, ""vehicleType"": ""R"", ""transDocDate"": ""20/08/2026"", ""fromStateCode"": 29, ""subSupplyDesc"": """", ""subSupplyType"": ""7"", ""transDistance"": ""14"", ""transporterId"": ""27AAPCS9575E1ZN"", ""actToStateCode"": 29, ""transactionType"": 1, ""transporterName"": ""Delhivery"", ""actFromStateCode"": 29, ""cessNonAdvolValue"": 0}","{""irp"": ""NIC1"", ""error"": [{""errorCode"": ""604"", ""errorMessage"": ""604""}], ""status_cd"": ""0""}",2026-08-20 05:45:48.371376,
52,139,DELIVERY_CHALLAN,3.0,,,,,,27AAPCS9575E1ZN,Delhivery,KA01AB1234,1.0,14.0,FAILED,,,"{""docNo"": ""DCHL-2026-0003"", ""docDate"": ""20/08/2026"", ""docType"": ""CHL"", ""toAddr1"": ""Office No 12, Tech Park Road"", ""toAddr2"": ""Phase 2, Business District"", ""toGstin"": ""29AAGCB1286Q000"", ""toPlace"": ""Bengaluru"", ""itemList"": [{""hsnCode"": 73069090, ""qtyUnit"": ""NOS"", ""cessRate"": 0, ""cgstRate"": 6, ""igstRate"": 0, ""quantity"": 1, ""sgstRate"": 6, ""productDesc"": ""Eccentric Reducer_162"", ""productName"": ""Eccentric Reducer_162"", ""cessNonadvol"": 0, ""taxableAmount"": 1478}], ""cessValue"": 0, ""cgstValue"": 88.68, ""fromAddr1"": ""Bengaluru"", ""fromAddr2"": ""Bengaluru"", ""fromGstin"": ""29AWGPV7107B1Z1"", ""fromPlace"": ""Bangalore North"", ""igstValue"": 0, ""sgstValue"": 88.68, ""toPincode"": 560001, ""toTrdName"": ""Infoproys Commerce Private Limited"", ""transMode"": ""1"", ""vehicleNo"": ""KA01AB1234"", ""otherValue"": 0, ""supplyType"": ""I"", ""totalValue"": 1478, ""transDocNo"": ""LR12345678"", ""fromPincode"": 560001, ""fromTrdName"": ""kalyan Magar"", ""toStateCode"": 29, ""totInvValue"": 1655.36, ""vehicleType"": ""R"", ""transDocDate"": ""20/08/2026"", ""fromStateCode"": 29, ""subSupplyDesc"": """", ""subSupplyType"": ""7"", ""transDistance"": ""14"", ""transporterId"": ""27AAPCS9575E1ZN"", ""actToStateCode"": 29, ""transactionType"": 1, ""transporterName"": ""Delhivery"", ""actFromStateCode"": 29, ""cessNonAdvolValue"": 0}","{""irp"": ""NIC1"", ""error"": [{""errorCode"": ""604"", ""errorMessage"": ""604""}], ""status_cd"": ""0""}",2026-08-20 06:05:04.877927,
53,139,DELIVERY_CHALLAN,3.0,,,,,,27AAPCS9575E1ZN,Delhivery,KA01AB1234,1.0,14.0,FAILED,,,"{""docNo"": ""DCHL-2026-0003"", ""docDate"": ""20/08/2026"", ""docType"": ""CHL"", ""toAddr1"": ""Office No 12, Tech Park Road"", ""toAddr2"": ""Phase 2, Business District"", ""toGstin"": ""29AAGCB1286Q000"", ""toPlace"": ""Bengaluru"", ""itemList"": [{""hsnCode"": 73069090, ""qtyUnit"": ""NOS"", ""cessRate"": 0, ""cgstRate"": 6, ""igstRate"": 0, ""quantity"": 1, ""sgstRate"": 6, ""productDesc"": ""Eccentric Reducer_162"", ""productName"": ""Eccentric Reducer_162"", ""cessNonadvol"": 0, ""taxableAmount"": 1478}], ""cessValue"": 0, ""cgstValue"": 88.68, ""fromAddr1"": ""Bengaluru"", ""fromAddr2"": ""Bengaluru"", ""fromGstin"": ""29AWGPV7107B1Z1"", ""fromPlace"": ""Bangalore North"", ""igstValue"": 0, ""sgstValue"": 88.68, ""toPincode"": 560001, ""toTrdName"": ""Infoproys Commerce Private Limited"", ""transMode"": ""1"", ""vehicleNo"": ""KA01AB1234"", ""otherValue"": 0, ""supplyType"": ""I"", ""totalValue"": 1478, ""transDocNo"": ""LR12345678"", ""fromPincode"": 560001, ""fromTrdName"": ""kalyan Magar"", ""toStateCode"": 29, ""totInvValue"": 1655.36, ""vehicleType"": ""R"", ""transDocDate"": ""20/08/2026"", ""fromStateCode"": 29, ""subSupplyDesc"": """", ""subSupplyType"": ""7"", ""transDistance"": ""14"", ""transporterId"": ""27AAPCS9575E1ZN"", ""actToStateCode"": 29, ""transactionType"": 1, ""transporterName"": ""Delhivery"", ""actFromStateCode"": 29, ""cessNonAdvolValue"": 0}","{""irp"": ""NIC1"", ""error"": [{""errorCode"": ""604"", ""errorMessage"": ""604""}], ""status_cd"": ""0""}",2026-08-20 06:05:12.975462,
54,151,SINV,,32.0,111012249399.0,20/08/2026 06:46:00 PM,25/08/2026 11:59:00 PM,,12AWGPV7107B1Z1,Delhivery,KA12ER1234,1.0,840.0,ACT,,,"{""Irn"": ""88c2dddea14bfede6f4a86d7651c23163d87c4a765f86b07455c0ef07d4bd1b4"", ""VehNo"": ""KA12ER1234"", ""TransId"": ""12AWGPV7107B1Z1"", ""VehType"": ""R"", ""Distance"": 0, ""TransMode"": ""1"", ""TransName"": ""Delhivery"", ""TransDocDt"": ""20/08/2026"", ""TransDocNo"": ""ddsfsf""}","{""irp"": ""NIC1"", ""data"": {""EwbDt"": ""2026-08-20 18:46:00"", ""EwbNo"": 111012249399, ""EwbValidTill"": ""2026-08-25 23:59:00""}, ""status_cd"": ""1"", ""status_desc"": ""GSTR request succeeds"", ""detailResponse"": {""irp"": ""NIC1"", ""data"": {""docNo"": ""SINV-2026-0055"", ""ewbNo"": 111012249399, ""status"": ""ACT"", ""docDate"": ""20/08/2026"", ""docType"": ""INV"", ""genMode"": ""API"", ""toAddr1"": ""Bengaluru"", ""toAddr2"": """", ""toGstin"": ""29AWGPV7107B1Z1"", ""toPlace"": ""Bangalore North"", ""itemList"": [{""itemNo"": 1, ""hsnCode"": 73069090, ""qtyUnit"": ""NOS"", ""cessRate"": 0, ""cgstRate"": 6, ""igstRate"": 0, ""quantity"": 1, ""sgstRate"": 6, ""productId"": 0, ""productDesc"": ""Ball Valve 4 Inch_244"", ""productName"": """", ""cessNonAdvol"": 0, ""taxableAmount"": 6344}, {""itemNo"": 2, ""hsnCode"": 996799, ""qtyUnit"": ""OTH"", ""cessRate"": 0, ""cgstRate"": 9, ""igstRate"": 0, ""quantity"": 1, ""sgstRate"": 9, ""productId"": 0, ""productDesc"": ""Freight/Shipping Charges"", ""productName"": """", ""cessNonAdvol"": 0, ""taxableAmount"": 85.5}, {""itemNo"": 3, ""hsnCode"": 997158, ""qtyUnit"": ""OTH"", ""cessRate"": 0, ""cgstRate"": 9, ""igstRate"": 0, ""quantity"": 1, ""sgstRate"": 9, ""productId"": 0, ""productDesc"": ""Payment Gateway/Processing Charges"", ""productName"": """", ""cessNonAdvol"": 0, ""taxableAmount"": 110.04}], ""cessValue"": 0, ""cgstValue"": 398.24, ""fromAddr1"": ""MIDC Phase 2"", ""fromAddr2"": ""Pune, Maharashtra"", ""fromGstin"": ""29AAGCB1286Q000"", ""fromPlace"": ""Pune"", ""igstValue"": 0, ""sgstValue"": 398.24, ""toPincode"": 560001, ""toTrdName"": ""kalyan Magar"", ""userGstin"": ""29AAGCB1286Q000"", ""validUpto"": ""25/08/2026 11:59:00 PM"", ""actualDist"": 840, ""otherValue"": 0, ""supplyType"": ""O"", ""totalValue"": 6539.54, ""fromPincode"": 411001, ""fromTrdName"": ""Infoproys Commerce Private Limited"", ""noValidDays"": 5, ""toStateCode"": 29, ""totInvValue"": 7336.02, ""vehicleType"": ""R"", ""ewayBillDate"": ""20/08/2026 06:46:00 PM"", ""rejectStatus"": ""N"", ""extendedTimes"": 0, ""fromStateCode"": 29, ""subSupplyType"": ""1  "", ""transporterId"": ""12AWGPV7107B1Z1"", ""actToStateCode"": 29, ""transactionType"": 3, ""transporterName"": ""Delhivery"", ""actFromStateCode"": 27, ""VehiclListDetails"": [{""groupNo"": ""0"", ""updMode"": ""API"", ""fromPlace"": ""Pune"", ""fromState"": 27, ""transMode"": ""1"", ""tripshtNo"": 0, ""vehicleNo"": ""KA12ER1234"", ""transDocNo"": ""ddsfsf"", ""enteredDate"": ""20/08/2026 06:46:00 PM"", ""transDocDate"": ""20/08/2026"", ""userGSTINTransin"": ""29AAGCB1286Q000""}], ""cessNonAdvolValue"": 0}, ""status_cd"": ""1"", ""status_desc"": ""EWAYBILL request succeeds""}}",2026-08-20 13:15:36.379276,
55,151,DELIVERY_CHALLAN,4.0,,,,,,12AWGPV7107B1Z1,Delhivery,KA12ER1234,1.0,0.0,FAILED,,,"{""docNo"": ""DCHL-2026-0004"", ""docDate"": ""20/08/2026"", ""docType"": ""CHL"", ""toAddr1"": ""Office No 12, Tech Park Road"", ""toAddr2"": ""Phase 2, Business District"", ""toGstin"": ""29AAGCB1286Q000"", ""toPlace"": ""Bengaluru"", ""itemList"": [{""hsnCode"": 73069090, ""qtyUnit"": ""NOS"", ""cessRate"": 0, ""cgstRate"": 6, ""igstRate"": 0, ""quantity"": 1, ""sgstRate"": 6, ""productDesc"": ""Ball Valve 4 Inch_244"", ""productName"": ""Ball Valve 4 Inch_244"", ""cessNonadvol"": 0, ""taxableAmount"": 6344}], ""cessValue"": 0, ""cgstValue"": 380.64, ""fromAddr1"": ""Bengaluru"", ""fromAddr2"": ""Bengaluru"", ""fromGstin"": ""29AWGPV7107B1Z1"", ""fromPlace"": ""Bangalore North"", ""igstValue"": 0, ""sgstValue"": 380.64, ""toPincode"": 560001, ""toTrdName"": ""Infoproys Commerce Private Limited"", ""transMode"": ""1"", ""vehicleNo"": ""KA12ER1234"", ""otherValue"": 0, ""supplyType"": ""I"", ""totalValue"": 6344, ""transDocNo"": ""fdsfdferd"", ""fromPincode"": 560001, ""fromTrdName"": ""kalyan Magar"", ""toStateCode"": 29, ""totInvValue"": 7105.28, ""vehicleType"": ""R"", ""transDocDate"": ""20/08/2026"", ""fromStateCode"": 29, ""subSupplyDesc"": """", ""subSupplyType"": ""7"", ""transDistance"": ""0"", ""transporterId"": ""12AWGPV7107B1Z1"", ""actToStateCode"": 29, ""transactionType"": 1, ""transporterName"": ""Delhivery"", ""actFromStateCode"": 29, ""cessNonAdvolValue"": 0}","{""irp"": ""NIC1"", ""info"": "", The distance between the given pincodes are not available in the system."", ""error"": [{""errorCode"": ""721"", ""errorMessage"": ""721""}], ""status_cd"": ""0""}",2026-08-20 13:21:47.110213,
56,151,DELIVERY_CHALLAN,4.0,,181012249402.0,20/08/2026 06:53:00 PM,21/08/2026 11:59:00 PM,,12AWGPV7107B1Z1,Delhivery,KA12ER1234,1.0,10.0,ACT,,,"{""docNo"": ""DCHL-2026-0004"", ""docDate"": ""20/08/2026"", ""docType"": ""CHL"", ""toAddr1"": ""Office No 12, Tech Park Road"", ""toAddr2"": ""Phase 2, Business District"", ""toGstin"": ""29AAGCB1286Q000"", ""toPlace"": ""Bengaluru"", ""itemList"": [{""hsnCode"": 73069090, ""qtyUnit"": ""NOS"", ""cessRate"": 0, ""cgstRate"": 6, ""igstRate"": 0, ""quantity"": 1, ""sgstRate"": 6, ""productDesc"": ""Ball Valve 4 Inch_244"", ""productName"": ""Ball Valve 4 Inch_244"", ""cessNonadvol"": 0, ""taxableAmount"": 6344}], ""cessValue"": 0, ""cgstValue"": 380.64, ""fromAddr1"": ""Bengaluru"", ""fromAddr2"": ""Bengaluru"", ""fromGstin"": ""29AWGPV7107B1Z1"", ""fromPlace"": ""Bangalore North"", ""igstValue"": 0, ""sgstValue"": 380.64, ""toPincode"": 560001, ""toTrdName"": ""Infoproys Commerce Private Limited"", ""transMode"": ""1"", ""vehicleNo"": ""KA12ER1234"", ""otherValue"": 0, ""supplyType"": ""I"", ""totalValue"": 6344, ""transDocNo"": ""fdsfdferd"", ""fromPincode"": 560001, ""fromTrdName"": ""kalyan Magar"", ""toStateCode"": 29, ""totInvValue"": 7105.28, ""vehicleType"": ""R"", ""transDocDate"": ""20/08/2026"", ""fromStateCode"": 29, ""subSupplyDesc"": """", ""subSupplyType"": ""7"", ""transDistance"": ""10"", ""transporterId"": ""12AWGPV7107B1Z1"", ""actToStateCode"": 29, ""transactionType"": 1, ""transporterName"": ""Delhivery"", ""actFromStateCode"": 29, ""cessNonAdvolValue"": 0}","{""irp"": ""NIC1"", ""data"": {""alert"": """", ""validUpto"": ""21/08/2026 11:59:00 PM"", ""ewayBillNo"": 181012249402, ""ewayBillDate"": ""20/08/2026 06:53:00 PM""}, ""status_cd"": ""1"", ""status_desc"": ""EWAYBILL request succeeds"", ""detailResponse"": {""irp"": ""NIC1"", ""data"": {""docNo"": ""DCHL-2026-0004"", ""ewbNo"": 181012249402, ""status"": ""ACT"", ""docDate"": ""20/08/2026"", ""docType"": ""CHL"", ""genMode"": ""API"", ""toAddr1"": ""Office No 12, Tech Park Road"", ""toAddr2"": ""Phase 2, Business District"", ""toGstin"": ""29AAGCB1286Q000"", ""toPlace"": ""Bengaluru"", ""itemList"": [{""itemNo"": 1, ""hsnCode"": 73069090, ""qtyUnit"": ""NOS"", ""cessRate"": 0, ""cgstRate"": 6, ""igstRate"": 0, ""quantity"": 1, ""sgstRate"": 6, ""productId"": 0, ""productDesc"": ""Ball Valve 4 Inch_244"", ""productName"": ""Ball Valve 4 Inch_244"", ""cessNonAdvol"": 0, ""taxableAmount"": 6344}], ""cessValue"": 0, ""cgstValue"": 380.64, ""fromAddr1"": ""Bengaluru"", ""fromAddr2"": ""Bengaluru"", ""fromGstin"": ""29AWGPV7107B1Z1"", ""fromPlace"": ""Bangalore North"", ""igstValue"": 0, ""sgstValue"": 380.64, ""toPincode"": 560001, ""toTrdName"": ""Infoproys Commerce Private Limited"", ""userGstin"": ""29AAGCB1286Q000"", ""validUpto"": ""21/08/2026 11:59:00 PM"", ""actualDist"": 10, ""otherValue"": 0, ""supplyType"": ""I"", ""totalValue"": 6344, ""fromPincode"": 560001, ""fromTrdName"": ""kalyan Magar"", ""noValidDays"": 1, ""toStateCode"": 29, ""totInvValue"": 7105.28, ""vehicleType"": ""R"", ""ewayBillDate"": ""20/08/2026 06:53:00 PM"", ""rejectStatus"": ""N"", ""extendedTimes"": 0, ""fromStateCode"": 29, ""subSupplyType"": ""7  "", ""transporterId"": ""12AWGPV7107B1Z1"", ""actToStateCode"": 29, ""transactionType"": 1, ""transporterName"": ""Delhivery"", ""actFromStateCode"": 29, ""VehiclListDetails"": [{""groupNo"": ""0"", ""updMode"": ""API"", ""fromPlace"": ""Bangalore North"", ""fromState"": 29, ""transMode"": ""1"", ""tripshtNo"": 0, ""vehicleNo"": ""KA12ER1234"", ""transDocNo"": ""fdsfdferd"", ""enteredDate"": ""20/08/2026 06:53:00 PM"", ""transDocDate"": ""20/08/2026"", ""userGSTINTransin"": ""29AAGCB1286Q000""}], ""cessNonAdvolValue"": 0}, ""status_cd"": ""1"", ""status_desc"": ""EWAYBILL request succeeds""}}",2026-08-20 13:22:38.228185,
57,141,SINV,,31.0,191012249405.0,20/08/2026 06:59:00 PM,25/08/2026 11:59:00 PM,,27AAPCS9575E1ZN,Mahesh,KA12ER1234,1.0,840.0,CNL,dfdfdf,,"{""Irn"": ""b469a89a7cf66223ae20f0d656fa6378cdab4bb245336841c0bc936b745117f8"", ""VehNo"": ""KA12ER1234"", ""TransId"": ""27AAPCS9575E1ZN"", ""VehType"": ""R"", ""Distance"": 0, ""TransMode"": ""1"", ""TransName"": ""Mahesh"", ""TransDocDt"": ""20/08/2026"", ""TransDocNo"": ""LR12345678"", ""_lastOperation"": {""at"": ""2026-08-20T13:29:41.583Z"", ""payload"": {""ewbNo"": 191012249405, ""cancelRmrk"": ""dfdfdf"", ""cancelRsnCode"": 3}, ""operation"": ""cancel""}}","{""irp"": ""NIC1"", ""data"": {""cancelDate"": ""20/08/2026 07:00:00 PM"", ""ewayBillNo"": ""191012249405""}, ""status_cd"": ""1"", ""status_desc"": ""EWAYBILL request succeeds""}",2026-08-20 13:28:40.923287,2026-08-20 13:29:41
58,141,SINV,,31.0,101012249408.0,20/08/2026 07:01:00 PM,25/08/2026 11:59:00 PM,,27AAPCS9575E1ZN,Mahesh,KA12ER1234,1.0,840.0,ACT,,,"{""Irn"": ""b469a89a7cf66223ae20f0d656fa6378cdab4bb245336841c0bc936b745117f8"", ""VehNo"": ""KA12ER1234"", ""TransId"": ""27AAPCS9575E1ZN"", ""VehType"": ""R"", ""Distance"": 0, ""TransMode"": ""1"", ""TransName"": ""Mahesh"", ""TransDocDt"": ""20/08/2026""}","{""irp"": ""NIC1"", ""data"": {""EwbDt"": ""2026-08-20 19:01:00"", ""EwbNo"": 101012249408, ""EwbValidTill"": ""2026-08-25 23:59:00""}, ""status_cd"": ""1"", ""status_desc"": ""GSTR request succeeds"", ""detailResponse"": {""irp"": ""NIC1"", ""data"": {""docNo"": ""SINV-2026-0053"", ""ewbNo"": 101012249408, ""status"": ""ACT"", ""docDate"": ""18/08/2026"", ""docType"": ""INV"", ""genMode"": ""API"", ""toAddr1"": ""Bengaluru"", ""toAddr2"": """", ""toGstin"": ""29AWGPV7107B1Z1"", ""toPlace"": ""Bangalore North"", ""itemList"": [{""itemNo"": 1, ""hsnCode"": 73069090, ""qtyUnit"": ""NOS"", ""cessRate"": 0, ""cgstRate"": 6, ""igstRate"": 0, ""quantity"": 1, ""sgstRate"": 6, ""productId"": 0, ""productDesc"": ""Eccentric Reducer_398"", ""productName"": """", ""cessNonAdvol"": 0, ""taxableAmount"": 1635}, {""itemNo"": 2, ""hsnCode"": 996799, ""qtyUnit"": ""OTH"", ""cessRate"": 0, ""cgstRate"": 9, ""igstRate"": 0, ""quantity"": 1, ""sgstRate"": 9, ""productId"": 0, ""productDesc"": ""Freight/Shipping Charges"", ""productName"": """", ""cessNonAdvol"": 0, ""taxableAmount"": 85.5}, {""itemNo"": 3, ""hsnCode"": 997158, ""qtyUnit"": ""OTH"", ""cessRate"": 0, ""cgstRate"": 9, ""igstRate"": 0, ""quantity"": 1, ""sgstRate"": 9, ""productId"": 0, ""productDesc"": ""Payment Gateway/Processing Charges"", ""productName"": """", ""cessNonAdvol"": 0, ""taxableAmount"": 29.5}], ""cessValue"": 0, ""cgstValue"": 108.46, ""fromAddr1"": ""MIDC Phase 2"", ""fromAddr2"": ""Pune, Maharashtra"", ""fromGstin"": ""29AAGCB1286Q000"", ""fromPlace"": ""Pune"", ""igstValue"": 0, ""sgstValue"": 108.46, ""toPincode"": 560001, ""toTrdName"": ""kalyan Magar"", ""userGstin"": ""29AAGCB1286Q000"", ""validUpto"": ""25/08/2026 11:59:00 PM"", ""actualDist"": 840, ""otherValue"": 0, ""supplyType"": ""O"", ""totalValue"": 1750, ""fromPincode"": 411001, ""fromTrdName"": ""Infoproys Commerce Private Limited"", ""noValidDays"": 5, ""toStateCode"": 29, ""totInvValue"": 1966.92, ""vehicleType"": ""R"", ""ewayBillDate"": ""20/08/2026 07:01:00 PM"", ""rejectStatus"": ""N"", ""extendedTimes"": 0, ""fromStateCode"": 29, ""subSupplyType"": ""1  "", ""transporterId"": ""27AAPCS9575E1ZN"", ""actToStateCode"": 29, ""transactionType"": 3, ""transporterName"": ""Mahesh"", ""actFromStateCode"": 27, ""VehiclListDetails"": [{""groupNo"": ""0"", ""updMode"": ""API"", ""fromPlace"": ""Pune"", ""fromState"": 27, ""transMode"": ""1"", ""tripshtNo"": 0, ""vehicleNo"": ""KA12ER1234"", ""transDocNo"": """", ""enteredDate"": ""20/08/2026 07:01:00 PM"", ""transDocDate"": ""20/08/2026"", ""userGSTINTransin"": ""29AAGCB1286Q000""}], ""cessNonAdvolValue"": 0}, ""status_cd"": ""1"", ""status_desc"": ""EWAYBILL request succeeds""}}",2026-08-20 13:31:03.700317,
59,139,DELIVERY_CHALLAN,3.0,,,,,,27AAPCS9575E1ZN,Delhivery,KA12ER1234,1.0,14.0,FAILED,,,"{""docNo"": ""DCHL-2026-0003"", ""docDate"": ""20/08/2026"", ""docType"": ""CHL"", ""toAddr1"": ""Office No 12, Tech Park Road"", ""toAddr2"": ""Phase 2, Business District"", ""toGstin"": ""29AAGCB1286Q000"", ""toPlace"": ""Bengaluru"", ""itemList"": [{""hsnCode"": 73069090, ""qtyUnit"": ""NOS"", ""cessRate"": 0, ""cgstRate"": 6, ""igstRate"": 0, ""quantity"": 1, ""sgstRate"": 6, ""productDesc"": ""Eccentric Reducer_162"", ""productName"": ""Eccentric Reducer_162"", ""cessNonadvol"": 0, ""taxableAmount"": 1478}], ""cessValue"": 0, ""cgstValue"": 88.68, ""fromAddr1"": ""Bengaluru"", ""fromAddr2"": ""Bengaluru"", ""fromGstin"": ""29AWGPV7107B1Z1"", ""fromPlace"": ""Bangalore North"", ""igstValue"": 0, ""sgstValue"": 88.68, ""toPincode"": 560001, ""toTrdName"": ""Infoproys Commerce Private Limited"", ""transMode"": ""1"", ""vehicleNo"": ""KA12ER1234"", ""otherValue"": 0, ""supplyType"": ""I"", ""totalValue"": 1478, ""transDocNo"": ""LR12345678"", ""fromPincode"": 560001, ""fromTrdName"": ""kalyan Magar"", ""toStateCode"": 29, ""totInvValue"": 1655.36, ""vehicleType"": ""R"", ""transDocDate"": ""20/08/2026"", ""fromStateCode"": 29, ""subSupplyDesc"": """", ""subSupplyType"": ""7"", ""transDistance"": ""14"", ""transporterId"": ""27AAPCS9575E1ZN"", ""actToStateCode"": 29, ""transactionType"": 1, ""transporterName"": ""Delhivery"", ""actFromStateCode"": 29, ""cessNonAdvolValue"": 0}","{""irp"": ""NIC1"", ""error"": [{""errorCode"": ""604"", ""errorMessage"": ""604""}], ""status_cd"": ""0""}",2026-08-20 13:38:28.625403,
60,139,DELIVERY_CHALLAN,3.0,,,,,,27AAPCS9575E1ZN,Delhivery,KA12ER1234,1.0,14.0,FAILED,,,"{""docNo"": ""DCHL-2026-0003"", ""docDate"": ""20/08/2026"", ""docType"": ""CHL"", ""toAddr1"": ""Office No 12, Tech Park Road"", ""toAddr2"": ""Phase 2, Business District"", ""toGstin"": ""29AAGCB1286Q000"", ""toPlace"": ""Bengaluru"", ""itemList"": [{""hsnCode"": 73069090, ""qtyUnit"": ""NOS"", ""cessRate"": 0, ""cgstRate"": 6, ""igstRate"": 0, ""quantity"": 1, ""sgstRate"": 6, ""productDesc"": ""Eccentric Reducer_162"", ""productName"": ""Eccentric Reducer_162"", ""cessNonadvol"": 0, ""taxableAmount"": 1478}], ""cessValue"": 0, ""cgstValue"": 88.68, ""fromAddr1"": ""Bengaluru"", ""fromAddr2"": ""Bengaluru"", ""fromGstin"": ""29AWGPV7107B1Z1"", ""fromPlace"": ""Bangalore North"", ""igstValue"": 0, ""sgstValue"": 88.68, ""toPincode"": 560001, ""toTrdName"": ""Infoproys Commerce Private Limited"", ""transMode"": ""1"", ""vehicleNo"": ""KA12ER1234"", ""otherValue"": 0, ""supplyType"": ""I"", ""totalValue"": 1478, ""transDocNo"": ""LR12345678"", ""fromPincode"": 560001, ""fromTrdName"": ""kalyan Magar"", ""toStateCode"": 29, ""totInvValue"": 1655.36, ""vehicleType"": ""R"", ""transDocDate"": ""20/08/2026"", ""fromStateCode"": 29, ""subSupplyDesc"": """", ""subSupplyType"": ""7"", ""transDistance"": ""14"", ""transporterId"": ""27AAPCS9575E1ZN"", ""actToStateCode"": 29, ""transactionType"": 1, ""transporterName"": ""Delhivery"", ""actFromStateCode"": 29, ""cessNonAdvolValue"": 0}","{""irp"": ""NIC1"", ""error"": [{""errorCode"": ""604"", ""errorMessage"": ""604""}], ""status_cd"": ""0""}",2026-08-20 13:39:25.114526,
61,139,DELIVERY_CHALLAN,3.0,,,,,,27AAPCS9575E1ZN,Delhivery,KA12ER1234,1.0,14.0,FAILED,,,"{""docNo"": ""DCHL-2026-0003"", ""docDate"": ""20/08/2026"", ""docType"": ""CHL"", ""toAddr1"": ""Office No 12, Tech Park Road"", ""toAddr2"": ""Phase 2, Business District"", ""toGstin"": ""29AAGCB1286Q000"", ""toPlace"": ""Bengaluru"", ""itemList"": [{""hsnCode"": 73069090, ""qtyUnit"": ""NOS"", ""cessRate"": 0, ""cgstRate"": 6, ""igstRate"": 0, ""quantity"": 1, ""sgstRate"": 6, ""productDesc"": ""Eccentric Reducer_162"", ""productName"": ""Eccentric Reducer_162"", ""cessNonadvol"": 0, ""taxableAmount"": 1478}], ""cessValue"": 0, ""cgstValue"": 88.68, ""fromAddr1"": ""Bengaluru"", ""fromAddr2"": ""Bengaluru"", ""fromGstin"": ""29AWGPV7107B1Z1"", ""fromPlace"": ""Bangalore North"", ""igstValue"": 0, ""sgstValue"": 88.68, ""toPincode"": 560001, ""toTrdName"": ""Infoproys Commerce Private Limited"", ""transMode"": ""1"", ""vehicleNo"": ""KA12ER1234"", ""otherValue"": 0, ""supplyType"": ""I"", ""totalValue"": 1478, ""transDocNo"": ""LR12345679"", ""fromPincode"": 560001, ""fromTrdName"": ""kalyan Magar"", ""toStateCode"": 29, ""totInvValue"": 1655.36, ""vehicleType"": ""R"", ""transDocDate"": ""20/08/2026"", ""fromStateCode"": 29, ""subSupplyDesc"": """", ""subSupplyType"": ""7"", ""transDistance"": ""14"", ""transporterId"": ""27AAPCS9575E1ZN"", ""actToStateCode"": 29, ""transactionType"": 1, ""transporterName"": ""Delhivery"", ""actFromStateCode"": 29, ""cessNonAdvolValue"": 0}","{""irp"": ""NIC1"", ""error"": [{""errorCode"": ""604"", ""errorMessage"": ""604""}], ""status_cd"": ""0""}",2026-08-20 13:39:51.525182,
62,139,DELIVERY_CHALLAN,3.0,,,,,,27AAPCS9575E1ZN,Delhivery,KA12ER1234,1.0,14.0,FAILED,,,"{""docNo"": ""DCHL-2026-0003"", ""docDate"": ""20/08/2026"", ""docType"": ""CHL"", ""toAddr1"": ""Office No 12, Tech Park Road"", ""toAddr2"": ""Phase 2, Business District"", ""toGstin"": ""29AAGCB1286Q000"", ""toPlace"": ""Bengaluru"", ""itemList"": [{""hsnCode"": 73069090, ""qtyUnit"": ""NOS"", ""cessRate"": 0, ""cgstRate"": 6, ""igstRate"": 0, ""quantity"": 1, ""sgstRate"": 6, ""productDesc"": ""Eccentric Reducer_162"", ""productName"": ""Eccentric Reducer_162"", ""cessNonadvol"": 0, ""taxableAmount"": 1478}], ""cessValue"": 0, ""cgstValue"": 88.68, ""fromAddr1"": ""Bengaluru"", ""fromAddr2"": ""Bengaluru"", ""fromGstin"": ""29AWGPV7107B1Z1"", ""fromPlace"": ""Bangalore North"", ""igstValue"": 0, ""sgstValue"": 88.68, ""toPincode"": 560001, ""toTrdName"": ""Infoproys Commerce Private Limited"", ""transMode"": ""1"", ""vehicleNo"": ""KA12ER1234"", ""otherValue"": 0, ""supplyType"": ""I"", ""totalValue"": 1478, ""transDocNo"": ""sdwqwedcdsf"", ""fromPincode"": 560001, ""fromTrdName"": ""kalyan Magar"", ""toStateCode"": 29, ""totInvValue"": 1655.36, ""vehicleType"": ""R"", ""transDocDate"": ""20/08/2026"", ""fromStateCode"": 29, ""subSupplyDesc"": """", ""subSupplyType"": ""7"", ""transDistance"": ""14"", ""transporterId"": ""27AAPCS9575E1ZN"", ""actToStateCode"": 29, ""transactionType"": 1, ""transporterName"": ""Delhivery"", ""actFromStateCode"": 29, ""cessNonAdvolValue"": 0}","{""irp"": ""NIC1"", ""error"": [{""errorCode"": ""604"", ""errorMessage"": ""604""}], ""status_cd"": ""0""}",2026-08-20 13:40:22.470251,
63,139,DELIVERY_CHALLAN,3.0,,,,,,27AAPCS9575E1ZN,Delhivery,KA12ER1234,1.0,14.0,FAILED,,,"{""docNo"": ""DCHL-2026-0003"", ""docDate"": ""20/08/2026"", ""docType"": ""CHL"", ""toAddr1"": ""Office No 12, Tech Park Road"", ""toAddr2"": ""Phase 2, Business District"", ""toGstin"": ""29AAGCB1286Q000"", ""toPlace"": ""Bengaluru"", ""itemList"": [{""hsnCode"": 73069090, ""qtyUnit"": ""NOS"", ""cessRate"": 0, ""cgstRate"": 6, ""igstRate"": 0, ""quantity"": 1, ""sgstRate"": 6, ""productDesc"": ""Eccentric Reducer_162"", ""productName"": ""Eccentric Reducer_162"", ""cessNonadvol"": 0, ""taxableAmount"": 1478}], ""cessValue"": 0, ""cgstValue"": 88.68, ""fromAddr1"": ""Bengaluru"", ""fromAddr2"": ""Bengaluru"", ""fromGstin"": ""29AWGPV7107B1Z1"", ""fromPlace"": ""Bangalore North"", ""igstValue"": 0, ""sgstValue"": 88.68, ""toPincode"": 560001, ""toTrdName"": ""Infoproys Commerce Private Limited"", ""transMode"": ""1"", ""vehicleNo"": ""KA12ER1234"", ""otherValue"": 0, ""supplyType"": ""I"", ""totalValue"": 1478, ""transDocNo"": ""LR12yyyy"", ""fromPincode"": 560001, ""fromTrdName"": ""kalyan Magar"", ""toStateCode"": 29, ""totInvValue"": 1655.36, ""vehicleType"": ""R"", ""transDocDate"": ""20/08/2026"", ""fromStateCode"": 29, ""subSupplyDesc"": """", ""subSupplyType"": ""7"", ""transDistance"": ""14"", ""transporterId"": ""27AAPCS9575E1ZN"", ""actToStateCode"": 29, ""transactionType"": 1, ""transporterName"": ""Delhivery"", ""actFromStateCode"": 29, ""cessNonAdvolValue"": 0}","{""irp"": ""NIC1"", ""error"": [{""errorCode"": ""604"", ""errorMessage"": ""604""}], ""status_cd"": ""0""}",2026-08-20 13:44:36.367581,
64,139,DELIVERY_CHALLAN,3.0,,,,,,27AAPCS9575E1ZN,Delhivery,KA12ER1234,1.0,0.0,FAILED,,,"{""docNo"": ""DCHL-2026-0003"", ""docDate"": ""20/08/2026"", ""docType"": ""CHL"", ""toAddr1"": ""Office No 12, Tech Park Road"", ""toAddr2"": ""Phase 2, Business District"", ""toGstin"": ""29AAGCB1286Q000"", ""toPlace"": ""Bengaluru"", ""itemList"": [{""hsnCode"": 73069090, ""qtyUnit"": ""NOS"", ""cessRate"": 0, ""cgstRate"": 6, ""igstRate"": 0, ""quantity"": 1, ""sgstRate"": 6, ""productDesc"": ""Eccentric Reducer_162"", ""productName"": ""Eccentric Reducer_162"", ""cessNonadvol"": 0, ""taxableAmount"": 1478}], ""cessValue"": 0, ""cgstValue"": 88.68, ""fromAddr1"": ""Bengaluru"", ""fromAddr2"": ""Bengaluru"", ""fromGstin"": ""29AWGPV7107B1Z1"", ""fromPlace"": ""Bangalore North"", ""igstValue"": 0, ""sgstValue"": 88.68, ""toPincode"": 560001, ""toTrdName"": ""Infoproys Commerce Private Limited"", ""transMode"": ""1"", ""vehicleNo"": ""KA12ER1234"", ""otherValue"": 0, ""supplyType"": ""I"", ""totalValue"": 1478, ""transDocNo"": ""LR12yyyy"", ""fromPincode"": 560001, ""fromTrdName"": ""kalyan Magar"", ""toStateCode"": 29, ""totInvValue"": 1655.36, ""vehicleType"": ""R"", ""transDocDate"": ""20/08/2026"", ""fromStateCode"": 29, ""subSupplyDesc"": """", ""subSupplyType"": ""7"", ""transDistance"": ""0"", ""transporterId"": ""27AAPCS9575E1ZN"", ""actToStateCode"": 29, ""transactionType"": 1, ""transporterName"": ""Delhivery"", ""actFromStateCode"": 29, ""cessNonAdvolValue"": 0}","{""irp"": ""NIC1"", ""info"": "", The distance between the given pincodes are not available in the system."", ""error"": [{""errorCode"": ""604"", ""errorMessage"": ""604""}, {""errorCode"": ""721"", ""errorMessage"": ""721""}], ""status_cd"": ""0""}",2026-08-20 14:01:14.166786,
65,139,DELIVERY_CHALLAN,3.0,,,,,,27AAPCS9575E1ZN,Delhivery,KA12ER1234,1.0,15.0,FAILED,,,"{""docNo"": ""DCHL-2026-0003"", ""docDate"": ""20/08/2026"", ""docType"": ""CHL"", ""toAddr1"": ""Office No 12, Tech Park Road"", ""toAddr2"": ""Phase 2, Business District"", ""toGstin"": ""29AAGCB1286Q000"", ""toPlace"": ""Bengaluru"", ""itemList"": [{""hsnCode"": 73069090, ""qtyUnit"": ""NOS"", ""cessRate"": 0, ""cgstRate"": 6, ""igstRate"": 0, ""quantity"": 1, ""sgstRate"": 6, ""productDesc"": ""Eccentric Reducer_162"", ""productName"": ""Eccentric Reducer_162"", ""cessNonadvol"": 0, ""taxableAmount"": 1478}], ""cessValue"": 0, ""cgstValue"": 88.68, ""fromAddr1"": ""Bengaluru"", ""fromAddr2"": ""Bengaluru"", ""fromGstin"": ""29AWGPV7107B1Z1"", ""fromPlace"": ""Bangalore North"", ""igstValue"": 0, ""sgstValue"": 88.68, ""toPincode"": 560001, ""toTrdName"": ""Infoproys Commerce Private Limited"", ""transMode"": ""1"", ""vehicleNo"": ""KA12ER1234"", ""otherValue"": 0, ""supplyType"": ""I"", ""totalValue"": 1478, ""transDocNo"": ""LR12yyyy"", ""fromPincode"": 560001, ""fromTrdName"": ""kalyan Magar"", ""toStateCode"": 29, ""totInvValue"": 1655.36, ""vehicleType"": ""R"", ""transDocDate"": ""20/08/2026"", ""fromStateCode"": 29, ""subSupplyDesc"": """", ""subSupplyType"": ""7"", ""transDistance"": ""15"", ""transporterId"": ""27AAPCS9575E1ZN"", ""actToStateCode"": 29, ""transactionType"": 1, ""transporterName"": ""Delhivery"", ""actFromStateCode"": 29, ""cessNonAdvolValue"": 0}","{""irp"": ""NIC1"", ""error"": [{""errorCode"": ""604"", ""errorMessage"": ""604""}], ""status_cd"": ""0""}",2026-08-20 14:01:33.567477,
66,156,SINV,,,,,,,29AAPCS9575E1ZN,Mahesh,MH12AB1234,1.0,0.0,FAILED,,,"{""docNo"": ""SINV-2026-0056"", ""docDate"": ""20/08/2026"", ""docType"": ""INV"", ""toAddr1"": ""Pune"", ""toAddr2"": ""Wakad"", ""toGstin"": ""URP"", ""toPlace"": ""Pune"", ""itemList"": [{""hsnCode"": 73269099, ""qtyUnit"": ""NOS"", ""cessRate"": 0, ""cgstRate"": 0, ""igstRate"": 18, ""quantity"": 1, ""sgstRate"": 0, ""productDesc"": ""Stainless Spring Clamp"", ""productName"": ""Stainless Spring Clamp"", ""cessNonadvol"": 0, ""taxableAmount"": 1074}], ""cessValue"": 0, ""cgstValue"": 0, ""fromAddr1"": ""Office No 12, Tech Park Road"", ""fromAddr2"": ""Phase 2, Business District"", ""fromGstin"": ""29AAGCB1286Q000"", ""fromPlace"": ""Bengaluru"", ""igstValue"": 208.71, ""sgstValue"": 0, ""toPincode"": 411057, ""toTrdName"": ""Smita"", ""transMode"": ""1"", ""vehicleNo"": ""MH12AB1234"", ""otherValue"": 85.5, ""supplyType"": ""O"", ""totalValue"": 1074, ""transDocNo"": """", ""fromPincode"": 560001, ""fromTrdName"": ""Infoproys Commerce Private Limited"", ""toStateCode"": 27, ""totInvValue"": 1368.21, ""vehicleType"": ""R"", ""transDocDate"": ""21/08/2026"", ""fromStateCode"": 29, ""subSupplyDesc"": """", ""subSupplyType"": ""1"", ""transDistance"": ""0"", ""transporterId"": ""29AAPCS9575E1ZN"", ""actToStateCode"": 27, ""transactionType"": 1, ""transporterName"": ""Mahesh"", ""actFromStateCode"": 29, ""cessNonAdvolValue"": 0}","{""irp"": ""NIC1"", ""error"": [{""errorCode"": ""222"", ""errorMessage"": ""222""}], ""status_cd"": ""0""}",2026-08-21 04:23:19.585510,
67,156,SINV,,,,,,,29AAPCS9575E1ZN,Mahesh,MH12AB1234,1.0,0.0,FAILED,,,"{""docNo"": ""SINV-2026-0056"", ""docDate"": ""20/08/2026"", ""docType"": ""INV"", ""toAddr1"": ""Pune"", ""toAddr2"": ""Wakad"", ""toGstin"": ""URP"", ""toPlace"": ""Pune"", ""itemList"": [{""hsnCode"": 73269099, ""qtyUnit"": ""NOS"", ""cessRate"": 0, ""cgstRate"": 0, ""igstRate"": 18, ""quantity"": 1, ""sgstRate"": 0, ""productDesc"": ""Stainless Spring Clamp"", ""productName"": ""Stainless Spring Clamp"", ""cessNonadvol"": 0, ""taxableAmount"": 1074}], ""cessValue"": 0, ""cgstValue"": 0, ""fromAddr1"": ""Office No 12, Tech Park Road"", ""fromAddr2"": ""Phase 2, Business District"", ""fromGstin"": ""29AAGCB1286Q000"", ""fromPlace"": ""Bengaluru"", ""igstValue"": 208.71, ""sgstValue"": 0, ""toPincode"": 411057, ""toTrdName"": ""Smita"", ""transMode"": ""1"", ""vehicleNo"": ""MH12AB1234"", ""otherValue"": 85.5, ""supplyType"": ""O"", ""totalValue"": 1074, ""transDocNo"": """", ""fromPincode"": 560001, ""fromTrdName"": ""Infoproys Commerce Private Limited"", ""toStateCode"": 27, ""totInvValue"": 1368.21, ""vehicleType"": ""R"", ""transDocDate"": ""21/08/2026"", ""fromStateCode"": 29, ""subSupplyDesc"": """", ""subSupplyType"": ""1"", ""transDistance"": ""0"", ""transporterId"": ""29AAPCS9575E1ZN"", ""actToStateCode"": 27, ""transactionType"": 1, ""transporterName"": ""Mahesh"", ""actFromStateCode"": 29, ""cessNonAdvolValue"": 0}","{""irp"": ""NIC1"", ""error"": [{""errorCode"": ""222"", ""errorMessage"": ""222""}], ""status_cd"": ""0""}",2026-08-21 04:23:48.134705,
68,156,SINV,,,,,,,29AAPCS9575E1ZN,Mahesh,MH12AB1234,1.0,0.0,FAILED,,,"{""docNo"": ""SINV-2026-0056"", ""docDate"": ""20/08/2026"", ""docType"": ""INV"", ""toAddr1"": ""Pune"", ""toAddr2"": ""Wakad"", ""toGstin"": ""URP"", ""toPlace"": ""Pune"", ""itemList"": [{""hsnCode"": 73269099, ""qtyUnit"": ""NOS"", ""cessRate"": 0, ""cgstRate"": 0, ""igstRate"": 18, ""quantity"": 1, ""sgstRate"": 0, ""productDesc"": ""Stainless Spring Clamp"", ""productName"": ""Stainless Spring Clamp"", ""cessNonadvol"": 0, ""taxableAmount"": 1074}], ""cessValue"": 0, ""cgstValue"": 0, ""fromAddr1"": ""Office No 12, Tech Park Road"", ""fromAddr2"": ""Phase 2, Business District"", ""fromGstin"": ""29AAGCB1286Q000"", ""fromPlace"": ""Bengaluru"", ""igstValue"": 208.71, ""sgstValue"": 0, ""toPincode"": 411057, ""toTrdName"": ""Smita"", ""transMode"": ""1"", ""vehicleNo"": ""MH12AB1234"", ""otherValue"": 85.5, ""supplyType"": ""O"", ""totalValue"": 1074, ""transDocNo"": """", ""fromPincode"": 560001, ""fromTrdName"": ""Infoproys Commerce Private Limited"", ""toStateCode"": 27, ""totInvValue"": 1368.21, ""vehicleType"": ""R"", ""transDocDate"": ""21/08/2026"", ""fromStateCode"": 29, ""subSupplyDesc"": """", ""subSupplyType"": ""1"", ""transDistance"": ""0"", ""transporterId"": ""29AAPCS9575E1ZN"", ""actToStateCode"": 27, ""transactionType"": 1, ""transporterName"": ""Mahesh"", ""actFromStateCode"": 29, ""cessNonAdvolValue"": 0}","{""irp"": ""NIC1"", ""error"": [{""errorCode"": ""222"", ""errorMessage"": ""222""}], ""status_cd"": ""0""}",2026-08-21 04:24:08.688084,
69,156,SINV,,,151012251028.0,21/08/2026 10:12:00 AM,26/08/2026 11:59:00 PM,,12AWGPV7107B1Z1,Mahesh,MH12AB1234,1.0,853.0,CNL,mn,,"{""docNo"": ""SINV-2026-0056"", ""docDate"": ""20/08/2026"", ""docType"": ""INV"", ""toAddr1"": ""Pune"", ""toAddr2"": ""Wakad"", ""toGstin"": ""URP"", ""toPlace"": ""Pune"", ""itemList"": [{""hsnCode"": 73269099, ""qtyUnit"": ""NOS"", ""cessRate"": 0, ""cgstRate"": 0, ""igstRate"": 18, ""quantity"": 1, ""sgstRate"": 0, ""productDesc"": ""Stainless Spring Clamp"", ""productName"": ""Stainless Spring Clamp"", ""cessNonadvol"": 0, ""taxableAmount"": 1074}], ""cessValue"": 0, ""cgstValue"": 0, ""fromAddr1"": ""Office No 12, Tech Park Road"", ""fromAddr2"": ""Phase 2, Business District"", ""fromGstin"": ""29AAGCB1286Q000"", ""fromPlace"": ""Bengaluru"", ""igstValue"": 208.71, ""sgstValue"": 0, ""toPincode"": 411057, ""toTrdName"": ""Smita"", ""transMode"": ""1"", ""vehicleNo"": ""MH12AB1234"", ""otherValue"": 85.5, ""supplyType"": ""O"", ""totalValue"": 1074, ""transDocNo"": """", ""fromPincode"": 560001, ""fromTrdName"": ""Infoproys Commerce Private Limited"", ""toStateCode"": 27, ""totInvValue"": 1368.21, ""vehicleType"": ""R"", ""transDocDate"": ""21/08/2026"", ""fromStateCode"": 29, ""subSupplyDesc"": """", ""subSupplyType"": ""1"", ""transDistance"": ""0"", ""transporterId"": ""12AWGPV7107B1Z1"", ""_lastOperation"": {""at"": ""2026-08-21T04:43:16.203Z"", ""payload"": {""ewbNo"": 151012251028, ""cancelRmrk"": ""mn"", ""cancelRsnCode"": 1}, ""operation"": ""cancel""}, ""actToStateCode"": 27, ""transactionType"": 1, ""transporterName"": ""Mahesh"", ""actFromStateCode"": 29, ""cessNonAdvolValue"": 0}","{""irp"": ""NIC1"", ""data"": {""cancelDate"": ""21/08/2026 10:13:00 AM"", ""ewayBillNo"": ""151012251028""}, ""status_cd"": ""1"", ""status_desc"": ""EWAYBILL request succeeds""}",2026-08-21 04:42:29.268238,2026-08-21 04:43:16
70,172,SINV,,33.0,141012251913.0,22/08/2026 05:02:00 PM,01/09/2026 11:59:00 PM,,12AWGPV7107B1Z1,Delivery,KA12ER1234,1.0,1875.0,ACT,,,"{""Irn"": ""2642c67ca02ef26b930910deb085ef6ed6b399a6588e8b936e08398246559b6f"", ""VehNo"": ""KA12ER1234"", ""TransId"": ""12AWGPV7107B1Z1"", ""VehType"": ""R"", ""Distance"": 0, ""TransMode"": ""1"", ""TransName"": ""Delivery"", ""TransDocDt"": ""22/08/2026"", ""TransDocNo"": ""LR/1245/458""}","{""irp"": ""NIC1"", ""data"": {""EwbDt"": ""2026-08-22 17:02:00"", ""EwbNo"": 141012251913, ""EwbValidTill"": ""2026-09-01 23:59:00""}, ""status_cd"": ""1"", ""status_desc"": ""GSTR request succeeds"", ""detailResponse"": {""irp"": ""NIC1"", ""data"": {""docNo"": ""SINV-2026-0061"", ""ewbNo"": 141012251913, ""status"": ""ACT"", ""docDate"": ""22/08/2026"", ""docType"": ""INV"", ""genMode"": ""API"", ""toAddr1"": ""abc"", ""toAddr2"": """", ""toGstin"": ""29AWGPV7107B1Z1"", ""toPlace"": ""Ranikhet"", ""itemList"": [{""itemNo"": 1, ""hsnCode"": 732393, ""qtyUnit"": ""NOS"", ""cessRate"": 0, ""cgstRate"": 9, ""igstRate"": 0, ""quantity"": 1, ""sgstRate"": 9, ""productId"": 0, ""productDesc"": ""Stainless Steel Water Bottle"", ""productName"": """", ""cessNonAdvol"": 0, ""taxableAmount"": 750}, {""itemNo"": 2, ""hsnCode"": 996799, ""qtyUnit"": ""OTH"", ""cessRate"": 0, ""cgstRate"": 9, ""igstRate"": 0, ""quantity"": 1, ""sgstRate"": 9, ""productId"": 0, ""productDesc"": ""Freight/Shipping Charges"", ""productName"": """", ""cessNonAdvol"": 0, ""taxableAmount"": 85.5}], ""cessValue"": 0, ""cgstValue"": 75.2, ""fromAddr1"": ""MIDC Phase 2"", ""fromAddr2"": ""Pune, Maharashtra"", ""fromGstin"": ""29AAGCB1286Q000"", ""fromPlace"": ""Pune"", ""igstValue"": 0, ""sgstValue"": 75.2, ""toPincode"": 263652, ""toTrdName"": ""kalyan Magar"", ""userGstin"": ""29AAGCB1286Q000"", ""validUpto"": ""01/09/2026 11:59:00 PM"", ""actualDist"": 1875, ""otherValue"": 0, ""supplyType"": ""O"", ""totalValue"": 835.5, ""fromPincode"": 411001, ""fromTrdName"": ""Infoproys Commerce Private Limited"", ""noValidDays"": 10, ""toStateCode"": 29, ""totInvValue"": 985.9, ""vehicleType"": ""R"", ""ewayBillDate"": ""22/08/2026 05:02:00 PM"", ""rejectStatus"": ""N"", ""extendedTimes"": 0, ""fromStateCode"": 29, ""subSupplyType"": ""1  "", ""transporterId"": ""12AWGPV7107B1Z1"", ""actToStateCode"": 5, ""transactionType"": 4, ""transporterName"": ""Delivery"", ""actFromStateCode"": 27, ""VehiclListDetails"": [{""groupNo"": ""0"", ""updMode"": ""API"", ""fromPlace"": ""Pune"", ""fromState"": 27, ""transMode"": ""1"", ""tripshtNo"": 0, ""vehicleNo"": ""KA12ER1234"", ""transDocNo"": ""LR/1245/458"", ""enteredDate"": ""22/08/2026 05:02:00 PM"", ""transDocDate"": ""22/08/2026"", ""userGSTINTransin"": ""29AAGCB1286Q000""}], ""cessNonAdvolValue"": 0}, ""status_cd"": ""1"", ""status_desc"": ""EWAYBILL request succeeds""}}",2026-08-22 11:32:15.277917,
71,285,DELIVERY_CHALLAN,13.0,,,,,,,,KA12ER1234,1.0,0.0,FAILED,,,"{""docNo"": ""DC-260909-113647"", ""docDate"": ""09/09/2026"", ""docType"": ""CHL"", ""toAddr1"": ""Wakad, Pune"", ""toAddr2"": """", ""toGstin"": ""27AABCN4587K1Z5"", ""toPlace"": ""Pune"", ""itemList"": [{""hsnCode"": 84136010, ""qtyUnit"": ""NOS"", ""cessRate"": 0, ""cgstRate"": 0, ""igstRate"": 0, ""quantity"": 1, ""sgstRate"": 0, ""productDesc"": ""Hydraulic Gear Pump"", ""productName"": ""Hydraulic Gear Pump"", ""cessNonadvol"": 0, ""taxableAmount"": 4149}], ""cessValue"": 0, ""cgstValue"": 0, ""fromAddr1"": ""Office No 12, Tech Park Road"", ""fromAddr2"": ""Phase 2, Business District"", ""fromGstin"": ""URP"", ""fromPlace"": ""Bengaluru"", ""igstValue"": 0, ""sgstValue"": 0, ""toPincode"": 441057, ""toTrdName"": ""Nexora Industrial solution pvt. Ltd"", ""transMode"": ""1"", ""vehicleNo"": ""KA12ER1234"", ""otherValue"": 0, ""supplyType"": ""O"", ""totalValue"": 4149, ""transDocNo"": """", ""fromPincode"": 560001, ""fromTrdName"": ""Infoproys Commerce Private Limited"", ""toStateCode"": 27, ""totInvValue"": 4149, ""vehicleType"": ""R"", ""transDocDate"": """", ""fromStateCode"": 29, ""subSupplyDesc"": ""Hub to vendor return"", ""subSupplyType"": ""8"", ""transDistance"": ""0"", ""transporterId"": """", ""actToStateCode"": 27, ""transactionType"": 1, ""transporterName"": """", ""actFromStateCode"": 29, ""cessNonAdvolValue"": 0}","{""irp"": ""NIC1"", ""info"": "", The distance between the given pincodes are not available in the system."", ""error"": [{""errorCode"": ""212"", ""errorMessage"": ""212""}, {""errorCode"": ""611"", ""errorMessage"": ""611""}, {""errorCode"": ""721"", ""errorMessage"": ""721""}], ""status_cd"": ""0""}",2026-09-09 11:38:16.418005,
