payment_id,method,transaction_id,status,created_at,updated_at,isWalletUsed,userId,walletTransactionId,cart_coupon_id,cart_coupon_code,cart_coupon_type,checkout_idempotency_key,payment_gateway_id,idempotency_key,gateway_name,gateway_order_id,failure_reason,metadata,amount_legacy,amount,cart_coupon_discount_legacy,cart_coupon_discount,cart_coupon_discount_value_legacy,cart_coupon_discount_value,refunded_amount_legacy,refunded_amount
1,upi,MT58273413736IJ11,success,2026-08-04 07:09:00.646277,2026-09-05 08:50:35.016130,0,6,,,,,,2.0,,,,,,1947.59,194759,0.0,0,,0.0,0.0,0.0
2,upi,MT58292931596QWB3,success,2026-08-04 07:41:32.614599,2026-09-05 08:50:35.016130,0,6,,,,,,2.0,,,,,,1947.59,194759,0.0,0,,0.0,0.0,0.0
3,upi,MT58309090796S55T,success,2026-08-04 08:08:28.615229,2026-09-05 08:50:35.016130,0,6,,,,,,2.0,,,,,,1947.59,194759,0.0,0,,0.0,0.0,0.0
4,upi,MT583267345461GZF,success,2026-08-04 08:37:53.146585,2026-09-05 08:50:35.016130,0,6,,,,,,2.0,,,,,,1947.59,194759,0.0,0,,0.0,0.0,0.0
5,COD,EXCHANGE-4-1785833240735,success,2026-08-04 08:47:20.735839,2026-09-05 08:50:35.016130,0,6,,,,,,,,,,,,0.0,0,0.0,0,,0.0,0.0,0.0
6,upi,MT58362912026A4DR,success,2026-08-04 09:38:10.907212,2026-09-05 08:50:35.016130,0,6,,,,,,2.0,,,,,,1947.59,194759,0.0,0,,0.0,0.0,0.0
7,upi,MT583724578564GER,success,2026-08-04 09:54:05.491408,2026-09-05 08:50:35.016130,0,6,,,,,,2.0,,,,,,5640.99,564099,0.0,0,,0.0,0.0,0.0
8,upi,MT58391453406MGF4,success,2026-08-04 10:25:44.755874,2026-09-05 08:50:35.016130,0,6,,,,,,2.0,,,,,,1947.59,194759,0.0,0,,0.0,0.0,0.0
9,netbanking,MT58404677834HWYH,success,2026-08-04 10:47:47.485886,2026-09-05 08:50:35.016130,0,4,,,,,,2.0,,,,,,1421.76,142176,0.0,0,,0.0,0.0,0.0
10,upi,MT58416464664G3BQ,success,2026-08-04 11:07:26.135256,2026-09-05 08:50:35.016130,0,4,,,,,,2.0,,,,,,1396.59,139659,0.0,0,,0.0,0.0,0.0
11,upi,MT584246731263WOH,success,2026-08-04 11:21:06.983369,2026-09-05 08:50:35.016130,0,6,,,,,,2.0,,,,,,1947.59,194759,0.0,0,,0.0,0.0,0.0
12,upi,MT58441572816H0FN,success,2026-08-04 11:49:17.034320,2026-09-05 08:50:35.016130,0,6,,,,,,2.0,,,,,,1947.59,194759,0.0,0,,0.0,0.0,0.0
13,upi,MT58458966406RL0B,success,2026-08-04 12:18:16.344868,2026-09-05 08:50:35.016130,0,6,,,,,,2.0,,,,,,1947.59,194759,0.0,0,,0.0,0.0,0.0
14,COD,EXCHANGE-11-1785846261665,success,2026-08-04 12:24:21.675986,2026-09-05 08:50:35.016130,0,6,,,,,,,,,,,,0.0,0,0.0,0,,0.0,0.0,0.0
15,netbanking,MT591989850369E45,success,2026-08-05 08:51:38.129376,2026-09-05 08:50:35.016130,0,6,,,,,,2.0,,,,,,1421.76,142176,0.0,0,,0.0,0.0,0.0
16,upi,MT59297500506MUX0,success,2026-08-05 11:35:49.691683,2026-09-05 08:50:35.016130,0,6,,,,,,2.0,,,,,,1947.59,194759,0.0,0,,0.0,0.0,0.0
17,upi,MT59329200886270B,success,2026-08-05 12:28:39.582942,2026-09-05 08:50:35.016130,0,6,,,,,,2.0,,,,,,1947.59,194759,0.0,0,,0.0,0.0,0.0
18,netbanking,MT59954938828ERGR,success,2026-08-06 05:51:33.262881,2026-09-05 08:50:35.016130,0,8,,,,,,2.0,,,,,,1421.76,142176,0.0,0,,0.0,0.0,0.0
19,netbanking,MT59971379848OVBM,success,2026-08-06 06:18:57.616656,2026-09-05 08:50:35.016130,0,8,,,,,,2.0,,,,,,1982.68,198268,0.0,0,,0.0,0.0,0.0
20,netbanking,MT60024920899KQST,success,2026-08-06 07:48:11.692567,2026-09-05 08:50:35.016130,0,9,,,,,,2.0,,,,,,1421.76,142176,0.0,0,,0.0,0.0,0.0
21,netbanking,MT600461266998QNF,success,2026-08-06 08:23:32.237325,2026-09-05 08:50:35.016130,0,9,,,,,,2.0,,,,,,1421.76,142176,0.0,0,,0.0,0.0,0.0
22,upi,MT60333916046AERV,success,2026-08-06 16:23:10.217357,2026-09-05 08:50:35.016130,0,6,,,,,,2.0,,,,,,1947.59,194759,0.0,0,,0.0,0.0,0.0
23,netbanking,MT60732789056DZL3,success,2026-08-07 03:27:58.667557,2026-09-05 08:50:35.016130,0,6,,,,,,2.0,,,,,,1421.76,142176,0.0,0,,0.0,0.0,0.0
24,upi,MT607334732160MBF,success,2026-08-07 03:29:07.109406,2026-09-05 08:50:35.016130,0,6,,,,,,2.0,,,,,,1947.59,194759,0.0,0,,0.0,0.0,0.0
25,COD,EXCHANGE-14-1786077240158,success,2026-08-07 04:34:00.169864,2026-09-05 08:50:35.016130,0,6,,,,,,,,,,,,0.0,0,0.0,0,,0.0,0.0,0.0
26,COD,EXCHANGE-15-1786077569963,success,2026-08-07 04:39:29.971658,2026-09-05 08:50:35.016130,0,6,,,,,,,,,,,,0.0,0,0.0,0,,0.0,0.0,0.0
27,netbanking,MT60782281106XQLO,success,2026-08-07 04:50:27.808024,2026-09-05 08:50:35.016130,0,6,,,,,,2.0,,,,,,1421.76,142176,0.0,0,,0.0,0.0,0.0
28,netbanking,MT6078844823487MD,success,2026-08-07 05:00:44.481989,2026-09-05 08:50:35.016130,0,4,,,,,,2.0,,,,,,1421.76,142176,0.0,0,,0.0,0.0,0.0
29,COD,EXCHANGE-16-1786079385393,success,2026-08-07 05:09:45.391152,2026-09-05 08:50:35.016130,0,6,,,,,,,,,,,,0.0,0,0.0,0,,0.0,0.0,0.0
30,upi,MT60804596716YV2H,success,2026-08-07 05:27:39.288395,2026-09-05 08:50:35.016130,0,6,,,,,,2.0,,,,,,1947.59,194759,0.0,0,,0.0,0.0,0.0
31,upi,MT6082172044677WA,success,2026-08-07 05:56:11.750765,2026-09-05 08:50:35.016130,0,6,,,,,,2.0,,,,,,1947.59,194759,0.0,0,,0.0,0.0,0.0
32,COD,EXCHANGE-18-1786083040461,success,2026-08-07 06:10:40.474987,2026-09-05 08:50:35.016130,0,6,,,,,,,,,,,,0.0,0,0.0,0,,0.0,0.0,0.0
33,netbanking,MT60921038606PDTL,success,2026-08-07 08:41:43.416689,2026-09-05 08:50:35.016130,0,6,,,,,,2.0,,,,,,1421.76,142176,0.0,0,,0.0,0.0,0.0
34,COD,EXCHANGE-19-1786092388467,success,2026-08-07 08:46:28.477371,2026-09-05 08:50:35.016130,0,6,,,,,,,,,,,,0.0,0,0.0,0,,0.0,0.0,0.0
35,upi,MT60927308546MYZN,success,2026-08-07 08:52:10.512289,2026-09-05 08:50:35.016130,0,6,,,,,,2.0,,,,,,1947.59,194759,0.0,0,,0.0,0.0,0.0
36,COD,EXCHANGE-20-1786093351001,success,2026-08-07 09:02:31.015597,2026-09-05 08:50:35.016130,0,6,,,,,,,,,,,,0.0,0,0.0,0,,0.0,0.0,0.0
37,netbanking,MT610009433391P8X,success,2026-08-07 10:54:54.046446,2026-09-05 08:50:35.016130,0,9,,,,,,2.0,,,,,,1421.76,142176,0.0,0,,0.0,0.0,0.0
38,netbanking,MT6100468902906RK,success,2026-08-07 11:01:08.600082,2026-09-05 08:50:35.016130,0,9,,,,,,2.0,,,,,,1421.76,142176,0.0,0,,0.0,0.0,0.0
39,netbanking,MT61025882369ZBWD,success,2026-08-07 11:36:27.959480,2026-09-05 08:50:35.016130,0,9,,,,,,2.0,,,,,,1421.76,142176,0.0,0,,0.0,0.0,0.0
40,upi,MT61119171329XAAN,success,2026-08-07 14:11:56.698090,2026-09-05 08:50:35.016130,0,9,,,,,,2.0,,,,,,1396.59,139659,0.0,0,,0.0,0.0,0.0
41,netbanking,MT61617725496F4UP,success,2026-08-08 04:02:52.298609,2026-09-05 08:50:35.016130,0,6,,,,,,2.0,,,,,,1421.76,142176,0.0,0,,0.0,0.0,0.0
42,COD,EXCHANGE-21-1786162131495,success,2026-08-08 04:08:51.503250,2026-09-05 08:50:35.016130,0,6,,,,,,,,,,,,0.0,0,0.0,0,,0.0,0.0,0.0
43,netbanking,MT61623218546F7E4,success,2026-08-08 04:12:01.566352,2026-09-05 08:50:35.016130,0,6,,,,,,2.0,,,,,,1421.76,142176,0.0,0,,0.0,0.0,0.0
44,COD,EXCHANGE-22-1786162582960,success,2026-08-08 04:16:22.970062,2026-09-05 08:50:35.016130,0,6,,,,,,,,,,,,0.0,0,0.0,0,,0.0,0.0,0.0
45,netbanking,MT61670886389XYXT,success,2026-08-08 05:31:28.413364,2026-09-05 08:50:35.016130,0,9,,,,,,2.0,,,,,,1421.76,142176,0.0,0,,0.0,0.0,0.0
46,upi,MT61735428956TGJ9,success,2026-08-08 07:19:02.489526,2026-09-05 08:50:35.016130,0,6,,,,,,2.0,,,,,,5067.51,506751,0.0,0,,0.0,0.0,0.0
47,upi,MT61782106656WGF9,success,2026-08-08 08:36:50.305640,2026-09-05 08:50:35.016130,0,6,,,,,,2.0,,,,,,2136.39,213639,0.0,0,,0.0,0.0,0.0
48,upi,MT61803056786L39F,success,2026-08-08 09:11:45.240438,2026-09-05 08:50:35.016130,0,6,,,,,,2.0,,,,,,2136.39,213639,0.0,0,,0.0,0.0,0.0
49,upi,MT61803732986X707,success,2026-08-08 09:12:53.059083,2026-09-05 08:50:35.016130,0,6,,,,,,2.0,,,,,,983.53,98353,0.0,0,,0.0,0.0,0.0
50,upi,MT61821765036YNVO,success,2026-08-08 09:42:56.278512,2026-09-05 08:50:35.016130,0,6,,,,,,2.0,,,,,,2136.39,213639,0.0,0,,0.0,0.0,0.0
51,upi,MT6184890711681K1,success,2026-08-08 10:28:10.002154,2026-09-05 08:50:35.016130,0,6,,,,,,2.0,,,,,,983.53,98353,0.0,0,,0.0,0.0,0.0
52,COD,EXCHANGE-23-1786185165203,success,2026-08-08 10:32:45.217144,2026-09-05 08:50:35.016130,0,6,,,,,,,,,,,,0.0,0,0.0,0,,0.0,0.0,0.0
53,upi,MT61868949076LSVZ,success,2026-08-08 11:01:34.225651,2026-09-05 08:50:35.016130,0,6,,,,,,2.0,,,,,,983.53,98353,0.0,0,,0.0,0.0,0.0
54,upi,MT634254763041SR1,success,2026-08-10 06:15:47.303466,2026-09-05 08:50:35.016130,0,4,,,,,,2.0,,,,,,1396.59,139659,0.0,0,,0.0,0.0,0.0
55,upi,MT63506827446HJKR,success,2026-08-10 08:31:22.137402,2026-09-05 08:50:35.016130,0,6,,,,,,2.0,,,,,,1947.59,194759,0.0,0,,0.0,0.0,0.0
56,upi,MT635188291266INZ,success,2026-08-10 08:51:22.555955,2026-09-05 08:50:35.016130,0,6,,,,,,2.0,,,,,,983.53,98353,0.0,0,,0.0,0.0,0.0
57,upi,MT63524105316YB6C,success,2026-08-10 09:00:10.204563,2026-09-05 08:50:35.016130,0,6,,,,,,2.0,,,,,,2136.39,213639,0.0,0,,0.0,0.0,0.0
58,upi,MT63527832146DUXL,success,2026-08-10 09:06:22.940024,2026-09-05 08:50:35.016130,0,6,,,,,,2.0,,,,,,1947.59,194759,0.0,0,,0.0,0.0,0.0
59,upi,MT63530769456T585,success,2026-08-10 09:11:16.639673,2026-09-05 08:50:35.016130,0,6,,,,,,2.0,,,,,,2136.39,213639,0.0,0,,0.0,0.0,0.0
60,upi,MT63535405216DTJM,success,2026-08-10 09:18:59.904501,2026-09-05 08:50:35.016130,0,6,,,,,,2.0,,,,,,2136.39,213639,0.0,0,,0.0,0.0,0.0
61,upi,MT63550819346CMH1,success,2026-08-10 09:44:41.668694,2026-09-05 08:50:35.016130,0,6,,,,,,2.0,,,,,,2136.39,213639,0.0,0,,0.0,0.0,0.0
62,upi,MT6357099464664I4,success,2026-08-10 10:18:19.133308,2026-09-05 08:50:35.016130,0,6,,,,,,2.0,,,,,,2136.39,213639,0.0,0,,0.0,0.0,0.0
63,upi,MT635933872266LAE,success,2026-08-10 10:55:37.926394,2026-09-05 08:50:35.016130,0,6,,,,,,2.0,,,,,,2136.39,213639,0.0,0,,0.0,0.0,0.0
64,upi,MT63760457136YQN6,success,2026-08-10 15:34:05.150677,2026-09-05 08:50:35.016130,0,6,,,,,,2.0,,,,,,2136.39,213639,0.0,0,,0.0,0.0,0.0
65,netbanking,MT64230003104QLRM,success,2026-08-11 04:36:39.890577,2026-09-05 08:50:35.016130,0,4,,,,,,2.0,,,,,,466.43,46643,0.0,0,,0.0,0.0,0.0
66,netbanking,MT642350544746KR0,success,2026-08-11 04:45:05.093850,2026-09-05 08:50:35.016130,0,4,,,,,,2.0,,,,,,466.43,46643,0.0,0,,0.0,0.0,0.0
67,netbanking,MT64249504874S7QK,success,2026-08-11 05:09:10.201442,2026-09-05 08:50:35.016130,0,4,,,,,,2.0,,,,,,466.43,46643,0.0,0,,0.0,0.0,0.0
68,upi,MT64297575919GQEE,success,2026-08-11 06:29:17.256257,2026-09-05 08:50:35.016130,0,9,,,,,,2.0,,,,,,2136.39,213639,0.0,0,,0.0,0.0,0.0
69,upi,MT64576294009L7AF,success,2026-08-11 14:13:48.440467,2026-09-05 08:50:35.016130,0,9,,,,,,2.0,,,,,,17228.59,1722859,0.0,0,,0.0,0.0,0.0
70,netbanking,MT6459787100956VZ,success,2026-08-11 14:49:46.562815,2026-09-05 08:50:35.016130,0,9,,,,,,2.0,,,,,,2174.89,217489,0.0,0,,0.0,0.0,0.0
71,netbanking,MT66121625074LPR4,success,2026-08-13 09:09:22.217495,2026-09-05 08:50:35.016130,0,4,,,,,,2.0,,,,,,12149.86,1214986,0.0,0,,0.0,0.0,0.0
72,upi,MT66123082406AQGV,success,2026-08-13 09:11:47.951982,2026-09-05 08:50:35.016130,0,6,,,,,,2.0,,,,,,2136.39,213639,0.0,0,,0.0,0.0,0.0
73,upi,MT66133017196X4M7,success,2026-08-13 09:28:21.002376,2026-09-05 08:50:35.016130,0,6,,,,,,2.0,,,,,,2136.39,213639,0.0,0,,0.0,0.0,0.0
74,upi,MT66173753996GAP3,success,2026-08-13 10:36:15.076609,2026-09-05 08:50:35.016130,0,6,,,,,,2.0,,,,,,1368.21,136821,0.0,0,,0.0,0.0,0.0
75,upi,MT661808685461L8E,success,2026-08-13 10:48:06.599811,2026-09-05 08:50:35.016130,0,6,,,,,,2.0,,,,,,1368.21,136821,0.0,0,,0.0,0.0,0.0
76,upi,MT66185701106MA8B,success,2026-08-13 10:56:09.844710,2026-09-05 08:50:35.016130,0,6,,,,,,2.0,,,,,,1368.21,136821,0.0,0,,0.0,0.0,0.0
77,upi,MT66215785216ZL52,success,2026-08-13 11:46:18.235500,2026-09-05 08:50:35.016130,0,6,,,,,,2.0,,,,,,1368.21,136821,0.0,0,,0.0,0.0,0.0
78,upi,MT66238973696GKGA,success,2026-08-13 12:24:57.093547,2026-09-05 08:50:35.016130,0,6,,,,,,2.0,,,,,,1368.21,136821,0.0,0,,0.0,0.0,0.0
79,netbanking,MT66889536914SEI8,success,2026-08-14 06:29:13.421495,2026-09-05 08:50:35.016130,0,4,,,,,,2.0,,,,,,14073.44,1407344,0.0,0,,0.0,0.0,0.0
80,netbanking,MT66891532754I09K,success,2026-08-14 06:32:32.440622,2026-09-05 08:50:35.016130,0,4,,,,,,2.0,,,,,,1787.9,178790,0.0,0,,0.0,0.0,0.0
81,netbanking,MT66900990454Q829,success,2026-08-14 06:48:18.757163,2026-09-05 08:50:35.016130,0,4,,,,,,2.0,,,,,,1001.25,100125,0.0,0,,0.0,0.0,0.0
82,netbanking,MT669107854740ZB4,success,2026-08-14 07:04:38.326600,2026-09-05 08:50:35.016130,0,4,,,,,,2.0,,,,,,1001.25,100125,0.0,0,,0.0,0.0,0.0
83,netbanking,MT6691643203480JY,success,2026-08-14 07:14:02.790002,2026-09-05 08:50:35.016130,0,4,,,,,,2.0,,,,,,1421.76,142176,0.0,0,,0.0,0.0,0.0
84,upi,MT66981468656GN2N,success,2026-08-14 09:02:26.210524,2026-09-05 08:50:35.016130,0,6,,,,,,2.0,,,,,,1368.21,136821,0.0,0,,0.0,0.0,0.0
85,netbanking,MT670507526147F7T,success,2026-08-14 10:57:54.734189,2026-09-05 08:50:35.016130,0,4,,,,,,2.0,,,,,,1001.26,100126,0.0,0,,0.0,0.0,0.0
86,netbanking,MT67051218574RADC,success,2026-08-14 10:58:41.496471,2026-09-05 08:50:35.016130,0,4,,,,,,2.0,,,,,,6804.71,680471,0.0,0,,0.0,0.0,0.0
87,netbanking,MT670540423941BKQ,success,2026-08-14 11:03:23.877795,2026-09-05 08:50:35.016130,0,4,,,,,,2.0,,,,,,466.44,46644,0.0,0,,0.0,0.0,0.0
88,WALLET,DUMMY-1786709694302-12382,success,2026-08-14 12:14:54.613174,2026-09-05 08:50:35.016130,1,6,,,,,,2.0,,,,,,1932.84,193284,0.0,0,,0.0,0.0,0.0
89,netbanking,MT694581580549EAP,success,2026-08-17 05:50:15.304155,2026-09-05 08:50:35.016130,0,4,,,,,,2.0,,,,,,8979.61,897961,0.0,0,,0.0,0.0,0.0
90,netbanking,MT694604472746ZO2,success,2026-08-17 05:54:04.428390,2026-09-05 08:50:35.016130,0,4,,,,,,2.0,,,,,,534.84,53484,0.0,0,,0.0,0.0,0.0
91,netbanking,MT69467323054QLQ5,success,2026-08-17 06:05:31.842937,2026-09-05 08:50:35.016130,0,4,,,,,,2.0,,,,,,1966.92,196692,0.0,0,,0.0,0.0,0.0
92,netbanking,MT6948803153462V5,success,2026-08-17 06:40:02.577335,2026-09-05 08:50:35.016130,0,4,,,,,,2.0,,,,,,3754.82,375482,0.0,0,,0.0,0.0,0.0
93,netbanking,MT69500804964E9HJ,success,2026-08-17 07:01:20.195715,2026-09-05 08:50:35.016130,0,4,,,,,,2.0,,,,,,1001.26,100126,0.0,0,,0.0,0.0,0.0
94,netbanking,MT70486539294DIC0,success,2026-08-18 10:24:13.213057,2026-09-05 08:50:35.016130,0,4,,,,,,2.0,,,,,,5100.44,510044,0.0,0,,0.0,0.0,0.0
95,netbanking,MT7052651221400KP,success,2026-08-18 11:30:50.538970,2026-09-05 08:50:35.016130,0,4,,,,,,2.0,,,,,,1536.1,153610,0.0,0,,0.0,0.0,0.0
96,upi,MT71300857336CO0S,success,2026-08-19 09:01:25.128020,2026-09-05 08:50:35.016130,0,6,,,,,,2.0,,,,,,2136.39,213639,0.0,0,,0.0,0.0,0.0
97,upi,MT71423226026E2YX,success,2026-08-19 12:25:21.820461,2026-09-05 08:50:35.016130,0,6,,,,,,2.0,,,,,,60074.39,6007439,0.0,0,,0.0,0.0,0.0
98,netbanking,MT714293788640A4S,success,2026-08-19 12:35:37.539814,2026-09-05 08:50:35.016130,0,4,,,,,,2.0,,,,,,1514.7,151470,0.0,0,,0.0,0.0,0.0
99,upi,MT72078862426K1GV,success,2026-08-20 06:38:05.722961,2026-09-05 08:50:35.016130,0,6,,,,,,2.0,,,,,,1368.21,136821,0.0,0,,0.0,0.0,0.0
100,upi,MT72308828636RZBC,success,2026-08-20 13:01:22.113249,2026-09-05 08:50:35.016130,0,6,,,,,,2.0,,,,,,60428.39,6042839,0.0,0,,0.0,0.0,0.0
101,netbanking,MT723149684648SIX,success,2026-08-20 13:11:36.411716,2026-09-05 08:50:35.016130,0,4,,,,,,2.0,,,,,,7336.02,733602,0.0,0,,0.0,0.0,0.0
102,upi,MT723167364868261,success,2026-08-20 13:14:33.324369,2026-09-05 08:50:35.016130,0,6,,,,,,2.0,,,,,,60428.39,6042839,0.0,0,,0.0,0.0,0.0
103,upi,MT72317856136U3HB,success,2026-08-20 13:16:25.360405,2026-09-05 08:50:35.016130,0,6,,,,,,2.0,,,,,,1368.21,136821,0.0,0,,0.0,0.0,0.0
104,upi,MT72324306136M3BY,success,2026-08-20 13:27:10.153505,2026-09-05 08:50:35.016130,0,6,,,,,,2.0,,,,,,1368.21,136821,0.0,0,,0.0,0.0,0.0
105,upi,MT72327150666S9QI,success,2026-08-20 13:31:54.735178,2026-09-05 08:50:35.016130,0,6,,,,,,2.0,,,,,,1368.21,136821,0.0,0,,0.0,0.0,0.0
106,netbanking,MT732571340762GFS,success,2026-08-21 15:21:53.065368,2026-09-05 08:50:35.016130,0,6,,,,,,2.0,,,,,,2595.33,259533,0.0,0,,0.0,0.0,0.0
107,netbanking,MT73259371546DSRY,success,2026-08-21 15:25:36.810702,2026-09-05 08:50:35.016130,0,6,,,,,,2.0,,,,,,2595.33,259533,0.0,0,,0.0,0.0,0.0
108,netbanking,MT73262979866IWW3,success,2026-08-21 15:31:37.641904,2026-09-05 08:50:35.016130,0,6,,,,,,2.0,,,,,,2595.33,259533,0.0,0,,0.0,0.0,0.0
109,netbanking,MT73804144316JRNV,success,2026-08-22 06:33:34.185023,2026-09-05 08:50:35.016130,0,6,,,,,,2.0,,,,,,2595.33,259533,0.0,0,,0.0,0.0,0.0
110,COD,EXCHANGE-31-1787380521609,success,2026-08-22 06:35:21.626281,2026-09-05 08:50:35.016130,0,6,,,,,,,,,,,,0.0,0,0.0,0,,0.0,0.0,0.0
111,COD,EXCHANGE-32-1787381114659,success,2026-08-22 06:45:14.675130,2026-09-05 08:50:35.016130,0,6,,,,,,,,,,,,0.0,0,0.0,0,,0.0,0.0,0.0
112,COD,EXCHANGE-33-1787381380202,success,2026-08-22 06:49:40.222229,2026-09-05 08:50:35.016130,0,6,,,,,,,,,,,,0.0,0,0.0,0,,0.0,0.0,0.0
113,upi,MT73903904774SIVT,success,2026-08-22 09:19:50.128046,2026-09-05 08:50:35.016130,0,4,,,,,,2.0,,,,,,985.9,98590,0.0,0,,0.0,0.0,0.0
114,netbanking,MT73909309124WYW3,success,2026-08-22 09:28:50.631074,2026-09-05 08:50:35.016130,0,4,,,,,,2.0,,,,,,2595.33,259533,0.0,0,,0.0,0.0,0.0
115,netbanking,MT73950264224XOYC,success,2026-08-22 10:37:06.129782,2026-09-05 08:50:35.016130,0,4,,,,,,2.0,,,,,,1003.65,100365,0.0,0,,0.0,0.0,0.0
116,netbanking,MT75626060314VC70,success,2026-08-24 09:10:05.570682,2026-09-05 08:50:35.016130,0,4,,,,,,2.0,,,,,,2595.33,259533,0.0,0,,0.0,0.0,0.0
117,netbanking,MT756755187146SSG,success,2026-08-24 10:32:31.547015,2026-09-05 08:50:35.016130,0,4,,,,,,2.0,,,,,,6420.47,642047,0.0,0,,0.0,0.0,0.0
118,netbanking,MT75703439274LL63,success,2026-08-24 11:19:03.576841,2026-09-05 08:50:35.016130,0,4,,,,,,2.0,,,,,,7767.19,776719,0.0,0,,0.0,0.0,0.0
119,netbanking,MT75720183024GCZ4,success,2026-08-24 11:46:57.856194,2026-09-05 08:50:35.016130,0,4,,,,,,2.0,,,,,,1421.77,142177,0.0,0,,0.0,0.0,0.0
120,netbanking,MT76351525394AZLY,success,2026-08-25 05:19:12.269633,2026-09-05 08:50:35.016130,0,4,,,,,,2.0,,,,,,8635.94,863594,0.0,0,,0.0,0.0,0.0
121,netbanking,MT76354523374GNEX,success,2026-08-25 05:24:11.992352,2026-09-05 08:50:35.016130,0,4,,,,,,2.0,,,,,,3834.64,383464,0.0,0,,0.0,0.0,0.0
122,netbanking,MT76356919924LICO,success,2026-08-25 05:28:11.454764,2026-09-05 08:50:35.016130,0,4,,,,,,2.0,,,,,,3834.64,383464,0.0,0,,0.0,0.0,0.0
123,netbanking,MT764997745944OL1,success,2026-08-25 09:26:16.939075,2026-09-05 08:50:35.016130,0,4,,,,,,2.0,,,,,,21721.77,2172177,0.0,0,,0.0,0.0,0.0
124,netbanking,MT7651020292413WR,success,2026-08-25 09:43:39.981334,2026-09-05 08:50:35.016130,0,4,,,,,,2.0,,,,,,7336.02,733602,0.0,0,,0.0,0.0,0.0
125,netbanking,MT765399766544ZSD,initiated,2026-08-25 10:33:17.381696,2026-09-05 08:50:35.016130,0,4,,,,,,2.0,,,,,,9428.37,942837,0.0,0,,0.0,0.0,0.0
126,netbanking,MT76565944574KDIE,success,2026-08-25 11:16:34.154408,2026-09-05 08:50:35.016130,0,4,,,,,,2.0,,,,,,1421.77,142177,0.0,0,,0.0,0.0,0.0
127,netbanking,MT76595536704VWFI,success,2026-08-25 12:05:53.395780,2026-09-05 08:50:35.016130,0,4,,,,,,2.0,,,,,,439.07,43907,0.0,0,,0.0,0.0,0.0
128,netbanking,MT76641242196662R,success,2026-08-25 13:22:03.710068,2026-09-05 08:50:35.016130,0,6,,,,,,2.0,,,,,,2595.33,259533,0.0,0,,0.0,0.0,0.0
129,COD,EXCHANGE-34-1787664820667,success,2026-08-25 13:33:40.674408,2026-09-05 08:50:35.016130,0,6,,,,,,,,,,,,0.0,0,0.0,0,,0.0,0.0,0.0
130,netbanking,MT766496203665XV0,success,2026-08-25 13:36:01.514325,2026-09-05 08:50:35.016130,0,6,,,,,,2.0,,,,,,2595.33,259533,0.0,0,,0.0,0.0,0.0
131,netbanking,MT772836465841G6K,failed,2026-08-26 07:12:44.301350,2026-09-05 08:50:35.016130,0,4,,,,,,2.0,,,,,,68853.28,6885328,0.0,0,,0.0,0.0,0.0
132,netbanking,MT772847727444LZ6,failed,2026-08-26 07:14:36.885378,2026-09-05 08:50:35.016130,0,4,,,,,,2.0,,,,,,1021.71,102171,0.0,0,,0.0,0.0,0.0
133,netbanking,MT77286656414MHY4,failed,2026-08-26 07:17:45.391029,2026-09-05 08:50:35.016130,0,4,,,,,,2.0,,,,,,1021.71,102171,0.0,0,,0.0,0.0,0.0
134,netbanking,MT77297647159JU48,failed,2026-08-26 07:36:04.410051,2026-09-05 08:50:35.016130,0,9,,,,,,2.0,,,,,,439.07,43907,0.0,0,,0.0,0.0,0.0
135,netbanking,MT77306668359Y86A,failed,2026-08-26 07:51:06.588497,2026-09-05 08:50:35.016130,0,9,,,,,,2.0,,,,,,104.08,10408,0.0,0,,0.0,0.0,0.0
136,netbanking,MT77312558074204M,failed,2026-08-26 08:00:55.540900,2026-09-05 08:50:35.016130,0,4,,,,,,2.0,,,,,,1867.72,186772,0.0,0,,0.0,0.0,0.0
137,netbanking,MT77367506959CL6N,success,2026-08-26 09:32:30.401447,2026-09-05 08:50:35.016130,0,9,,,,,,2.0,,,,,,1.36,136,0.0,0,,0.0,0.0,0.0
138,upi,MT77373296989J0FQ,failed,2026-08-26 09:42:09.373248,2026-09-05 08:50:35.016130,0,9,,,,,,2.0,,,,,,1.34,134,0.0,0,,0.0,0.0,0.0
139,upi,MT77441066196E9RW,failed,2026-08-26 11:35:06.302649,2026-09-05 08:50:35.016130,0,6,,,,,,2.0,,,,,,60327.5,6032750,0.0,0,,0.0,0.0,0.0
140,upi,MT7749871755892SO,failed,2026-08-26 13:11:11.406356,2026-09-05 08:50:35.016130,0,8,,,,,,2.0,,,,,,1.34,134,0.0,0,,0.0,0.0,0.0
141,upi,MT77519712068PU1P,failed,2026-08-26 13:46:10.883457,2026-09-05 08:50:35.016130,0,8,,,,,,2.0,,,,,,1.34,134,0.0,0,,0.0,0.0,0.0
142,upi,MT77523562794QL27,failed,2026-08-26 13:52:35.809618,2026-09-05 08:50:35.016130,0,4,,,,,,2.0,,,,,,1.34,134,0.0,0,,0.0,0.0,0.0
143,WALLET,DUMMY-1787764351248-28162,success,2026-08-26 17:12:31.458474,2026-09-05 08:50:35.016130,1,8,,,,,,2.0,,,,,,2448.5,244850,0.0,0,,0.0,0.0,0.0
144,WALLET,DUMMY-1787766993378-157,success,2026-08-26 17:56:33.632617,2026-09-05 08:50:35.016130,1,8,,,,,,2.0,,,,,,2448.5,244850,0.0,0,,0.0,0.0,0.0
145,WALLET,DUMMY-1787768016444-93255,success,2026-08-26 18:13:36.695144,2026-09-05 08:50:35.016130,1,8,,,,,,2.0,,,,,,2448.5,244850,0.0,0,,0.0,0.0,0.0
146,COD,EXCHANGE-38-1787768888873,success,2026-08-26 18:28:08.879625,2026-09-05 08:50:35.016130,0,8,,,,,,,,,,,,0.0,0,0.0,0,,0.0,0.0,0.0
147,netbanking,MT78049940384TFQQ,failed,2026-08-27 04:29:53.930101,2026-09-05 08:50:35.016130,0,4,,,,,,2.0,,,,,,1.36,136,0.0,0,,0.0,0.0,0.0
148,WALLET,DUMMY-1787809051858-97389,success,2026-08-27 05:37:32.191349,2026-09-05 08:50:35.016130,1,4,,,,,56dee0ea8416785f93b439eec65678e967548a05b97ec37fc8056502ccd89703,2.0,,,,,,10701.6,1070160,0.0,0,,0.0,0.0,0.0
149,WALLET,DUMMY-1787810568336-75990,success,2026-08-27 06:02:48.556750,2026-09-05 08:50:35.016130,1,4,,,,,1fb132e78448114253400b0ac71674156e77b638cd3d855d70b2369e516b4520,2.0,,,,,,5373.72,537372,0.0,0,,0.0,0.0,0.0
153,upi,MT78126765414B5NE,failed,2026-08-27 06:37:56.386265,2026-09-05 08:50:35.016130,0,4,,,,,,2.0,,,,,,1.34,134,0.0,0,,0.0,0.0,0.0
154,card,MT78127167664SML5,failed,2026-08-27 06:38:36.670908,2026-09-05 08:50:35.016130,0,4,,,,,,2.0,,,,,,1.37,137,0.0,0,,0.0,0.0,0.0
158,upi,MT78197057094FFNU,failed,2026-08-27 08:35:05.585355,2026-09-05 08:50:35.016130,0,4,,,,,,2.0,,,,,,6278.94,627894,0.0,0,,0.0,0.0,0.0
159,upi,MT78200071309P4BE,success,2026-08-27 08:40:06.995405,2026-09-05 08:50:35.016130,0,9,,,,,,2.0,,,,,,1.34,134,0.0,0,,0.0,0.0,0.0
160,netbanking,MT78200974249QISM,failed,2026-08-27 08:41:37.335531,2026-09-05 08:50:35.016130,0,9,,,,,,2.0,,,,,,1.36,136,0.0,0,,0.0,0.0,0.0
161,netbanking,MT78214820094QH6M,failed,2026-08-27 09:04:41.910458,2026-09-05 08:50:35.016130,0,4,,,,,,2.0,,,,,,17436.32,1743632,0.0,0,,0.0,0.0,0.0
162,upi,MT78215123174L8KR,failed,2026-08-27 09:05:12.219477,2026-09-05 08:50:35.016130,0,4,,,,,,2.0,,,,,,17127.7,1712770,0.0,0,,0.0,0.0,0.0
163,netbanking,MT78226103504XKK5,failed,2026-08-27 09:23:30.230553,2026-09-05 08:50:35.016130,0,4,,,,,,2.0,,,,,,5470.56,547056,0.0,0,,0.0,0.0,0.0
164,upi,MT78229468804RO11,failed,2026-08-27 09:29:06.743791,2026-09-05 08:50:35.016130,0,4,,,,,,2.0,,,,,,6276.44,627644,0.0,0,,0.0,0.0,0.0
165,card,MT782296423742K9Z,failed,2026-08-27 09:29:24.160526,2026-09-05 08:50:35.016130,0,4,,,,,,2.0,,,,,,6428.14,642814,0.0,0,,0.0,0.0,0.0
166,netbanking,MT782309071545K4B,failed,2026-08-27 09:31:30.606097,2026-09-05 08:50:35.016130,0,4,,,,,,2.0,,,,,,6389.54,638954,0.0,0,,0.0,0.0,0.0
167,netbanking,MT78232357904OFTW,pending,2026-08-27 09:33:55.674899,2026-09-05 08:50:35.016130,0,4,,,,,9da2e958ac4f6dac586732e4dfcd8b736db1a16864ad0d5c0ae39fd09abc41f9,2.0,,,,,,1.36,136,0.0,0,,0.0,0.0,0.0
168,card,MT78235551424N64Y,failed,2026-08-27 09:39:15.038700,2026-09-05 08:50:35.016130,0,4,,,,,,2.0,,,,,,7504.37,750437,0.0,0,,0.0,0.0,0.0
169,card,MT78236503854AAFI,pending,2026-08-27 09:40:49.992197,2026-09-05 08:50:35.016130,0,4,,,,,21c8fcff006352c2029cb20eed2832f5585318d0e75d13e7be1bb9c035d6417e,2.0,,,,,,1.37,137,0.0,0,,0.0,0.0,0.0
170,card,MT782688351792OQL,pending,2026-08-27 10:34:43.401263,2026-09-05 08:50:35.016130,0,9,,,,,e3096b596e61ced9aa5ae13f9444978a8d6c981229c06059356a395dc32f6ba0,2.0,,,,,,104.71,10471,0.0,0,,0.0,0.0,0.0
171,upi,MT78269840679OXTN,pending,2026-08-27 10:36:23.986130,2026-09-05 08:50:35.016130,0,9,,,,,3fb48c9923027a85509bbeaa76f7826112808c9e681f6bf6d48a01d9bc1d616d,2.0,,,,,,102.24,10224,0.0,0,,0.0,0.0,0.0
172,upi,MT78273821786IVB2,pending,2026-08-27 10:43:01.649463,2026-09-05 08:50:35.016130,0,6,,,,,f490d26c4d947a730b44703fbf9966a68fa4a9d7ffd234fbedd5946e71846ff1,2.0,,,,,,60428.39,6042839,0.0,0,,0.0,0.0,0.0
173,WALLET,DUMMY-1787828159272-11300,success,2026-08-27 10:55:59.478725,2026-09-05 08:50:35.016130,1,9,,,,,1e809f892ff49cc67221e3f3e183e5f8fda62a987ba43b8bb3f258063d2bf1aa,2.0,,,,,,1003.62,100362,0.0,0,,0.0,0.0,0.0
174,WALLET,DUMMY-1787828901738-510,success,2026-08-27 11:08:21.978611,2026-09-05 08:50:35.016130,1,6,,,,,,2.0,,,,,,1368.21,136821,0.0,0,,0.0,0.0,0.0
175,netbanking,MT790672521343AU9,pending,2026-08-28 08:45:25.052609,2026-09-05 08:50:35.016130,0,4,,,,,956fc21443d68b39d79df269b84efe5947be25f019f1c41c7808ec410b0e2b38,2.0,,,,,,2595.33,259533,0.0,0,,0.0,0.0,0.0
176,WALLET,DUMMY-1787985012144-29617,success,2026-08-29 06:30:12.470784,2026-09-05 08:50:35.016130,1,6,,,,,f2c392d764b92b18c1aa22eb80352ce01d2832aa6d3943ac5b112fc3f27f8333,2.0,,,,,,3332.09,333209,0.0,0,,0.0,0.0,0.0
177,upi,MT79874015006G8Q1,pending,2026-08-29 07:10:01.331687,2026-09-05 08:50:35.016130,0,6,,,,,48611a10d41a95fc2678396ea6e668f2ba774ed95c08606f4c01dac2abf5c15c,2.0,,,,,,3332.09,333209,0.0,0,,0.0,0.0,0.0
178,upi,MT79874646336G8U5,pending,2026-08-29 07:11:04.519838,2026-09-05 08:50:35.016130,0,6,,,,,f16429687884e0c83f34b35e78d409a9f369c9b3d597ec860b5257d2f4d31c90,2.0,,,,,,102.23,10223,0.0,0,,0.0,0.0,0.0
179,upi,MT79876138616C586,success,2026-08-29 07:13:33.722514,2026-09-05 08:50:35.016130,0,6,,,,,09772174acb983dfbb2844fecdb3e3ba5cf862450cf0f2473eae23b82c54f478,2.0,,,,,,102.23,10223,0.0,0,,0.0,0.0,0.0
180,WALLET,DUMMY-1788166668716-97073,success,2026-08-31 08:57:48.962531,2026-09-05 08:50:35.016130,1,8,,,,,4ab6214d9daec228c5b196df6e8e9ee8c31711ebc389a7255b542aa591f63f01,2.0,,,,,,2549.39,254939,0.0,0,,0.0,0.0,0.0
181,upi,MT81872689228W7DA,pending,2026-08-31 14:41:08.719475,2026-09-05 08:50:35.016130,0,8,,,,,e145430b2e300ee15b5825b9f58f71738c9b7a216ab520225a3a9258c4690606,2.0,,,,,,2549.39,254939,0.0,0,,0.0,0.0,0.0
182,upi,MT82370395604D764,pending,2026-09-01 04:30:39.400469,2026-09-05 08:50:35.016130,0,4,,,,,e9c798f6f3a058b65c1dcb2e7a126bf2e5f12a31e73ace59ba004aca9a0cec63,2.0,,,,,,102.24,10224,0.0,0,,0.0,0.0,0.0
183,upi,MT82405888854JAGD,pending,2026-09-01 05:27:17.325220,2026-09-05 08:50:35.016130,0,4,,,,,f82b8196aa078a397bc02a9f34c180d658dda467dede08eaa9b9da287940c4c3,2.0,,,,,,2651.64,265164,0.0,0,,0.0,0.0,0.0
184,upi,MT82450001034L56H,pending,2026-09-01 05:54:31.830693,2026-09-05 08:50:35.016130,0,4,,,,,cc38066a046a8a8be2d5dbc3a5c5d6e14fea4b883f03122ca68e4fe158450b0f,2.0,,,,,,2549.4,254940,0.0,0,,0.0,0.0,0.0
185,netbanking,MT82475782674Z4TW,pending,2026-09-01 07:26:18.139398,2026-09-05 08:50:35.016130,0,4,,,,,cf165b7c9b62d1520300e904184fed4796710abee9e07f56df0eb03d7fabf46b,2.0,,,,,,104.08,10408,0.0,0,,0.0,0.0,0.0
186,WALLET,DUMMY-1788254862992-36034,success,2026-09-01 09:27:43.205119,2026-09-05 08:50:35.016130,1,6,,,,,f9f501cdfb2c1994546defc5c56dbbc9932665b9e2b5d328207b8d01dec5b2f2,2.0,,,,,,102.23,10223,0.0,0,,0.0,0.0,0.0
187,card,MT83417325936US9C,failed,2026-09-01 11:27:04.598988,2026-09-05 08:50:35.016130,0,6,,,,,,2.0,,,,,,1994.66,199466,0.0,0,,0.0,0.0,0.0
188,WALLET,DUMMY-1788343789605-49233,success,2026-09-02 10:09:49.950787,2026-09-05 08:50:35.016130,1,6,,,,,,2.0,,,,,,1368.21,136821,0.0,0,,0.0,0.0,0.0
189,WALLET,DUMMY-1788343978467-82074,success,2026-09-02 10:12:58.689866,2026-09-05 08:50:35.016130,1,6,,,,,,2.0,,,,,,2136.39,213639,0.0,0,,0.0,0.0,0.0
190,WALLET,DUMMY-1788344395108-51238,success,2026-09-02 10:19:55.455815,2026-09-05 08:50:35.016130,1,6,,,,,,2.0,,,,,,1368.21,136821,0.0,0,,0.0,0.0,0.0
191,WALLET,DUMMY-1788344552230-72199,success,2026-09-02 10:22:32.499111,2026-09-05 08:50:35.016130,1,4,,,,,dddfa796c833e4c56700e1bb1bb9bdf2dc92aa970dc9bd4e592ebfb34631b950,2.0,,,,,,102.24,10224,0.0,0,,0.0,0.0,0.0
192,WALLET,DUMMY-1788345197155-13557,success,2026-09-02 10:33:17.564709,2026-09-05 08:50:35.016130,1,6,,,,,,2.0,,,,,,2136.39,213639,0.0,0,,0.0,0.0,0.0
193,upi,,pending,2026-09-02 11:42:53.687834,2026-09-05 08:50:35.016130,0,4,,,,,,2.0,,,,,,545.86,54586,0.0,0,,0.0,0.0,0.0
194,upi,MT83536256471400GI,pending,2026-09-02 12:53:45.210462,2026-09-05 08:50:35.016130,0,14,,,,,230700c290841cc76919373ec60087209c64c62aaae38466faf6c35db523ad09,2.0,,,,,,102.23,10223,0.0,0,,0.0,0.0,0.0
195,card,MT83575088176PJP4,pending,2026-09-02 13:58:28.735582,2026-09-05 08:50:35.016130,0,6,,,,,f92cadb86827b97828375fe17ac03c72cadcd7b6c6ef32b07acec6ba2b809a43,2.0,,,,,,2188.03,218803,0.0,0,,0.0,0.0,0.0
196,card,,pending,2026-09-02 14:15:42.934179,2026-09-05 08:50:35.016130,0,4,,,,,,2.0,,,,,,3170.08,317008,0.0,0,,0.0,0.0,0.0
197,netbanking,,pending,2026-09-02 14:15:55.503064,2026-09-05 08:50:35.016130,0,4,,,,,,2.0,,,,,,3151.02,315102,0.0,0,,0.0,0.0,0.0
198,card,MT83587000244U4J8,pending,2026-09-02 14:18:19.879084,2026-09-05 08:50:35.016130,0,4,,,,,abe264a40d5561646951889c79a894fd32643c663c29cf68a8a457407a83a218,2.0,,,,,,1007.31,100731,0.0,0,,0.0,0.0,0.0
199,netbanking,MT841077674643XBS,pending,2026-09-03 04:46:16.665706,2026-09-05 08:50:35.016130,0,4,,,,,7d1976b482c23f1629e8d87654822f596a32ca862886a52b2e67befd646f3c89,2.0,,,,,,1105.34,110534,0.0,0,,0.0,0.0,0.0
200,netbanking,,pending,2026-09-03 04:49:30.352490,2026-09-05 08:50:35.016130,0,4,,,,,,2.0,,,,,,10792.76,1079276,0.0,0,,0.0,0.0,0.0
201,WALLET,DUMMY-1788411751316-79490,success,2026-09-03 05:02:31.567442,2026-09-05 08:50:35.016130,1,6,,,,,00faffd2e33c79c66fcc4f744d5ff31fbceb80ccde5bcaf4687fb19f7bb3d568,2.0,,,,,,443.61,44361,0.0,0,,0.0,0.0,0.0
202,card,MT841179918362CRV,pending,2026-09-03 05:03:03.796463,2026-09-05 08:50:35.016130,0,6,,,,,b4f4da6c7251e37ef878dc7354bc7589c66d81817305ac6097106c98584d0caf,2.0,,,,,,104.7,10470,0.0,0,,0.0,0.0,0.0
203,WALLET,DUMMY-1788411945728-69972,success,2026-09-03 05:05:45.975841,2026-09-05 08:50:35.016130,1,6,,,,,,2.0,,,,,,10802.49,1080249,0.0,0,,0.0,0.0,0.0
204,WALLET,DUMMY-1788412133391-53159,success,2026-09-03 05:08:53.628091,2026-09-05 08:50:35.016130,1,6,,,,,,2.0,,,,,,1947.59,194759,0.0,0,,0.0,0.0,0.0
205,WALLET,DUMMY-1788414647222-71785,success,2026-09-03 05:50:47.518564,2026-09-05 08:50:35.016130,1,6,,,,,,2.0,,,,,,1368.21,136821,0.0,0,,0.0,0.0,0.0
206,WALLET,DUMMY-1788414846061-50071,success,2026-09-03 05:54:06.216800,2026-09-05 08:50:35.016130,1,14,,,,,,2.0,,,,,,102.23,10223,0.0,0,,0.0,0.0,0.0
207,WALLET,DUMMY-1788415485762-24207,success,2026-09-03 06:04:46.010837,2026-09-05 08:50:35.016130,1,14,,,,,,2.0,,,,,,102.23,10223,0.0,0,,0.0,0.0,0.0
208,WALLET,DUMMY-1788416349889-80633,success,2026-09-03 06:19:10.187820,2026-09-05 08:50:35.016130,1,4,,,,,874905870072070b1780f23a9733c57904205c6c24533e3687a3d4e3f531d3de,2.0,,,,,,2549.4,254940,0.0,0,,0.0,0.0,0.0
209,WALLET,DUMMY-1788416425193-17953,success,2026-09-03 06:20:25.420050,2026-09-05 08:50:35.016130,1,4,,,,,41722c6ec9e3a848d1ff5374ed758ff97fbbc8e0a0aab9284b6485d5b4ddf0d3,2.0,,,,,,1368.22,136822,0.0,0,,0.0,0.0,0.0
210,WALLET,DUMMY-1788417406353-23783,success,2026-09-03 06:36:46.641911,2026-09-05 08:50:35.016130,1,6,,,,,,2.0,,,,,,2136.39,213639,0.0,0,,0.0,0.0,0.0
211,WALLET,DUMMY-1788421609163-17407,success,2026-09-03 07:46:49.409313,2026-09-05 08:50:35.016130,1,14,,,,,,2.0,,,,,,107.72,10772,0.0,0,,0.0,0.0,0.0
212,WALLET,DUMMY-1788422153037-22947,success,2026-09-03 07:55:53.283923,2026-09-05 08:50:35.016130,1,14,,,,,,2.0,,,,,,107.72,10772,0.0,0,,0.0,0.0,0.0
213,WALLET,DUMMY-1788424751502-69729,success,2026-09-03 08:39:11.679600,2026-09-05 08:50:35.016130,1,6,,,,,,2.0,,,,,,1368.21,136821,0.0,0,,0.0,0.0,0.0
214,WALLET,DUMMY-1788425695866-43057,success,2026-09-03 08:54:56.199215,2026-09-05 08:50:35.016130,1,14,,,,,116d1eaeafe9e79ddd17426e0983e3429c3da19eedad89aa4b2d9b2595e4129c,2.0,,,,,,551.33,55133,0.0,0,,0.0,0.0,0.0
215,WALLET,DUMMY-1788425990533-38357,success,2026-09-03 08:59:50.836473,2026-09-05 08:50:35.016130,1,6,,,,,,2.0,,,,,,1368.21,136821,0.0,0,,0.0,0.0,0.0
216,WALLET,DUMMY-1788426945458-1825,success,2026-09-03 09:15:45.671155,2026-09-09 08:59:37,1,6,,,,,,2.0,,,,,,2136.39,213639,0.0,0,,0.0,0.0,0.0
217,WALLET,DUMMY-1788429269150-87271,success,2026-09-03 09:54:29.506391,2026-09-05 08:50:35.016130,1,14,,,,,85c9910ff2ee0f7bff1182ee3e4dfc3f719566a9c480ab52bf6e552b9985b189,2.0,,,,,,2549.39,254939,0.0,0,,0.0,0.0,0.0
218,WALLET,DUMMY-1788431395059-26088,success,2026-09-03 10:29:55.268683,2026-09-05 08:50:35.016130,1,6,,,,,,2.0,,,,,,1947.59,194759,0.0,0,,0.0,0.0,0.0
219,WALLET,DUMMY-1788432820102-4256,success,2026-09-03 10:53:40.323197,2026-09-10 08:59:58,1,4,,,,,,2.0,,,,,,107.74,10774,0.0,0,,0.0,0.0,0.0
220,WALLET,DUMMY-1788433424558-95187,success,2026-09-03 11:03:44.707740,2026-09-05 08:50:35.016130,1,14,,,,,9a2d2204df02f6c717b706dd5aee40accb450de015a5af537c49f536ca44d171,2.0,,,,,,10802.49,1080249,0.0,0,,0.0,0.0,0.0
221,WALLET,DUMMY-1788433505813-43176,success,2026-09-03 11:05:06.076741,2026-09-05 08:50:35.016130,1,14,,,,,37b40f5296504f52357ff2736060d4c4051cf415ae6432af3586a7f58ed2d658,2.0,,,,,,10802.49,1080249,0.0,0,,0.0,0.0,0.0
222,upi,MT843401812514XFYA,pending,2026-09-03 11:13:37.993601,2026-09-05 08:50:35.016130,0,14,,,,,d04a5392d0cd507a17f90d8be36d56b46ac7f8b1c159a6c9ced77b8c0eaf75ec,2.0,,,,,,3332.09,333209,0.0,0,,0.0,0.0,0.0
223,WALLET,DUMMY-1788434025524-56207,success,2026-09-03 11:13:45.765515,2026-09-09 11:19:17,1,14,,,,,,2.0,,,,,,3332.09,333209,0.0,0,,0.0,0.0,0.0
224,upi,,pending,2026-09-03 11:43:30.801478,2026-09-05 08:50:35.016130,0,4,,,,,,2.0,,,,,,107.74,10774,0.0,0,,0.0,0.0,0.0
225,upi,MT84358850474F0JD,pending,2026-09-03 11:44:44.938950,2026-09-05 08:50:35.016130,0,4,,,,,45e437f8313237d79aafc980e3609377837007259d4a527f54485e2529f651aa,2.0,,,,,,443.62,44362,0.0,0,,0.0,0.0,0.0
226,WALLET,DUMMY-1788436611214-80760,success,2026-09-03 11:56:51.390844,2026-09-08 12:17:37,1,4,,,,,,2.0,,,,,,443.62,44362,0.0,0,,0.0,0.0,0.0
227,WALLET,DUMMY-1788443881069-74016,success,2026-09-03 13:58:01.370980,2026-09-05 08:50:35.016130,1,14,,,,,61a4934611369cf0465563d438c575c21a2194c9a0280ad70fea07d0cf2ee782,2.0,,,,,,443.61,44361,0.0,0,,0.0,0.0,0.0
228,WALLET,DUMMY-1788443922680-49855,success,2026-09-03 13:58:42.923760,2026-09-05 08:50:35.016130,1,14,,,,,a741ca49ce7d54c02f82f43fa8e3566e3ac48709015d9aaa81497c0c051a33e9,2.0,,,,,,107.72,10772,0.0,0,,0.0,0.0,0.0
229,WALLET,DUMMY-1788495219821-35025,success,2026-09-04 04:13:40.079939,2026-09-05 08:50:35.016130,1,14,,,,,,2.0,,,,,,34320.89,3432089,0.0,0,,0.0,0.0,0.0
230,WALLET,DUMMY-1788497155125-82441,success,2026-09-04 04:45:55.342340,2026-09-05 08:50:35.016130,1,14,,,,,,2.0,,,,,,23700.89,2370089,0.0,0,,0.0,0.0,0.0
231,WALLET,DUMMY-1788498350684-22641,success,2026-09-04 05:05:50.912461,2026-09-05 08:50:35.016130,1,14,,,,,c941f539151dc9659fc97b745f10220e40435c61befb9f8f1385bcdd3b195df0,2.0,,,,,,23700.89,2370089,0.0,0,,0.0,0.0,0.0
232,WALLET,DUMMY-1788499069490-44570,success,2026-09-04 05:17:49.729355,2026-09-05 08:50:35.016130,1,9,,,,,b6f57004bd340f378f34b8b43e3af5754187a065a0e824ea72ed66249909ef25,2.0,,,,,,2549.4,254940,0.0,0,,0.0,0.0,0.0
233,WALLET,DUMMY-1788510793342-7633,success,2026-09-04 08:33:13.524368,2026-09-05 08:50:35.016130,1,6,,,,,,2.0,,,,,,1947.59,194759,0.0,0,,0.0,0.0,0.0
234,WALLET,DUMMY-1788514582459-8479,success,2026-09-04 09:36:22.693184,2026-09-05 08:50:35.016130,1,6,,,,,,2.0,,,,,,1368.21,136821,0.0,0,,0.0,0.0,0.0
235,WALLET,DUMMY-1788518678130-21099,success,2026-09-04 10:44:38.375488,2026-09-08 09:30:47,1,6,,,,,,2.0,,,,,,1947.59,194759,0.0,0,,0.0,0.0,0.0
236,WALLET,DUMMY-1788518888074-18598,success,2026-09-04 10:48:08.435207,2026-09-05 08:50:35.016130,1,14,,,,,30bc7474268e8d54f621df7970ccf59628ddbcf598eb3694bfbd00a0ab327373,2.0,,,,,,34320.89,3432089,0.0,0,,0.0,0.0,0.0
237,WALLET,DUMMY-1788524165232-15622,success,2026-09-04 12:16:05.556633,2026-09-05 08:50:35.016130,1,14,,,,,94dd4425b4cf03018074d40873072ae7079e7a29ed3726c7128bbc1dc844c4e4,2.0,,,,,,23700.89,2370089,0.0,0,,0.0,0.0,0.0
238,WALLET,DUMMY-1788588976485-65332,success,2026-09-05 06:16:16.759451,2026-09-05 10:39:57,1,6,,,,,,2.0,,,,,,5144.21,514421,0.0,0,,0.0,0.0,0.0
239,upi,,pending,2026-09-05 08:23:52.435412,2026-09-05 08:55:03,0,9,,,,,,2.0,,,,,,5144.22,514422,0.0,0,,0.0,0.0,0.0
240,netbanking,,pending,2026-09-05 08:24:02.976786,2026-09-05 08:55:03,0,9,,,,,,2.0,,,,,,5236.91,523691,0.0,0,,0.0,0.0,0.0
241,card,MT85966475589KZLH,pending,2026-09-05 08:24:07.468728,2026-09-05 08:50:35.016130,0,9,,,,,eb8465b84f3d2822568a2d84c95ce743527832d0ea49d53a1aac512ecd448d5d,2.0,,,,,,5268.55,526855,0.0,0,,0.0,0.0,0.0
242,upi,MT85987133459282G,pending,2026-09-05 08:58:33.184195,2026-09-05 09:18:34,0,9,,,,,f343fedee4665e56497512725d8c099bce5ee0d169877dd4d4c7f820fdbba72f,2.0,,,,,,,514422,,0,,,,
243,upi,MT86014995294S1T7,pending,2026-09-05 09:44:59.410876,2026-09-05 09:56:09,0,4,,,,,f91c8e0811a9e6d28d251c755c9c974eaeada377ef600ac62fed948070b2c80e,2.0,,,,,,,612776,,0,,,,
244,netbanking,MT86021762634T21S,pending,2026-09-05 09:56:16.159829,2026-09-05 10:16:17,0,4,,,,,6dd3a70ff34454b96053599b35c1f4e36701b11440942bd13e2a53752f085c75,2.0,,,,,,,623817,,0,,,,
245,COD,EXCHANGE-41-1788602603781,success,2026-09-05 10:03:23.790017,2026-09-05 10:03:23.790017,0,6,,,,,,,,,,,,,0,,0,,,,
246,WALLET,DUMMY-1788604797704-71758,success,2026-09-05 10:39:57.965169,2026-09-05 11:42:48,1,6,,,,,,2.0,,,,,,,514421,,0,,,,
247,COD,EXCHANGE-42-1788605614739,success,2026-09-05 10:53:34.744282,2026-09-05 10:53:34.744282,0,6,,,,,,,,,,,,,0,,0,,,,
248,WALLET,DUMMY-1788608568307-56396,success,2026-09-05 11:42:48.479028,2026-09-08 09:29:00,1,6,,,,,,2.0,,,,,,,514421,,0,,,,
249,WALLET,DUMMY-1788761889623-22298,success,2026-09-07 06:18:09.834089,2026-09-07 06:18:09.834089,1,6,,,,,2fd70691a8ed4b5d147dba06afb3552cb0da5651f4bc697cf4cb467ab89ac466,2.0,,,,,,,514421,,0,,,,
250,upi,,pending,2026-09-07 10:21:11.405840,2026-09-07 10:55:03,0,6,,,,,,2.0,,,,,,,514421,,0,,,,
251,WALLET,DUMMY-1788776483357-46294,success,2026-09-07 10:21:23.519270,2026-09-07 12:13:58,1,6,,,,,,2.0,,,,,,,514421,,0,,,,
252,WALLET,DUMMY-1788783238189-87569,success,2026-09-07 12:13:58.452318,2026-09-08 09:04:34,1,6,,,,,,2.0,,,,,,,514421,,0,,,,
253,WALLET,DUMMY-1788783652077-20959,success,2026-09-07 12:20:52.247528,2026-09-07 12:35:31,1,6,,,,,,2.0,,,,,,,213639,,0,,,,
254,upi,MT87881822174TV0Z,pending,2026-09-07 13:36:22.013218,2026-09-07 13:36:53,0,4,,,,,d0cbc6f5477eee2acf7cb52ef599eb7be0cebf250c298b8a2e53256be16411c4,2.0,,,,,,,98354,,0,,,,
255,WALLET,DUMMY-1788788198569-96434,success,2026-09-07 13:36:38.720242,2026-09-07 13:36:47,1,4,,,,,,2.0,,,,,,,98354,,0,,,,
256,WALLET,DUMMY-1788858274281-77015,success,2026-09-08 09:04:34.588500,2026-09-08 09:23:07,1,6,,,,,,2.0,,,,,,,514421,,0,,,,
257,WALLET,DUMMY-1788859628929-27812,success,2026-09-08 09:27:09.123816,2026-09-11 11:49:45,1,6,,,,,,2.0,,,,,,,136821,,0,,,,
258,WALLET,DUMMY-1788859697779-4272,success,2026-09-08 09:28:17.985484,2026-09-08 09:28:17.985484,1,6,,,,,964b722fe6cb05efc85d2750300cbf7119173bcaffbefea6001e41278ab141ca,2.0,,,,,,,136821,,0,,,,
259,WALLET,DUMMY-1788859740662-57898,success,2026-09-08 09:29:00.909600,2026-09-08 17:28:02,1,6,,,,,,2.0,,,,,,,514421,,0,,,,
260,WALLET,DUMMY-1788859847716-27156,success,2026-09-08 09:30:47.998952,2026-09-08 09:30:47.998952,1,6,,,,,efe72cea6ece6b3d7ad3c8b2be8e70909e4b2ea0d98a41723999576caadcdbea,2.0,,,,,,,194759,,0,,,,
261,WALLET,DUMMY-1788859867931-32276,success,2026-09-08 09:31:08.128887,2026-09-08 09:31:08.128887,1,6,,,,,dfbf5c113f742949fac3cfd878aa5a7008af61bda9298ec6432aaf3ae5d5fbba,2.0,,,,,,,194759,,0,,,,
262,WALLET,DUMMY-1788859963831-95346,success,2026-09-08 09:32:43.986610,2026-09-08 09:33:05,1,6,,,,,,2.0,,,,,,,213639,,0,,,,
263,upi,MT88643918229SGZ3,pending,2026-09-08 10:46:31.645688,2026-09-08 10:46:49,0,9,,,,,4dd72bf86f536c2c44bea2afe623a9191459184cb4797556649e41e733866992,2.0,,,,,,,2370090,,0,,,,
264,WALLET,DUMMY-1788864405232-25472,success,2026-09-08 10:46:45.482269,2026-09-08 10:46:45.482269,1,9,,,,,d1d8eab0909a93b6ebfff1cb6bcee81ce7c5af62ae80d698dbaa2158f5e334d7,2.0,,,,,,,2370090,,0,,,,
265,WALLET,DUMMY-1788865967975-99659,success,2026-09-08 11:12:48.159056,2026-09-08 11:12:48.159056,1,9,,,,,f0e6dcf0cfdc3298bd1c3a73b25952b26bafa7863d51d2f96dd5479d46ceb7ea,2.0,,,,,,,514422,,0,,,,
266,WALLET,DUMMY-1788869857754-79693,success,2026-09-08 12:17:37.996137,2026-09-08 12:17:37.996137,1,4,,,,,fc77dcbf4f3a47aa6f95cfb8389cb2290dfb770c9ff43a87156a70b325a766e1,2.0,,,,,,,100362,,0,,,,
267,WALLET,DUMMY-1788870545112-36965,success,2026-09-08 12:29:05.287929,2026-09-08 12:29:05.287929,1,4,,,,,62404de5f0c1be97a10aa4ab11f23c536f42539cb24dad2e453d13378c692d60,2.0,,,,,,,1193482,,0,,,,
268,WALLET,DUMMY-1788871807542-2876,success,2026-09-08 12:50:07.764584,2026-09-08 12:50:07.764584,1,4,,,,,d8af9f841750613ac20231a857433f27d50a68c28a62f3502833fa6ff3db4808,2.0,,,,,,,333210,,0,,,,
269,WALLET,DUMMY-1788888482470-5198,success,2026-09-08 17:28:02.682131,2026-09-08 17:49:03,1,6,,,,,,2.0,,,,,,,514421,,0,,,,
270,upi,MT89621907516FL6B,pending,2026-09-08 17:50:05.170700,2026-09-09 13:56:38,0,6,,,,,98d83bda38f83e854265591727a2983554311a9cac9a5ed903b2d8100f6ed5e1,2.0,,,,,,,514421,,0,,,,
271,WALLET,DUMMY-1788889814202-5338,success,2026-09-08 17:50:14.356627,2026-09-09 05:14:19,1,6,,,,,,2.0,,,,,,,514421,,0,,,,
272,WALLET,DUMMY-1788930859255-23614,success,2026-09-09 05:14:19.474341,2026-09-09 06:20:18,1,6,,,,,,2.0,,,,,,,514421,,0,,,,
273,WALLET,DUMMY-1788934818700-30246,success,2026-09-09 06:20:18.986207,2026-09-09 07:29:27,1,6,,,,,,2.0,,,,,,,514421,,0,,,,
274,COD,EXCHANGE-47-1788935606706,success,2026-09-09 06:33:26.708224,2026-09-09 06:33:26.708224,0,6,,,,,,,,,,,,,0,,0,,,,
275,upi,MT89370148924PWGI,pending,2026-09-09 06:56:54.764817,2026-09-09 06:57:02,0,4,,,,,fb3522d6b7ac0e0cd6f73353c92c678dd2631d3ca4f2462f089fceeadb602eb2,2.0,,,,,,,2370090,,0,,,,
276,WALLET,DUMMY-1788937048202-31721,success,2026-09-09 06:57:28.397826,2026-09-09 06:57:37,1,4,,,,,,2.0,,,,,,,2370090,,0,,,,
277,WALLET,DUMMY-1788938967926-17307,success,2026-09-09 07:29:28.157267,2026-09-09 07:37:48,1,6,,,,,,2.0,,,,,,,514421,,0,,,,
278,WALLET,DUMMY-1788940170258-97613,success,2026-09-09 07:49:30.483235,2026-09-09 07:49:30.483235,1,6,,,,,496f89d28dbd70466dc49d734045ad7ded6c34202a9b083ed3ac6dec2c8af000,2.0,,,,,,,213639,,0,,,,
279,WALLET,DUMMY-1788944377563-67425,success,2026-09-09 08:59:37.830888,2026-09-09 08:59:37.830888,1,6,,,,,4cfba4392f4232af4f5c05547ed02e08c622f2d825f78d5b308fdcbefd1be567,2.0,,,,,,,213639,,0,,,,
280,COD,EXCHANGE-50-1788944966405,success,2026-09-09 09:09:26.406773,2026-09-09 09:09:26.406773,0,6,,,,,,,,,,,,,0,,0,,,,
281,WALLET,DUMMY-1788947959354-69463,success,2026-09-09 09:59:19.565906,2026-09-09 09:59:19.565906,1,4,,,,,98a38427fe219e83aa49289b9021183a2cf2da0090367447cc80095f19f52ee7,2.0,,,,,,,3155050,,0,,,,
282,WALLET,DUMMY-1788949160416-86610,success,2026-09-09 10:19:20.622404,2026-09-09 11:50:54,1,6,,,,,,2.0,,,,,,,514421,,0,,,,
283,WALLET,DUMMY-1788951320293-30035,success,2026-09-09 10:55:20.513920,2026-09-09 11:39:02,1,6,,,,,,2.0,,,,,,,514421,,0,,,,
284,COD,EXCHANGE-52-1788951819505,success,2026-09-09 11:03:39.508341,2026-09-09 11:03:39.508341,0,6,,,,,,,,,,,,,0,,0,,,,
285,WALLET,DUMMY-1788952757665-91766,success,2026-09-09 11:19:17.902342,2026-09-09 11:19:17.902342,1,14,,,,,faf2788d1516704e862d9f85abf7b4256ead7bcea7343c225e853a2844500114,2.0,,,,,,,333209,,0,,,,
286,WALLET,DUMMY-1788953942098-33050,success,2026-09-09 11:39:02.581824,2026-09-11 11:15:27,1,6,,,,,,2.0,,,,,,,514421,,0,,,,
287,WALLET,DUMMY-1788954654611-58207,success,2026-09-09 11:50:54.836334,2026-09-09 12:20:33,1,6,,,,,,2.0,,,,,,,514421,,0,,,,
288,WALLET,DUMMY-1788956433073-95971,success,2026-09-09 12:20:33.284988,2026-09-09 13:56:14,1,6,,,,,,2.0,,,,,,,514421,,0,,,,
289,WALLET,DUMMY-1788962105275-85623,success,2026-09-09 13:55:05.554196,2026-09-09 13:55:29,1,6,,,,,,2.0,,,,,,,3155049,,0,,,,
290,upi,MT89621230806HCPW,pending,2026-09-09 13:55:22.733812,2026-09-09 13:55:43,0,6,,,,,4651ee6b42fbfbb0d1c017d2825d50b1cb61dccaceae2660047ea46d388f95d9,2.0,,,,,,,3155049,,0,,,,
291,WALLET,DUMMY-1788962128973-27322,success,2026-09-09 13:55:29.137349,2026-09-09 13:55:48,1,6,,,,,,2.0,,,,,,,3155049,,0,,,,
292,WALLET,DUMMY-1788962148333-66806,success,2026-09-09 13:55:48.486019,2026-09-09 13:55:48.486019,1,6,,,,,673c9cada002c5fd0fca48b32faf66385261a1fdd75250a1dc9a3bd0000260e4,2.0,,,,,,,3155049,,0,,,,
293,WALLET,DUMMY-1788962174284-75872,success,2026-09-09 13:56:14.537552,2026-09-09 13:57:05,1,6,,,,,,2.0,,,,,,,514421,,0,,,,
294,WALLET,DUMMY-1788962225813-39002,success,2026-09-09 13:57:06.027286,2026-09-09 13:57:24,1,6,,,,,,2.0,,,,,,,514421,,0,,,,
295,WALLET,DUMMY-1788962244914-45244,success,2026-09-09 13:57:25.045588,2026-09-10 05:47:53,1,6,,,,,,2.0,,,,,,,514421,,0,,,,
296,WALLET,DUMMY-1789019273528-90122,success,2026-09-10 05:47:53.787819,2026-09-10 06:11:19,1,6,,,,,,2.0,,,,,,,514421,,0,,,,
297,COD,EXCHANGE-54-1789019920103,success,2026-09-10 05:58:40.109106,2026-09-10 05:58:40.109106,0,6,,,,,,,,,,,,,0,,0,,,,
298,WALLET,DUMMY-1789020679063-70931,success,2026-09-10 06:11:19.299432,2026-09-10 09:19:58,1,6,,,,,,2.0,,,,,,,529171,,0,,,,
299,COD,EXCHANGE-55-1789021396315,success,2026-09-10 06:23:16.318603,2026-09-10 06:23:16.318603,0,6,,,,,,,,,,,,,0,,0,,,,
300,upi,MT90307926174LKER,pending,2026-09-10 08:59:52.487232,2026-09-10 09:19:53,0,4,,,,,1b52690e951471c06fbd305dd2d80a6813705893ceb9e949a6197f52011d7939,2.0,,,,,,,10774,,0,,,,
301,WALLET,DUMMY-1789030798705-47375,success,2026-09-10 08:59:58.923973,2026-09-10 08:59:58.923973,1,4,,,,,,2.0,,,,,,,10774,,0,,,,
302,WALLET,DUMMY-1789031998477-51537,success,2026-09-10 09:19:58.669114,2026-09-10 09:19:58.669114,1,6,,,,,,2.0,,,,,,,529171,,0,,,,
303,COD,EXCHANGE-56-1789032303376,success,2026-09-10 09:25:03.390427,2026-09-10 09:25:03.390427,0,6,,,,,,,,,,,,,0,,0,,,,
304,WALLET,DUMMY-1789032344734-99605,success,2026-09-10 09:25:44.917864,2026-09-10 09:25:44.917864,1,6,,,,,,2.0,,,,,,,529171,,0,,,,
305,WALLET,DUMMY-1789034632257-510,success,2026-09-10 10:03:52.429667,2026-09-10 10:03:52.429667,1,6,,,,,,2.0,,,,,,,529171,,0,,,,
306,upi,MT903806706220EFBH,pending,2026-09-10 11:01:06.947245,2026-09-10 11:01:21,0,20,,,,,1bf9fc814e88a6c51d31edab3a6ddc757a8f11ae9cd7a5bcf3fb2134ec8b0515,2.0,,,,,,,3155049,,0,,,,
307,WALLET,DUMMY-1789040614314-85387,success,2026-09-10 11:43:34.566719,2026-09-10 11:43:34.566719,1,6,,,,,,2.0,,,,,,,529171,,0,,,,
308,WALLET,DUMMY-1789042304070-65538,success,2026-09-10 12:11:44.235315,2026-09-10 12:11:44.235315,1,6,,,,,,2.0,,,,,,,529171,,0,,,,
309,WALLET,DUMMY-1789103741627-99621,success,2026-09-11 05:15:41.886859,2026-09-11 05:15:41.886859,1,6,,,,,,2.0,,,,,,,529171,,0,,,,
310,WALLET,DUMMY-1789104911285-63025,success,2026-09-11 05:35:11.506112,2026-09-11 05:35:11.506112,1,6,,,,,,2.0,,,,,,,529171,,0,,,,
311,WALLET,DUMMY-1789116589603-16638,success,2026-09-11 08:49:49.872050,2026-09-11 08:49:49.872050,1,6,,,,,,2.0,,,,,,,529171,,0,,,,
312,WALLET,DUMMY-1789119444968-45423,success,2026-09-11 09:37:25.151210,2026-09-11 09:37:25.151210,1,6,,,,,,2.0,,,,,,,529171,,0,,,,
313,COD,EXCHANGE-62-1789120281713,success,2026-09-11 09:51:21.712138,2026-09-11 09:51:21.712138,0,6,,,,,,,,,,,,,0,,0,,,,
314,WALLET,DUMMY-1789121028321-26578,success,2026-09-11 10:03:48.569033,2026-09-11 10:03:48.569033,1,6,,,,,,2.0,,,,,,,529171,,0,,,,
315,WALLET,DUMMY-1789121106200-74709,success,2026-09-11 10:05:06.439380,2026-09-11 10:05:06.439380,1,6,,,,,,2.0,,,,,,,529171,,0,,,,
316,card,MT91212335806Q9DA,pending,2026-09-11 10:07:13.426614,2026-09-11 10:18:15,0,6,,,,,cb3e395eb4eb74a02570e78b1b1a23c4a412201340eaea14e2346c5d38aa047f,2.0,,,,,,,541961,,0,,,,
317,WALLET,DUMMY-1789121242876-14449,success,2026-09-11 10:07:23.020893,2026-09-11 10:07:23.020893,1,6,,,,,,2.0,,,,,,,529171,,0,,,,
318,WALLET,DUMMY-1789121252912-32169,success,2026-09-11 10:07:33.063963,2026-09-11 10:07:33.063963,1,6,,,,,,2.0,,,,,,,529171,,0,,,,
319,WALLET,DUMMY-1789121272257-37424,success,2026-09-11 10:07:52.398522,2026-09-11 10:07:52.398522,1,6,,,,,,2.0,,,,,,,529171,,0,,,,
320,WALLET,DUMMY-1789121717433-49342,success,2026-09-11 10:15:17.654582,2026-09-11 10:15:17.654582,1,6,,,,,,2.0,,,,,,,529171,,0,,,,
321,WALLET,DUMMY-1789121951071-92117,success,2026-09-11 10:19:11.258101,2026-09-11 10:19:11.258101,1,6,,,,,,2.0,,,,,,,529171,,0,,,,
322,WALLET,DUMMY-1789121987121-36339,success,2026-09-11 10:19:47.255409,2026-09-11 10:19:47.255409,1,6,,,,,,2.0,,,,,,,529171,,0,,,,
323,WALLET,DUMMY-1789122972306-7210,success,2026-09-11 10:36:12.490091,2026-09-11 10:36:12.490091,1,6,,,,,,2.0,,,,,,,529171,,0,,,,
324,WALLET,DUMMY-1789125327410-52328,success,2026-09-11 11:15:27.672175,2026-09-11 11:15:27.672175,1,6,,,,,,2.0,,,,,,,529171,,0,,,,
325,COD,EXCHANGE-63-1789126771816,success,2026-09-11 11:39:31.816967,2026-09-11 11:39:31.816967,0,6,,,,,,,,,,,,,0,,0,,,,
326,WALLET,DUMMY-1789127112035-22652,success,2026-09-11 11:45:12.249586,2026-09-11 11:45:12.249586,1,6,,,,,,2.0,,,,,,,529171,,0,,,,
327,WALLET,DUMMY-1789127139344-57007,success,2026-09-11 11:45:39.529170,2026-09-11 11:45:39.529170,1,6,,,,,,2.0,,,,,,,529171,,0,,,,
328,WALLET,DUMMY-1789127162191-21387,success,2026-09-11 11:46:02.493369,2026-09-11 11:46:02.493369,1,6,,,,,,2.0,,,,,,,6042839,,0,,,,
329,WALLET,DUMMY-1789127175533-52509,success,2026-09-11 11:46:15.716985,2026-09-11 11:46:15.716985,1,6,,,,,,2.0,,,,,,,6042839,,0,,,,
330,WALLET,DUMMY-1789127291884-18357,success,2026-09-11 11:48:12.073307,2026-09-11 11:48:12.073307,1,6,,,,,,2.0,,,,,,,529171,,0,,,,
331,WALLET,DUMMY-1789127302365-14027,success,2026-09-11 11:48:22.564680,2026-09-11 11:48:22.564680,1,6,,,,,,2.0,,,,,,,529171,,0,,,,
332,WALLET,DUMMY-1789127353831-81753,success,2026-09-11 11:49:13.996933,2026-09-11 11:49:13.996933,1,6,,,,,,2.0,,,,,,,6042839,,0,,,,
333,WALLET,DUMMY-1789127385609-39242,success,2026-09-11 11:49:45.783558,2026-09-11 11:49:45.783558,1,6,,,,,,2.0,,,,,,,136821,,0,,,,
334,WALLET,DUMMY-1789127399788-19369,success,2026-09-11 11:49:59.963482,2026-09-11 11:49:59.963482,1,6,,,,,,2.0,,,,,,,136821,,0,,,,
335,WALLET,DUMMY-1789127960267-47224,success,2026-09-11 11:59:20.410620,2026-09-11 11:59:20.410620,1,6,,,,,,2.0,,,,,,,529171,,0,,,,
336,WALLET,DUMMY-1789135491548-24062,success,2026-09-11 14:04:51.734619,2026-09-11 14:04:51.734619,1,14,,,,,,2.0,,,,,,,6042839,,0,,,,
337,WALLET,DUMMY-1789449782809-87034,success,2026-09-15 05:23:03.040434,2026-09-15 05:23:03.040434,1,14,,,,,,2.0,,,,,,,43689,,0,,,,
338,WALLET,DUMMY-1789467555283-44266,success,2026-09-15 10:19:15.471825,2026-09-15 10:19:15.471825,1,6,,,,,,2.0,,,,,,,529171,,0,,,,
339,WALLET,DUMMY-1789469637610-65197,success,2026-09-15 10:53:57.900024,2026-09-15 10:53:57.900024,1,6,,,,,,2.0,,,,,,,529171,,0,,,,
340,WALLET,DUMMY-1789469697184-20462,success,2026-09-15 10:54:57.382368,2026-09-15 10:54:57.382368,1,6,,,,,,2.0,,,,,,,529171,,0,,,,
341,WALLET,DUMMY-1789471495122-48176,success,2026-09-15 11:24:55.307413,2026-09-15 11:24:55.307413,1,6,,,,,,2.0,,,,,,,529171,,0,,,,
342,WALLET,DUMMY-1789471522799-27406,success,2026-09-15 11:25:23.019617,2026-09-15 11:25:23.019617,1,6,,,,,,2.0,,,,,,,529171,,0,,,,
343,WALLET,DUMMY-1789471846631-24730,success,2026-09-15 11:30:46.845057,2026-09-15 11:30:46.845057,1,6,,,,,,2.0,,,,,,,529171,,0,,,,
