id,challan_no,challan_date,movement_type,status,order_id,reference_invoice_id,reference_invoice_no,reference_invoice_date,reference_return_id,supply_type,sub_supply_type,sub_supply_desc,doc_type,from_party_type,from_party_id,from_gstin,from_name,from_addr1,from_addr2,from_place,from_state,from_pincode,to_party_type,to_party_id,to_gstin,to_name,to_addr1,to_addr2,to_place,to_state,to_pincode,remarks,raw_context,created_at,updated_at,taxable_value_legacy,taxable_value,cgst_value_legacy,cgst_value,sgst_value_legacy,sgst_value,igst_value_legacy,igst_value,other_value_legacy,other_value,total_value_legacy,total_value
1,DCHL-2026-0001,2026-08-11,CUSTOMER_RETURN,ISSUED,71,125,SINV-2026-0049,2026-08-11,26,I,7,,CHL,CUSTOMER,9.0,29AWGPV7107B1Z1,Acme Solutions Private Limited,MG Road,Ashok Nagar,Pune,Karnataka,560001,HUB,,29AAGCB1286Q000,Infoproys Commerce Private Limited,"Office No 12, Tech Park Road","Phase 2, Business District",Bengaluru,Karnataka,560001,Customer return pickup for return #26,"{""orderId"": 71, ""invoiceNo"": ""SINV-2026-0049"", ""createdFrom"": ""ORDER"", ""movementType"": ""CUSTOMER_RETURN""}",2026-08-11 15:05:57.842466,2026-09-05 08:51:02.324228,14515.0,1451500,1306.35,130635,1306.35,130635,0.0,0,0.0,0,17127.7,1712770
2,DCHL-2026-0002,2026-08-19,CUSTOMER_RETURN,ISSUED,105,143,SINV-2026-0054,2026-08-19,27,I,7,,CHL,CUSTOMER,6.0,URP,Smita,Pune,Wakad,Pune,Maharashtra,411057,HUB,,29AAGCB1286Q000,Infoproys Commerce Private Limited,"Office No 12, Tech Park Road","Phase 2, Business District",Bengaluru,Karnataka,560001,Customer return pickup for return #27,"{""orderId"": 105, ""invoiceNo"": ""SINV-2026-0054"", ""taxSource"": ""CURRENT_ORDER_INVOICE"", ""createdFrom"": ""ORDER"", ""movementType"": ""CUSTOMER_RETURN"", ""taxSourceInvoiceNo"": ""SINV-2026-0054""}",2026-08-19 10:12:49.985381,2026-09-05 08:51:02.324228,1725.0,172500,0.0,0,0.0,0,310.5,31050,0.0,0,2035.5,203550
3,DCHL-2026-0003,2026-08-20,CUSTOMER_RETURN,ISSUED,97,139,SINV-2026-0052,2026-08-18,28,I,7,,CHL,CUSTOMER,4.0,29AWGPV7107B1Z1,kalyan Magar,Bengaluru,Bengaluru,Bangalore North,Karnataka,560001,HUB,,29AAGCB1286Q000,Infoproys Commerce Private Limited,"Office No 12, Tech Park Road","Phase 2, Business District",Bengaluru,Karnataka,560001,Customer return pickup for return #28,"{""orderId"": 97, ""invoiceNo"": ""SINV-2026-0052"", ""taxSource"": ""CURRENT_ORDER_INVOICE"", ""createdFrom"": ""ORDER"", ""movementType"": ""CUSTOMER_RETURN"", ""taxSourceInvoiceNo"": ""SINV-2026-0052""}",2026-08-20 05:41:05.792880,2026-09-05 08:51:02.324228,1478.0,147800,88.68,8868,88.68,8868,0.0,0,0.0,0,1655.36,165536
4,DCHL-2026-0004,2026-08-20,CUSTOMER_RETURN,ISSUED,110,151,SINV-2026-0055,2026-08-20,29,I,7,,CHL,CUSTOMER,4.0,29AWGPV7107B1Z1,kalyan Magar,Bengaluru,Bengaluru,Bangalore North,Karnataka,560001,HUB,,29AAGCB1286Q000,Infoproys Commerce Private Limited,"Office No 12, Tech Park Road","Phase 2, Business District",Bengaluru,Karnataka,560001,Customer return pickup for return #29,"{""orderId"": 110, ""invoiceNo"": ""SINV-2026-0055"", ""taxSource"": ""CURRENT_ORDER_INVOICE"", ""createdFrom"": ""ORDER"", ""movementType"": ""CUSTOMER_RETURN"", ""taxSourceInvoiceNo"": ""SINV-2026-0055""}",2026-08-20 13:21:16.110077,2026-09-05 08:51:02.324228,6344.0,634400,380.64,38064,380.64,38064,0.0,0,0.0,0,7105.28,710528
5,DCHL-2026-0005,2026-08-22,EXCHANGE_INBOUND,ISSUED,117,161,SINV-2026-0058,2026-08-21,31,I,7,,CHL,CUSTOMER,6.0,URP,Smita,Pune,Wakad,Pune,Maharashtra,411057,HUB,,29AAGCB1286Q000,Infoproys Commerce Private Limited,"Office No 12, Tech Park Road","Phase 2, Business District",Bengaluru,Karnataka,560001,Exchange old item pickup for exchange #31,"{""orderId"": 117, ""invoiceNo"": ""SINV-2026-0058"", ""taxSource"": ""CURRENT_ORDER_INVOICE"", ""createdFrom"": ""ORDER"", ""movementType"": ""EXCHANGE_INBOUND"", ""taxSourceInvoiceNo"": ""SINV-2026-0058""}",2026-08-22 06:38:32.961177,2026-09-05 08:51:02.324228,2075.0,207500,0.0,0,0.0,0,0.0,0,0.0,0,2075.0,207500
6,DCHL-2026-0006,2026-08-22,HUB_TO_VENDOR_RETURN,ISSUED,117,160,PINV-2026-0080,2026-08-21,32,O,8,Hub to vendor return,CHL,HUB,,29AAGCB1286Q000,Infoproys Commerce Private Limited,"Office No 12, Tech Park Road","Phase 2, Business District",Bengaluru,Karnataka,560001,VENDOR,5.0,27AABCT1234F1Z5,Infoprosys,Wakad,,Haveli,Maharashtra,411057,Hub to vendor return for RET-2026-000032,"{""orderId"": 117, ""invoiceNo"": ""PINV-2026-0080"", ""taxSource"": ""PURCHASE_INVOICE"", ""returnCode"": ""RET-2026-000032"", ""createdFrom"": ""HUB_RETURN_RTV"", ""hubReturnId"": 32, ""movementType"": ""HUB_TO_VENDOR_RETURN"", ""sourceScenario"": ""EXCHANGE"", ""returnRequestId"": 31}",2026-08-22 06:42:31.922489,2026-09-05 08:51:02.324228,1725.0,172500,0.0,0,0.0,0,0.0,0,0.0,0,1725.0,172500
7,DCHL-2026-0007,2026-08-22,EXCHANGE_REPLACEMENT,ISSUED,120,169,SINV-2026-0060,2026-08-22,32,O,8,Exchange replacement,CHL,HUB,,29AAGCB1286Q000,Infoproys Commerce Private Limited,"Office No 12, Tech Park Road","Phase 2, Business District",Bengaluru,Karnataka,560001,CUSTOMER,6.0,URP,Smita,Pune,Wakad,Pune,Maharashtra,411057,Exchange replacement outbound for exchange #32,"{""orderId"": 120, ""invoiceNo"": ""SINV-2026-0060"", ""taxSource"": ""CURRENT_ORDER_INVOICE"", ""createdFrom"": ""ORDER"", ""movementType"": ""EXCHANGE_REPLACEMENT"", ""taxSourceInvoiceNo"": ""SINV-2026-0060""}",2026-08-22 06:50:40.581532,2026-09-05 08:51:02.324228,2075.0,207500,0.0,0,0.0,0,0.0,0,0.0,0,2075.0,207500
8,DC-260826-174237,2026-08-26,HUB_TO_VENDOR_RETURN,ISSUED,163,184,PINV-2026-0092,2026-08-26,36,O,8,Hub to vendor return,CHL,HUB,,29AAGCB1286Q000,Infoproys Commerce Private Limited,"Office No 12, Tech Park Road","Phase 2, Business District",Bengaluru,Karnataka,560001,VENDOR,5.0,27AABCT1234F1Z5,Infoprosys,Wakad,,Haveli,Maharashtra,411057,Hub to vendor return for RET-2026-000036,"{""orderId"": 163, ""invoiceNo"": ""PINV-2026-0092"", ""taxSource"": ""PURCHASE_INVOICE"", ""returnCode"": ""RET-2026-000036"", ""createdFrom"": ""HUB_RETURN_RTV"", ""hubReturnId"": 36, ""movementType"": ""HUB_TO_VENDOR_RETURN"", ""sourceScenario"": ""RETURN"", ""returnRequestId"": 36}",2026-08-26 17:42:37.189855,2026-09-05 08:51:02.324228,1725.0,172500,0.0,0,0.0,0,0.0,0,0.0,0,1725.0,172500
9,DC-260826-182725,2026-08-26,EXCHANGE_INBOUND,ISSUED,165,191,SINV-2026-0067,2026-08-26,38,I,7,,CHL,CUSTOMER,8.0,URP,kalyan magar,Wakad,Pune,Haveli,Maharashtra,411057,HUB,,29AAGCB1286Q000,Infoproys Commerce Private Limited,"Office No 12, Tech Park Road","Phase 2, Business District",Bengaluru,Karnataka,560001,Exchange old item pickup for exchange #38,"{""orderId"": 165, ""invoiceNo"": ""SINV-2026-0067"", ""taxSource"": ""CURRENT_ORDER_INVOICE"", ""createdFrom"": ""ORDER"", ""movementType"": ""EXCHANGE_INBOUND"", ""taxSourceInvoiceNo"": ""SINV-2026-0067""}",2026-08-26 18:27:25.179525,2026-09-05 08:51:02.324228,2075.0,207500,0.0,0,0.0,0,0.0,0,0.0,0,2075.0,207500
10,DC-260904-091114,2026-09-04,HUB_TO_VENDOR_RETURN,ISSUED,268,239,PINV-2026-0124,2026-09-04,42,O,8,Hub to vendor return,CHL,HUB,,URP,Infoproys Commerce Private Limited,"Office No 12, Tech Park Road","Phase 2, Business District",Bengaluru,Karnataka,560001,VENDOR,7.0,27AABCN4587K1Z5,Nexora Industrial solution pvt. Ltd,"Wakad, Pune",,Pune,Maharashtra,441057,Hub to vendor return for RET-2026-000042,"{""orderId"": 268, ""invoiceNo"": ""PINV-2026-0124"", ""taxSource"": ""PURCHASE_INVOICE"", ""returnCode"": ""RET-2026-000042"", ""createdFrom"": ""HUB_RETURN_RTV"", ""hubReturnId"": 42, ""movementType"": ""HUB_TO_VENDOR_RETURN"", ""sourceScenario"": ""RETURN"", ""returnRequestId"": 40}",2026-09-04 09:11:14.023223,2026-09-05 08:51:02.324228,1490.0,149000,0.0,0,0.0,0,0.0,0,0.0,0,1490.0,149000
11,DC-260905-102700,2026-09-05,EXCHANGE_INBOUND,ISSUED,273,252,SINV-2026-0085,2026-09-05,41,I,7,,CHL,CUSTOMER,6.0,URP,Smita,Pune,Wakad,Haveli,Maharashtra,411057,HUB,,URP,Infoproys Commerce Private Limited,"Office No 12, Tech Park Road","Phase 2, Business District",Bengaluru,Karnataka,560001,Exchange old item pickup for exchange #41,"{""orderId"": 273, ""invoiceNo"": ""SINV-2026-0085"", ""taxSource"": ""CURRENT_ORDER_INVOICE"", ""createdFrom"": ""ORDER"", ""movementType"": ""EXCHANGE_INBOUND"", ""taxSourceInvoiceNo"": ""SINV-2026-0085""}",2026-09-05 10:27:00.296139,2026-09-05 10:27:00.296139,,427400,,0,,0,,0,,0,,427400
12,DC-260909-103154,2026-09-09,CUSTOMER_RETURN,ISSUED,319,282,SINV-2026-0096,2026-09-09,51,I,7,,CHL,CUSTOMER,6.0,URP,Smita,Pune,Wakad,Haveli,Maharashtra,411057,HUB,,URP,Infoproys Commerce Private Limited,"Office No 12, Tech Park Road","Phase 2, Business District",Bengaluru,Karnataka,560001,Customer return pickup for return #51,"{""orderId"": 319, ""invoiceNo"": ""SINV-2026-0096"", ""taxSource"": ""CURRENT_ORDER_INVOICE"", ""createdFrom"": ""ORDER"", ""movementType"": ""CUSTOMER_RETURN"", ""taxSourceInvoiceNo"": ""SINV-2026-0096""}",2026-09-09 10:31:54.525641,2026-09-09 10:31:54.525641,,427400,,0,,0,,0,,0,,427400
13,DC-260909-113647,2026-09-09,HUB_TO_VENDOR_RETURN,ISSUED,320,285,PINV-2026-0147,2026-09-09,53,O,8,Hub to vendor return,CHL,HUB,,URP,Infoproys Commerce Private Limited,"Office No 12, Tech Park Road","Phase 2, Business District",Bengaluru,Karnataka,560001,VENDOR,7.0,27AABCN4587K1Z5,Nexora Industrial solution pvt. Ltd,"Wakad, Pune",,Pune,Maharashtra,441057,Hub to vendor return for RET-2026-000053,"{""orderId"": 320, ""invoiceNo"": ""PINV-2026-0147"", ""taxSource"": ""PURCHASE_INVOICE"", ""returnCode"": ""RET-2026-000053"", ""createdFrom"": ""HUB_RETURN_RTV"", ""hubReturnId"": 53, ""movementType"": ""HUB_TO_VENDOR_RETURN"", ""sourceScenario"": ""EXCHANGE"", ""returnRequestId"": 52}",2026-09-09 11:36:47.880779,2026-09-09 11:36:47.880779,,414900,,0,,0,,0,,0,,414900
14,DC-260910-055532,2026-09-10,EXCHANGE_INBOUND,ISSUED,333,294,SINV-2026-0100,2026-09-10,54,I,7,,CHL,CUSTOMER,6.0,URP,Smita,Pune,Wakad,Haveli,Maharashtra,411057,HUB,,URP,Infoproys Commerce Private Limited,"Office No 12, Tech Park Road","Phase 2, Business District",Bengaluru,Karnataka,560001,Exchange old item pickup for exchange #54,"{""orderId"": 333, ""invoiceNo"": ""SINV-2026-0100"", ""taxSource"": ""CURRENT_ORDER_INVOICE"", ""createdFrom"": ""ORDER"", ""movementType"": ""EXCHANGE_INBOUND"", ""taxSourceInvoiceNo"": ""SINV-2026-0100""}",2026-09-10 05:55:32.315471,2026-09-10 05:55:32.315471,,427400,,0,,0,,0,,0,,427400
15,DC-260910-060309,2026-09-10,EXCHANGE_INBOUND,ISSUED,333,294,SINV-2026-0100,2026-09-10,54,I,7,,CHL,CUSTOMER,6.0,URP,Smita,Pune,Wakad,Haveli,Maharashtra,411057,HUB,,URP,Infoproys Commerce Private Limited,"Office No 12, Tech Park Road","Phase 2, Business District",Bengaluru,Karnataka,560001,Exchange old item pickup for exchange #54,"{""orderId"": 333, ""invoiceNo"": ""SINV-2026-0100"", ""taxSource"": ""CURRENT_ORDER_INVOICE"", ""createdFrom"": ""ORDER"", ""movementType"": ""EXCHANGE_INBOUND"", ""taxSourceInvoiceNo"": ""SINV-2026-0100""}",2026-09-10 06:03:09.766924,2026-09-10 06:03:09.766924,,427400,,0,,0,,0,,0,,427400
16,DC-260910-060346,2026-09-10,EXCHANGE_REPLACEMENT,ISSUED,334,296,SINV-2026-0101,2026-09-10,54,O,8,Exchange replacement,CHL,HUB,,URP,Infoproys Commerce Private Limited,"Office No 12, Tech Park Road","Phase 2, Business District",Bengaluru,Karnataka,560001,CUSTOMER,6.0,URP,Smita,Pune,Wakad,Haveli,Maharashtra,411057,Exchange replacement outbound for exchange #54,"{""orderId"": 334, ""invoiceNo"": ""SINV-2026-0101"", ""taxSource"": ""CURRENT_ORDER_INVOICE"", ""createdFrom"": ""ORDER"", ""movementType"": ""EXCHANGE_REPLACEMENT"", ""taxSourceInvoiceNo"": ""SINV-2026-0101""}",2026-09-10 06:03:46.457565,2026-09-10 06:03:46.457565,,427400,,0,,0,,0,,0,,427400
17,DC-260910-060435,2026-09-10,EXCHANGE_INBOUND,ISSUED,333,294,SINV-2026-0100,2026-09-10,54,I,7,,CHL,CUSTOMER,6.0,URP,Smita,Pune,Wakad,Haveli,Maharashtra,411057,HUB,,URP,Infoproys Commerce Private Limited,"Office No 12, Tech Park Road","Phase 2, Business District",Bengaluru,Karnataka,560001,Exchange old item pickup for exchange #54,"{""orderId"": 333, ""invoiceNo"": ""SINV-2026-0100"", ""taxSource"": ""CURRENT_ORDER_INVOICE"", ""createdFrom"": ""ORDER"", ""movementType"": ""EXCHANGE_INBOUND"", ""taxSourceInvoiceNo"": ""SINV-2026-0100""}",2026-09-10 06:04:35.438407,2026-09-10 06:04:35.438407,,427400,,0,,0,,0,,0,,427400
18,DC-260910-060456,2026-09-10,EXCHANGE_REPLACEMENT,ISSUED,334,296,SINV-2026-0101,2026-09-10,54,O,8,Exchange replacement,CHL,HUB,,URP,Infoproys Commerce Private Limited,"Office No 12, Tech Park Road","Phase 2, Business District",Bengaluru,Karnataka,560001,CUSTOMER,6.0,URP,Smita,Pune,Wakad,Haveli,Maharashtra,411057,Exchange replacement outbound for exchange #54,"{""orderId"": 334, ""invoiceNo"": ""SINV-2026-0101"", ""taxSource"": ""CURRENT_ORDER_INVOICE"", ""createdFrom"": ""ORDER"", ""movementType"": ""EXCHANGE_REPLACEMENT"", ""taxSourceInvoiceNo"": ""SINV-2026-0101""}",2026-09-10 06:04:56.577200,2026-09-10 06:04:56.577200,,427400,,0,,0,,0,,0,,427400
