id,payment_id,order_id,amount_allocated_legacy,amount_allocated
1,1,1,1947.59,194759
2,2,2,1947.59,194759
3,3,3,1947.59,194759
4,4,4,1947.59,194759
5,6,6,1947.59,194759
6,7,7,5640.99,564099
7,8,8,1947.59,194759
8,9,9,1421.77,142177
9,10,10,1396.6,139660
10,11,11,1947.59,194759
11,12,12,1947.59,194759
12,13,13,1947.59,194759
13,15,15,1421.76,142176
14,16,16,1947.59,194759
15,17,17,1947.59,194759
16,18,18,1421.76,142176
17,19,19,1982.68,198268
18,20,20,1421.77,142177
19,21,21,1421.77,142177
20,22,22,1947.59,194759
21,23,23,1421.76,142176
22,24,24,1947.59,194759
23,27,27,1421.76,142176
24,28,28,1421.77,142177
25,30,30,1947.59,194759
26,31,31,1947.59,194759
27,33,33,1421.76,142176
28,35,35,1947.59,194759
29,37,37,1421.77,142177
30,38,38,1421.77,142177
31,39,39,1421.77,142177
32,40,40,1396.6,139660
33,41,41,1421.76,142176
34,43,43,1421.76,142176
35,45,45,1421.77,142177
36,46,46,1947.59,194759
37,46,47,2136.39,213639
38,46,48,983.53,98353
39,47,49,2136.39,213639
40,48,50,2136.39,213639
41,49,51,983.53,98353
42,50,52,2136.39,213639
43,51,53,983.53,98353
44,53,55,983.53,98353
45,54,56,1396.6,139660
46,55,57,1947.59,194759
47,56,58,983.53,98353
48,57,59,2136.39,213639
49,58,60,1947.59,194759
50,59,61,2136.39,213639
51,60,62,2136.39,213639
52,61,63,2136.39,213639
53,62,64,2136.39,213639
54,63,65,2136.39,213639
55,64,66,2136.39,213639
56,65,67,466.44,46644
57,66,68,466.44,46644
58,67,69,466.44,46644
59,68,70,2136.4,213640
60,69,71,17228.58,1722858
61,70,72,2174.88,217488
62,71,73,12149.87,1214987
63,72,74,2136.39,213639
64,73,75,2136.39,213639
65,74,76,1368.21,136821
66,75,77,1368.21,136821
67,76,78,1368.21,136821
68,77,79,1368.21,136821
69,78,80,1368.21,136821
70,79,81,7268.75,726875
71,79,82,6804.69,680469
72,80,83,1787.9,178790
73,81,84,1001.24,100124
74,82,85,1001.24,100124
75,83,86,1421.77,142177
76,84,87,1368.21,136821
77,85,88,1001.26,100126
78,86,89,6804.71,680471
79,87,90,466.44,46644
80,88,91,1932.84,193284
81,89,92,2174.9,217490
82,89,93,6804.71,680471
83,90,94,534.84,53484
84,91,95,1966.92,196692
85,92,96,1966.92,196692
86,92,97,1787.9,178790
87,93,98,1001.26,100126
88,94,99,1231.49,123149
89,94,100,534.84,53484
90,94,101,1367.19,136719
91,94,102,1966.92,196692
92,95,103,1001.26,100126
93,95,104,534.84,53484
94,96,105,2136.39,213639
95,97,106,60074.39,6007439
96,98,107,1514.7,151470
97,99,108,1368.21,136821
98,100,109,60428.39,6042839
99,101,110,7336.02,733602
100,102,111,60428.39,6042839
101,103,112,1368.21,136821
102,104,113,1368.21,136821
103,105,114,1368.21,136821
104,106,115,2595.33,259533
105,107,116,2595.33,259533
106,108,117,2595.33,259533
107,109,118,2595.33,259533
108,113,122,985.9,98590
109,114,123,2595.33,259533
110,115,124,1003.65,100365
111,116,125,2595.33,259533
112,117,126,6420.47,642047
113,118,127,6765.93,676593
114,118,128,1001.26,100126
115,119,129,1421.77,142177
116,120,130,1367.19,136719
117,120,131,7268.75,726875
118,121,132,1966.92,196692
119,121,133,1867.72,186772
120,122,134,1966.92,196692
121,122,135,1867.72,186772
122,123,136,1867.72,186772
123,123,137,7560.65,756065
124,123,138,631.27,63127
125,123,139,1392.87,139287
126,123,140,1131.17,113117
127,123,141,9138.09,913809
128,124,142,7336.02,733602
129,125,143,1867.72,186772
130,125,144,7560.65,756065
131,126,145,1421.77,142177
132,127,146,439.07,43907
133,128,147,2595.33,259533
134,130,149,2595.33,259533
135,131,150,61517.26,6151726
136,131,151,7336.02,733602
137,132,152,1021.71,102171
138,133,153,1021.71,102171
139,134,154,439.07,43907
140,135,155,104.08,10408
141,136,156,1867.72,186772
142,137,157,1.36,136
143,138,158,1.34,134
144,139,159,60327.5,6032750
145,140,160,1.34,134
146,141,161,1.34,134
147,142,162,1.34,134
148,143,163,2448.5,244850
149,144,164,2448.5,244850
150,145,165,2448.5,244850
151,147,167,1.36,136
152,148,168,10701.6,1070160
153,149,169,5373.72,537372
154,153,173,1.34,134
155,154,174,1.37,137
156,158,178,1.34,134
157,158,179,6277.6,627760
158,159,180,1.34,134
159,160,181,1.36,136
160,161,182,17436.32,1743632
161,162,183,17127.7,1712770
162,163,184,5470.56,547056
163,164,185,5373.72,537372
164,164,186,902.72,90272
165,165,187,5503.61,550361
166,165,188,924.53,92453
167,166,189,5470.56,547056
168,166,190,918.98,91898
169,167,191,1.36,136
170,168,192,1.37,137
171,168,193,7503.0,750300
172,169,194,1.37,137
173,170,195,104.71,10471
174,171,196,102.24,10224
175,172,197,60428.39,6042839
176,173,198,1003.62,100362
177,174,199,1368.21,136821
178,175,200,2595.33,259533
179,176,201,3332.09,333209
180,177,202,3332.09,333209
181,178,203,102.23,10223
182,179,204,102.23,10223
183,180,205,2549.39,254939
184,181,206,2549.39,254939
185,182,207,102.24,10224
186,183,208,2549.4,254940
187,183,209,102.24,10224
188,184,210,2549.4,254940
189,185,211,104.08,10408
190,186,212,102.23,10223
191,187,213,1994.66,199466
192,188,214,1368.21,136821
193,189,215,2136.39,213639
194,190,216,1368.21,136821
195,191,217,102.24,10224
196,192,218,2136.39,213639
197,193,219,443.62,44362
198,193,220,102.24,10224
199,194,221,102.23,10223
200,195,222,2188.03,218803
201,196,223,2611.02,261102
202,196,224,454.35,45435
203,196,225,104.71,10471
204,197,226,2595.33,259533
205,197,227,451.61,45161
206,197,228,104.08,10408
207,198,229,1007.31,100731
208,199,230,1001.26,100126
209,199,231,104.08,10408
210,200,232,3862.66,386266
211,200,233,4247.07,424707
212,200,234,2683.03,268303
213,201,235,443.61,44361
214,202,236,104.7,10470
215,203,237,10802.49,1080249
216,204,238,1947.59,194759
217,205,239,1368.21,136821
218,206,240,102.23,10223
219,207,241,102.23,10223
220,208,242,2549.4,254940
221,209,243,1368.22,136822
222,210,244,2136.39,213639
223,211,245,107.72,10772
224,212,246,107.72,10772
225,213,247,1368.21,136821
226,214,248,443.61,44361
227,214,249,107.72,10772
228,215,250,1368.21,136821
229,216,251,2136.39,213639
230,217,252,2549.39,254939
231,218,253,1947.59,194759
232,219,254,107.74,10774
233,220,255,10802.49,1080249
234,221,256,10802.49,1080249
235,222,257,3332.09,333209
236,223,258,3332.09,333209
237,224,259,107.74,10774
238,225,260,443.62,44362
239,226,261,443.62,44362
240,227,262,443.61,44361
241,228,263,107.72,10772
242,229,264,34320.89,3432089
243,230,265,23700.89,2370089
244,231,266,23700.89,2370089
245,232,267,2549.4,254940
246,233,268,1947.59,194759
247,234,269,1368.21,136821
248,235,270,1947.59,194759
249,236,271,34320.89,3432089
250,237,272,23700.89,2370089
251,238,273,5144.21,514421
252,239,274,5144.22,514422
253,240,275,5236.91,523691
254,241,276,5268.55,526855
255,242,277,,514422
256,243,278,,98354
257,243,279,,514422
258,244,280,,100126
259,244,281,,523691
260,246,283,,514421
261,248,285,,514421
262,249,286,,514421
263,250,287,,514421
264,251,288,,514421
265,252,289,,514421
266,253,290,,213639
267,254,291,,98354
268,255,292,,98354
269,256,293,,514421
270,257,294,,136821
271,258,295,,136821
272,259,296,,514421
273,260,297,,194759
274,261,298,,194759
275,262,299,,213639
276,263,300,,2370090
277,264,301,,2370090
278,265,302,,514422
279,266,303,,100362
280,267,304,,1193482
281,268,305,,333210
282,269,306,,514421
283,270,307,,514421
284,271,308,,514421
285,272,309,,514421
286,273,310,,514421
287,275,312,,2370090
288,276,313,,2370090
289,277,314,,514421
290,278,315,,213639
291,279,316,,213639
292,281,318,,3155050
293,282,319,,514421
294,283,320,,514421
295,285,322,,333209
296,286,323,,514421
297,287,324,,514421
298,288,325,,514421
299,289,326,,3155049
300,290,327,,3155049
301,291,328,,3155049
302,292,329,,3155049
303,293,330,,514421
304,294,331,,514421
305,295,332,,514421
306,296,333,,514421
307,298,335,,529171
308,300,337,,10774
309,301,338,,10774
310,302,339,,529171
311,304,341,,529171
312,305,342,,529171
313,306,343,,3155049
314,307,344,,529171
315,308,345,,529171
316,309,346,,529171
317,310,347,,529171
318,311,348,,529171
319,312,349,,529171
320,314,351,,529171
321,315,352,,529171
322,316,353,,541961
323,317,354,,529171
324,318,355,,529171
325,319,356,,529171
326,320,357,,529171
327,321,358,,529171
328,322,359,,529171
329,323,360,,529171
330,324,361,,529171
331,326,363,,529171
332,327,364,,529171
333,328,365,,6042839
334,329,366,,6042839
335,330,367,,529171
336,331,368,,529171
337,332,369,,6042839
338,333,370,,136821
339,334,371,,136821
340,335,372,,529171
341,336,373,,6042839
342,337,374,,43689
343,338,375,,529171
344,339,376,,529171
345,340,377,,529171
346,341,378,,529171
347,342,379,,529171
348,343,380,,529171
